0 2382 1
0 3026 1
0 230 1
0 3652 1
0 4422 1
0 3829 1
0 1712 1
0 2740 1
0 3667 1
0 1521 1
0 4122 1
0 1505 1
0 3832 1
0 2935 1
0 4275 1
0 4001 1
0 1540 1
0 3452 1
0 3972 1
0 2131 1
0 2987 1
0 2777 1
0 3291 1
0 4670 1
0 4481 1
0 1616 1
0 375 1
0 3197 1
0 2577 1
0 1886 1
0 3831 1
0 1073 1
0 1835 1
1 2519 1
8 2153 1
8 2956 1
8 2573 1
8 501 1
8 467 1
8 3543 1
8 3787 1
8 284 1
8 3567 1
14 3511 1
14 1892 1
14 4557 1
14 3831 1
14 3747 1
14 1610 1
14 522 1
14 1578 1
14 3403 1
14 4242 1
14 3864 1
14 1553 1
14 3077 1
14 2364 1
14 4024 1
14 4176 1
14 893 1
14 1299 1
14 4422 1
14 3270 1
14 1151 1
14 1896 1
14 2519 1
14 1550 1
14 1540 1
14 2180 1
23 893 1
23 2697 1
23 1540 1
23 2092 1
23 3534 1
23 1285 1
23 2920 1
23 2305 1
23 4422 1
23 4744 1
23 4548 1
23 3972 1
23 2039 1
23 997 1
25 1735 1
25 3615 1
25 4542 1
25 3197 1
25 2881 1
25 893 1
25 2251 1
29 3972 1
30 3329 1
30 3196 1
30 2577 1
30 4422 1
30 671 1
30 1954 1
33 1540 1
33 2311 1
33 3197 1
37 2200 1
37 2493 1
37 1575 1
37 3273 1
37 4080 1
37 4339 1
37 3569 1
37 2681 1
37 3170 1
37 1977 1
37 2164 1
37 4395 1
37 2333 1
37 475 1
37 552 1
37 4141 1
37 2542 1
37 3196 1
37 1169 1
37 606 1
37 622 1
37 4021 1
47 3999 1
47 2447 1
47 78 1
47 2277 1
47 658 1
47 1285 1
47 1540 1
47 483 1
47 3026 1
47 1135 1
47 3197 1
47 3498 1
47 1169 1
47 3210 1
47 1274 1
47 3495 1
47 975 1
47 2822 1
47 132 1
47 3786 1
47 137 1
47 378 1
47 3150 1
47 1252 1
47 1635 1
47 1123 1
49 378 1
49 2577 1
49 127 1
49 27 1
49 4422 1
49 1134 1
49 2462 1
54 3378 1
54 2735 1
54 2393 1
54 3450 1
58 2365 1
58 4233 1
60 2250 1
60 870 1
60 4153 1
62 3489 1
64 2789 1
64 468 1
64 2305 1
64 710 1
64 350 1
64 2748 1
64 299 1
64 3664 1
64 3667 1
67 3667 1
67 1238 1
70 1578 1
70 1886 1
70 353 1
70 4491 1
70 4631 1
70 1540 1
70 3718 1
73 2666 1
75 750 1
75 3534 1
75 3867 1
75 4548 1
75 2079 1
75 4422 1
75 1825 1
76 4443 1
78 3196 1
80 4756 1
80 977 1
80 1122 1
80 4192 1
80 3399 1
80 1253 1
80 18 1
80 27 1
80 3469 1
80 419 1
80 4720 1
80 3385 1
80 3960 1
80 2981 1
80 2748 1
80 1968 1
80 874 1
80 282 1
80 1703 1
80 760 1
80 1096 1
80 678 1
80 2584 1
80 1506 1
80 3972 1
80 1763 1
80 1041 1
80 3801 1
80 1578 1
80 931 1
80 783 1
80 3154 1
80 3522 1
80 247 1
80 4422 1
80 1610 1
80 4553 1
80 4171 1
86 3329 1
86 3770 1
86 2105 1
86 2586 1
86 1683 1
86 28 1
86 1077 1
86 2459 1
88 2372 1
88 1902 1
88 1825 1
88 2612 1
88 2577 1
88 1954 1
93 1077 1
93 2308 1
93 2148 1
93 893 1
93 24 1
93 3378 1
93 4460 1
94 3543 1
94 4467 1
94 1540 1
94 2273 1
94 2153 1
94 2148 1
94 4104 1
94 282 1
94 2577 1
94 4422 1
94 3613 1
98 2339 1
98 4029 1
98 3904 1
98 2116 1
98 3545 1
98 4324 1
99 2577 1
99 1578 1
99 1324 1
99 1238 1
102 364 1
102 3241 1
102 4401 1
102 765 1
102 2578 1
102 340 1
102 4670 1
102 2342 1
102 3713 1
102 3534 1
102 4423 1
102 2881 1
102 24 1
102 2920 1
102 2987 1
109 183 1
109 3274 1
109 3536 1
109 3805 1
109 436 1
109 4405 1
109 256 1
109 893 1
109 569 1
109 1917 1
109 4423 1
109 2735 1
109 3396 1
109 1166 1
109 4107 1
109 4491 1
109 733 1
109 1763 1
109 3534 1
109 2092 1
109 3890 1
109 1476 1
109 331 1
109 234 1
109 3857 1
109 1624 1
109 4460 1
109 1492 1
109 1606 1
109 2987 1
109 540 1
109 4548 1
109 4313 1
109 4720 1
109 1810 1
109 4584 1
109 537 1
109 3164 1
109 1950 1
109 1314 1
109 3788 1
109 3197 1
109 2757 1
109 3795 1
109 4422 1
109 2315 1
109 3241 1
109 4000 1
109 2251 1
109 3811 1
109 79 1
109 3489 1
109 753 1
109 3865 1
109 1598 1
109 4552 1
109 628 1
109 985 1
109 3044 1
110 377 1
110 2854 1
110 24 1
110 2092 1
110 3197 1
110 2770 1
110 1566 1
110 1236 1
110 3077 1
111 4659 1
111 3260 1
111 3526 1
111 3385 1
111 1196 1
111 1764 1
111 1318 1
111 27 1
111 75 1
111 1300 1
111 2333 1
112 522 1
112 1110 1
112 1156 1
112 1285 1
112 2996 1
112 2358 1
112 907 1
112 3154 1
112 4022 1
112 2223 1
112 375 1
112 3495 1
112 1396 1
112 4423 1
112 2197 1
112 523 1
112 3713 1
112 2577 1
112 1499 1
112 1765 1
112 3057 1
112 3399 1
112 421 1
112 1293 1
112 1733 1
112 2780 1
112 4690 1
112 2382 1
112 4383 1
112 3921 1
112 862 1
112 4757 1
112 1359 1
112 3860 1
112 3492 1
112 821 1
116 3064 1
116 1348 1
116 2382 1
116 3972 1
116 2741 1
116 164 1
116 67 1
116 3300 1
116 2251 1
116 3197 1
116 29 1
116 3534 1
116 3378 1
116 4039 1
116 691 1
116 3871 1
116 2253 1
116 2577 1
116 4665 1
116 1355 1
116 4306 1
116 2448 1
116 906 1
116 505 1
116 2282 1
116 1880 1
116 4748 1
116 4345 1
116 3241 1
116 1139 1
116 4401 1
116 623 1
116 4670 1
116 1523 1
116 1429 1
116 653 1
116 816 1
116 4562 1
116 2578 1
116 4465 1
116 2748 1
116 3426 1
116 802 1
120 3566 1
120 1273 1
120 3544 1
120 1285 1
120 790 1
120 1096 1
127 1638 1
127 4347 1
127 2092 1
127 2484 1
127 247 1
127 2686 1
127 1179 1
129 790 1
129 2163 1
132 4422 1
132 3871 1
132 3197 1
132 3818 1
132 1578 1
132 728 1
132 3569 1
132 4423 1
132 1733 1
132 116 1
132 2518 1
132 1179 1
132 1784 1
132 622 1
132 522 1
132 2092 1
132 2616 1
132 2681 1
132 2577 1
132 1540 1
134 4512 1
134 3254 1
135 291 1
135 989 1
135 1668 1
135 4001 1
135 1285 1
135 2268 1
135 4346 1
135 3197 1
135 2881 1
135 2298 1
135 1139 1
135 2763 1
135 4678 1
135 2031 1
135 1568 1
135 1760 1
135 3871 1
135 637 1
135 3300 1
135 3143 1
135 2748 1
135 2382 1
135 816 1
135 3559 1
135 2164 1
135 4081 1
135 2802 1
135 3152 1
135 183 1
135 1113 1
135 2689 1
135 1937 1
136 3667 1
136 4159 1
136 3291 1
136 3811 1
136 2464 1
136 2569 1
136 3411 1
136 2605 1
136 3246 1
136 4524 1
139 2293 1
139 3505 1
139 2308 1
139 4422 1
139 1540 1
144 3811 1
144 3196 1
144 4401 1
144 720 1
144 4380 1
144 24 1
144 4744 1
145 4009 1
145 1540 1
145 3614 1
145 3967 1
145 3241 1
145 2148 1
145 1071 1
145 2402 1
145 3546 1
145 4000 1
145 4401 1
145 4380 1
145 1404 1
145 2079 1
145 3714 1
145 476 1
145 350 1
146 2105 1
146 683 1
146 3241 1
146 790 1
147 362 1
147 3241 1
147 2956 1
147 4548 1
147 1954 1
147 2502 1
147 3534 1
147 2730 1
148 765 1
148 1122 1
152 4491 1
152 3864 1
152 2577 1
152 27 1
152 4670 1
152 4189 1
152 3536 1
152 707 1
152 4633 1
152 3385 1
152 2223 1
152 3871 1
152 1268 1
152 930 1
152 1252 1
152 714 1
152 4080 1
152 2335 1
152 2807 1
152 370 1
152 535 1
152 3713 1
152 631 1
152 3567 1
152 24 1
152 4324 1
152 4467 1
152 3196 1
152 782 1
152 208 1
152 3077 1
152 2092 1
152 358 1
152 4444 1
152 1540 1
152 4394 1
152 4159 1
152 4266 1
157 3837 1
157 371 1
157 4473 1
157 3143 1
157 2494 1
157 562 1
157 3196 1
157 4553 1
157 3154 1
157 2484 1
157 4585 1
157 3667 1
159 1635 1
159 947 1
159 1071 1
159 4523 1
159 826 1
163 201 1
163 4324 1
163 3399 1
163 588 1
163 3160 1
164 4744 1
164 3254 1
164 1499 1
164 1252 1
164 1616 1
164 1902 1
164 816 1
167 2358 1
167 1879 1
167 1071 1
167 950 1
167 3628 1
167 3401 1
167 645 1
167 4380 1
167 2079 1
167 4548 1
168 632 1
168 4324 1
168 3261 1
168 932 1
168 3196 1
168 4029 1
168 27 1
168 3545 1
169 1012 1
169 1610 1
169 3269 1
169 3534 1
169 1858 1
169 3740 1
169 1224 1
169 3566 1
169 4401 1
169 1392 1
169 2921 1
169 3660 1
169 1954 1
169 1650 1
169 3241 1
169 2860 1
169 3866 1
169 217 1
173 1013 1
173 914 1
173 24 1
173 2577 1
173 1007 1
173 436 1
173 861 1
173 4584 1
173 3535 1
173 3034 1
173 4176 1
173 4264 1
173 2293 1
173 522 1
174 700 1
174 2996 1
174 132 1
174 1835 1
174 1575 1
174 1340 1
174 2655 1
174 612 1
175 1982 1
177 4422 1
178 1441 1
178 4101 1
178 4628 1
178 972 1
178 2331 1
178 2424 1
178 4369 1
178 1507 1
178 531 1
178 441 1
181 1196 1
181 2360 1
187 4171 1
187 522 1
187 4115 1
187 898 1
187 3267 1
187 2987 1
187 4742 1
187 4485 1
187 2784 1
187 2164 1
187 540 1
187 3507 1
187 1540 1
187 3573 1
187 3126 1
187 3257 1
187 4670 1
187 3010 1
187 3196 1
187 3277 1
188 4072 1
188 2304 1
188 1472 1
188 4674 1
191 1601 1
191 3667 1
191 3329 1
191 2921 1
191 1355 1
191 2051 1
191 1449 1
192 682 1
192 1393 1
192 4659 1
192 2763 1
192 865 1
192 720 1
192 3197 1
192 535 1
192 2577 1
192 3972 1
192 4496 1
192 208 1
192 3254 1
192 378 1
192 3562 1
192 4127 1
192 247 1
192 1093 1
192 1196 1
194 1122 1
194 1540 1
194 1105 1
194 714 1
194 4405 1
194 3534 1
195 1122 1
195 1236 1
200 4000 1
200 3241 1
200 1418 1
200 1578 1
200 330 1
200 4576 1
201 790 1
201 1610 1
201 4359 1
205 2604 1
205 2740 1
205 3972 1
205 2092 1
205 535 1
205 4422 1
205 3464 1
205 4576 1
205 4001 1
205 3233 1
205 3918 1
205 3811 1
205 1507 1
205 997 1
205 3787 1
205 2748 1
205 3246 1
205 3686 1
208 3357 1
208 3065 1
208 4423 1
208 2748 1
208 1348 1
212 152 1
212 247 1
212 4122 1
212 3972 1
212 2340 1
212 137 1
212 4519 1
212 1540 1
212 3866 1
212 1566 1
212 4497 1
212 628 1
212 4159 1
212 816 1
212 3534 1
213 3291 1
213 4001 1
213 3241 1
213 1610 1
213 1122 1
213 3837 1
213 1286 1
213 3972 1
213 1505 1
213 1954 1
213 4422 1
213 2763 1
215 3622 1
215 1241 1
215 1925 1
215 3246 1
215 1129 1
215 186 1
215 1013 1
218 2043 1
218 412 1
218 755 1
218 4522 1
218 4755 1
218 3507 1
218 399 1
218 3463 1
218 1719 1
218 1886 1
218 1179 1
218 1521 1
219 3281 1
219 3868 1
219 406 1
219 4544 1
219 4266 1
219 4122 1
219 2655 1
219 4370 1
219 646 1
219 2695 1
219 1655 1
219 4744 1
219 3999 1
219 1835 1
219 3569 1
219 4171 1
219 378 1
219 801 1
219 3267 1
219 930 1
219 1759 1
219 475 1
219 4250 1
219 720 1
219 741 1
219 2748 1
219 3378 1
219 1742 1
219 1026 1
219 2777 1
219 522 1
220 1739 1
220 2833 1
220 1122 1
220 2943 1
220 3314 1
220 2956 1
220 714 1
221 2092 1
221 893 1
223 77 1
223 2118 1
230 774 1
230 2780 1
230 2305 1
230 223 1
230 3241 1
230 3837 1
230 4467 1
230 3562 1
230 1096 1
230 330 1
230 4346 1
231 2657 1
232 2148 1
232 2577 1
232 24 1
232 4422 1
236 2219 1
236 3114 1
236 2299 1
236 187 1
236 4460 1
236 3459 1
236 1 1
236 1974 1
236 3628 1
236 1499 1
236 698 1
236 4009 1
236 4186 1
236 4212 1
236 2073 1
236 2934 1
236 2921 1
236 1077 1
236 451 1
236 1857 1
236 3121 1
236 4506 1
236 4674 1
236 2952 1
236 446 1
236 3866 1
236 3241 1
236 3652 1
236 427 1
236 765 1
236 3660 1
236 4540 1
236 2079 1
236 3534 1
236 1071 1
236 2940 1
236 1067 1
236 2881 1
236 4380 1
236 4117 1
236 274 1
236 4511 1
236 4333 1
236 2948 1
237 1169 1
237 4512 1
237 1033 1
237 2092 1
237 4000 1
237 3713 1
237 3241 1
237 3104 1
237 1594 1
237 2547 1
237 4670 1
237 4083 1
237 3999 1
237 4422 1
237 4744 1
237 1996 1
237 1621 1
237 1835 1
237 4627 1
237 4449 1
237 375 1
237 4216 1
237 1179 1
237 535 1
238 3053 1
238 2044 1
238 4548 1
238 1564 1
238 4401 1
238 2578 1
238 3714 1
238 247 1
238 4165 1
238 1624 1
238 4504 1
238 1540 1
238 1835 1
238 997 1
238 421 1
238 4080 1
238 1761 1
238 1404 1
238 3450 1
238 2881 1
238 33 1
238 4122 1
238 2251 1
238 3562 1
238 2848 1
238 3023 1
238 2362 1
238 378 1
238 3967 1
238 350 1
238 3104 1
238 985 1
238 3135 1
238 4021 1
238 1775 1
238 4029 1
238 663 1
238 857 1
238 3254 1
238 4422 1
239 311 1
239 1268 1
239 4444 1
239 3514 1
239 2681 1
239 570 1
239 1855 1
239 4633 1
239 2938 1
239 3488 1
239 1996 1
239 3446 1
239 1275 1
239 2996 1
239 2866 1
239 1115 1
239 3241 1
239 2059 1
239 2873 1
239 2529 1
239 2473 1
239 378 1
239 2803 1
239 1116 1
239 3460 1
239 3431 1
239 3800 1
239 258 1
239 1002 1
239 2459 1
239 1196 1
239 1072 1
239 4141 1
239 2007 1
239 1721 1
239 2672 1
239 1301 1
239 4173 1
239 3537 1
239 27 1
239 2126 1
239 3411 1
239 1682 1
239 765 1
239 152 1
239 1952 1
239 1616 1
239 1761 1
239 2148 1
239 295 1
239 198 1
239 2484 1
239 2069 1
239 4589 1
239 2834 1
239 368 1
239 1540 1
239 1255 1
239 4379 1
239 358 1
239 4665 1
239 871 1
239 2109 1
239 2578 1
239 4478 1
239 3399 1
239 1726 1
239 45 1
239 546 1
239 833 1
240 3077 1
240 2092 1
240 1077 1
240 3154 1
246 3534 1
246 1954 1
246 1077 1
247 4670 1
247 1135 1
247 4467 1
247 4063 1
247 1515 1
247 421 1
247 3196 1
247 1139 1
247 375 1
247 4491 1
247 2639 1
247 359 1
247 4744 1
247 4504 1
247 3569 1
247 3866 1
247 3328 1
247 1835 1
247 27 1
247 4329 1
247 2341 1
247 3713 1
247 1594 1
247 3567 1
247 2659 1
247 985 1
247 717 1
247 4485 1
247 117 1
247 808 1
247 1763 1
247 456 1
247 4727 1
247 838 1
247 8 1
247 3837 1
247 4024 1
247 3101 1
247 3450 1
247 4690 1
247 4459 1
247 2677 1
247 3534 1
247 1540 1
247 1610 1
247 31 1
247 371 1
248 3410 1
252 352 1
252 3507 1
252 1436 1
252 3669 1
252 1540 1
252 2697 1
253 766 1
253 1540 1
253 4266 1
253 247 1
253 535 1
253 870 1
253 1077 1
261 1547 1
261 3466 1
261 4690 1
261 4344 1
261 1835 1
261 631 1
261 399 1
261 3689 1
261 4196 1
261 3488 1
261 4328 1
261 3118 1
261 2729 1
261 1789 1
261 2412 1
261 745 1
261 1064 1
261 3254 1
261 2136 1
261 682 1
261 1205 1
261 1682 1
261 1607 1
261 44 1
261 107 1
261 907 1
261 1951 1
261 2657 1
261 3498 1
261 3463 1
261 248 1
261 4558 1
261 3296 1
267 628 1
268 3708 1
268 4513 1
268 2681 1
270 2577 1
270 857 1
270 4335 1
270 930 1
270 628 1
270 3569 1
272 274 1
272 3740 1
272 3623 1
272 616 1
273 4678 1
273 1610 1
273 3329 1
276 2234 1
276 2430 1
276 8 1
276 2092 1
276 3267 1
276 4029 1
276 2340 1
276 1007 1
276 671 1
276 1179 1
276 2577 1
276 4744 1
276 3450 1
282 4401 1
282 1077 1
282 4273 1
283 3197 1
283 3444 1
286 1931 1
289 1373 1
289 3034 1
289 3267 1
289 2070 1
289 3866 1
289 3184 1
289 1396 1
294 3196 1
294 4021 1
298 1540 1
298 3291 1
298 1096 1
300 3795 1
300 1954 1
300 4122 1
300 3452 1
300 4380 1
300 3857 1
301 1540 1
301 101 1
301 2577 1
301 1505 1
301 3804 1
301 535 1
301 2484 1
301 1179 1
301 1122 1
301 4548 1
301 651 1
301 4751 1
301 3291 1
301 3197 1
301 2681 1
301 1578 1
301 4422 1
301 893 1
301 1203 1
302 1499 1
302 436 1
302 3196 1
302 4716 1
303 2956 1
303 3972 1
303 1578 1
303 1540 1
305 816 1
305 3254 1
305 2698 1
305 1553 1
305 2816 1
305 3544 1
305 2283 1
306 4105 1
306 1610 1
306 1825 1
306 1077 1
306 1447 1
306 872 1
306 1540 1
306 2159 1
306 402 1
306 1203 1
306 3521 1
306 1013 1
306 2748 1
306 3196 1
306 3780 1
306 3274 1
306 1161 1
306 1799 1
306 77 1
306 978 1
306 3246 1
306 3145 1
306 1954 1
306 3093 1
306 1327 1
306 1646 1
306 522 1
306 4433 1
306 2039 1
306 616 1
306 3972 1
309 1540 1
310 3325 1
310 3366 1
310 1071 1
310 3652 1
310 3811 1
310 3687 1
310 2212 1
310 3196 1
310 1953 1
310 826 1
310 2092 1
310 239 1
310 3704 1
310 4212 1
310 118 1
310 451 1
310 282 1
310 1285 1
310 1601 1
310 522 1
310 3464 1
310 3521 1
310 4723 1
310 3787 1
310 434 1
310 781 1
310 1086 1
310 1768 1
310 1464 1
310 3593 1
310 1170 1
310 3740 1
310 1252 1
310 2305 1
310 1169 1
310 326 1
310 1396 1
310 1696 1
310 1507 1
310 24 1
310 1373 1
310 2111 1
310 2958 1
310 1096 1
310 3498 1
310 2362 1
310 2731 1
310 187 1
310 1212 1
310 1391 1
310 753 1
310 78 1
310 2656 1
310 4107 1
310 1646 1
310 1046 1
310 1879 1
310 4401 1
310 3145 1
310 3543 1
310 3614 1
310 3198 1
310 40 1
310 1499 1
310 2 1
310 274 1
312 1375 1
312 4086 1
312 2873 1
312 2366 1
312 1506 1
312 4309 1
312 1524 1
312 1835 1
312 4553 1
312 4017 1
312 2484 1
312 1960 1
312 2542 1
312 782 1
312 4589 1
312 874 1
313 4135 1
314 1833 1
314 1575 1
314 402 1
314 2734 1
314 3952 1
321 399 1
321 840 1
321 3339 1
321 4589 1
321 4235 1
321 2553 1
321 378 1
321 3154 1
321 3385 1
321 4298 1
321 4250 1
321 3197 1
321 2922 1
321 2657 1
321 1540 1
321 1506 1
321 258 1
321 782 1
321 1855 1
321 3753 1
321 1196 1
321 3526 1
321 3073 1
321 997 1
322 540 1
322 1004 1
322 2308 1
322 3534 1
322 507 1
322 841 1
322 1953 1
322 2668 1
322 3713 1
322 3967 1
322 3843 1
322 917 1
322 1890 1
322 4422 1
322 4401 1
322 2607 1
322 4308 1
322 903 1
322 4380 1
322 703 1
322 3241 1
322 1954 1
322 616 1
322 1857 1
322 4542 1
322 4740 1
322 4539 1
322 2730 1
322 4283 1
322 4104 1
322 1105 1
322 1355 1
322 3031 1
322 802 1
322 3489 1
322 2241 1
322 1122 1
322 906 1
322 2391 1
322 4546 1
322 3871 1
322 362 1
322 4460 1
322 1067 1
322 947 1
322 3052 1
322 1610 1
322 1693 1
322 4165 1
322 985 1
322 1998 1
322 67 1
322 302 1
322 569 1
322 1347 1
322 3759 1
322 3999 1
322 3162 1
322 3205 1
322 1576 1
322 95 1
322 2621 1
322 2071 1
322 4231 1
322 3274 1
322 364 1
322 837 1
322 3711 1
322 2743 1
322 1563 1
323 4043 1
323 4045 1
323 4585 1
326 1373 1
326 583 1
326 60 1
326 1179 1
328 1096 1
328 2223 1
328 4001 1
328 453 1
328 3254 1
328 3522 1
328 4422 1
328 2850 1
328 2142 1
328 2041 1
328 3680 1
328 2595 1
329 2484 1
329 2558 1
329 4648 1
329 1229 1
329 4565 1
329 378 1
329 201 1
329 2269 1
329 4097 1
329 3510 1
329 2517 1
329 789 1
329 1794 1
329 782 1
329 4586 1
329 1542 1
329 689 1
331 4751 1
331 4401 1
332 522 1
332 67 1
332 3824 1
332 535 1
334 714 1
335 2149 1
335 755 1
344 4545 1
344 1564 1
355 3023 1
357 1236 1
357 3197 1
357 3740 1
357 4339 1
357 3735 1
357 505 1
357 658 1
358 247 1
358 898 1
358 1763 1
358 4670 1
358 67 1
359 526 1
359 3926 1
359 378 1
359 2577 1
359 4744 1
359 2365 1
359 4553 1
359 2543 1
359 419 1
359 2517 1
359 1179 1
359 573 1
359 1850 1
359 1110 1
359 375 1
359 3753 1
359 2484 1
361 2219 1
361 2136 1
361 571 1
361 4401 1
361 4751 1
361 4548 1
365 1619 1
365 2748 1
365 1945 1
365 1077 1
365 326 1
367 1238 1
367 1596 1
367 4434 1
367 3294 1
367 3102 1
367 3011 1
367 2313 1
367 2159 1
367 2921 1
367 2152 1
367 3009 1
367 1886 1
367 100 1
367 1285 1
367 442 1
367 2883 1
367 821 1
367 2996 1
367 501 1
367 2474 1
367 3718 1
367 4426 1
367 4022 1
367 765 1
367 1787 1
367 2321 1
367 1224 1
367 790 1
367 4088 1
367 4201 1
367 3543 1
367 1129 1
367 3667 1
367 4548 1
367 4727 1
367 930 1
367 3189 1
367 3135 1
367 4295 1
367 1139 1
367 1765 1
367 3664 1
367 1030 1
367 2705 1
367 1406 1
367 816 1
367 1628 1
367 1012 1
367 4345 1
367 2299 1
367 1241 1
367 3077 1
367 4018 1
367 3109 1
367 3197 1
367 169 1
367 4351 1
367 2131 1
367 3541 1
367 2305 1
367 3818 1
367 1203 1
367 3787 1
367 4491 1
367 1484 1
367 1216 1
367 4072 1
367 2763 1
367 1983 1
367 1803 1
370 1945 1
371 2053 1
371 2159 1
371 1142 1
371 1215 1
371 828 1
371 156 1
371 1203 1
371 3093 1
371 2148 1
371 2328 1
371 3291 1
371 4696 1
371 2313 1
371 2469 1
371 3189 1
371 3739 1
371 2125 1
371 1151 1
371 2131 1
372 2883 1
372 436 1
372 1556 1
372 4136 1
372 3824 1
372 1448 1
372 3399 1
372 2189 1
372 3544 1
372 3447 1
372 1752 1
372 2577 1
372 4237 1
372 734 1
372 3569 1
372 1164 1
372 419 1
372 997 1
372 3998 1
372 2315 1
372 2972 1
372 2777 1
372 4072 1
372 989 1
372 4422 1
372 247 1
372 2320 1
372 3446 1
372 1062 1
372 1355 1
372 1218 1
372 2542 1
372 2695 1
372 4001 1
372 4475 1
372 3562 1
372 3810 1
372 3921 1
372 4659 1
372 3894 1
372 1835 1
372 909 1
372 3670 1
372 1041 1
372 1575 1
372 311 1
372 1578 1
372 1702 1
372 4467 1
372 1455 1
372 3397 1
372 2740 1
372 1881 1
372 375 1
372 2763 1
372 1759 1
372 2873 1
372 874 1
372 1014 1
372 256 1
372 774 1
372 4073 1
372 4744 1
372 1139 1
372 282 1
372 3730 1
372 493 1
372 2251 1
376 139 1
376 4422 1
376 1348 1
376 1945 1
376 1252 1
376 1540 1
376 4401 1
376 2518 1
382 4422 1
382 3738 1
382 812 1
382 4364 1
382 1499 1
382 1192 1
382 631 1
382 3567 1
382 3197 1
392 2308 1
392 1324 1
392 3261 1
392 2983 1
392 3567 1
392 4744 1
392 4449 1
392 4550 1
392 2577 1
394 2148 1
394 378 1
394 2362 1
394 3967 1
394 3543 1
394 2219 1
395 3124 1
396 3241 1
398 2875 1
398 2748 1
398 3193 1
398 1096 1
398 1686 1
398 11 1
398 3406 1
398 1179 1
398 1575 1
398 2048 1
398 3065 1
398 4553 1
398 282 1
398 523 1
398 4744 1
398 3126 1
398 2140 1
398 4346 1
398 4213 1
398 291 1
398 1780 1
398 2577 1
398 2430 1
398 1169 1
398 1646 1
401 3447 1
401 821 1
402 981 1
402 1077 1
402 3135 1
402 4422 1
402 3267 1
402 3866 1
402 1492 1
403 2553 1
403 682 1
403 419 1
403 968 1
403 399 1
403 2473 1
404 4189 1
404 874 1
405 3660 1
405 2219 1
405 2443 1
405 3534 1
405 4548 1
405 1071 1
405 893 1
405 1077 1
405 3197 1
405 1954 1
405 4306 1
405 4009 1
405 3615 1
405 247 1
405 3241 1
405 3866 1
405 3489 1
405 4422 1
405 1699 1
407 2601 1
407 874 1
407 3601 1
407 282 1
407 4422 1
407 419 1
407 1769 1
407 2987 1
407 2768 1
407 2473 1
407 838 1
407 1122 1
407 1039 1
407 3200 1
407 3924 1
407 2270 1
407 2210 1
407 931 1
407 4112 1
407 2971 1
407 1096 1
407 4213 1
407 3565 1
407 3394 1
407 2103 1
407 1835 1
409 1354 1
409 4367 1
409 4564 1
409 1492 1
409 2850 1
409 1835 1
409 4401 1
409 4380 1
409 3026 1
409 4122 1
409 4423 1
409 1902 1
409 3241 1
409 3197 1
409 821 1
409 3196 1
409 256 1
409 703 1
409 3145 1
409 4744 1
409 2911 1
409 535 1
409 67 1
409 3811 1
409 475 1
409 4072 1
409 540 1
409 4467 1
409 2092 1
409 1139 1
417 419 1
417 27 1
417 4756 1
417 3385 1
417 4086 1
417 1835 1
417 2993 1
420 2092 1
420 4401 1
420 2578 1
420 3967 1
420 2402 1
420 893 1
420 2443 1
420 3871 1
420 2251 1
420 3999 1
420 4009 1
420 3489 1
420 2173 1
420 4027 1
420 2636 1
420 955 1
420 1974 1
420 1954 1
420 3401 1
420 1077 1
420 3241 1
420 1012 1
420 2998 1
420 2079 1
420 3714 1
420 4068 1
420 4511 1
423 4423 1
423 2331 1
423 1348 1
423 1122 1
423 1373 1
423 4401 1
423 80 1
423 984 1
423 2578 1
423 4690 1
423 2969 1
423 2573 1
424 4401 1
424 522 1
424 350 1
424 3197 1
424 997 1
424 1285 1
424 4001 1
429 996 1
429 375 1
429 3972 1
431 535 1
432 178 1
432 1998 1
432 2604 1
432 3656 1
434 3507 1
434 2681 1
434 4049 1
434 493 1
434 4000 1
434 739 1
434 3795 1
434 2174 1
434 4021 1
434 1946 1
434 31 1
434 3713 1
434 1540 1
434 614 1
434 410 1
434 2899 1
434 3670 1
434 4548 1
434 4237 1
434 3831 1
434 3562 1
434 3999 1
434 826 1
434 737 1
434 4422 1
434 1594 1
434 371 1
434 732 1
434 1610 1
434 1169 1
434 2287 1
434 436 1
434 2780 1
434 4028 1
437 4000 1
437 337 1
437 628 1
437 2740 1
437 247 1
437 1610 1
437 790 1
437 3999 1
437 2987 1
437 3075 1
437 997 1
437 1526 1
437 4422 1
437 2092 1
437 1578 1
437 2002 1
437 1505 1
442 4553 1
442 3667 1
442 3267 1
442 2393 1
442 2911 1
442 3444 1
442 4475 1
443 291 1
443 3912 1
443 4195 1
444 1236 1
444 3241 1
444 1754 1
444 2577 1
444 3970 1
444 590 1
444 4542 1
444 3507 1
453 691 1
453 2873 1
453 2793 1
453 878 1
453 1465 1
453 931 1
454 2092 1
454 1139 1
454 4335 1
454 1843 1
454 1857 1
454 4605 1
454 2250 1
454 152 1
454 2180 1
454 2043 1
454 3246 1
454 1203 1
454 247 1
454 4424 1
454 1394 1
454 2142 1
454 4317 1
454 4536 1
454 3570 1
454 291 1
455 4676 1
455 930 1
455 169 1
455 247 1
455 1012 1
455 790 1
455 2474 1
455 3787 1
455 33 1
455 2920 1
456 2779 1
456 3948 1
456 3567 1
478 3183 1
478 1578 1
478 421 1
478 3714 1
478 2484 1
478 985 1
478 1540 1
478 4562 1
479 3329 1
484 2092 1
486 1804 1
486 2577 1
486 734 1
486 1540 1
488 2386 1
488 1996 1
489 4519 1
489 2987 1
490 1300 1
490 3565 1
490 1960 1
490 4589 1
490 2577 1
490 1457 1
490 1867 1
490 248 1
490 3429 1
490 165 1
490 2542 1
490 11 1
490 267 1
490 9 1
490 546 1
490 27 1
490 1644 1
491 3105 1
491 3382 1
491 4182 1
491 1702 1
491 3686 1
494 2424 1
494 1853 1
494 1033 1
494 2305 1
496 3197 1
496 1566 1
496 3135 1
496 2469 1
496 1857 1
496 821 1
496 305 1
496 4021 1
496 3401 1
496 4401 1
496 1891 1
496 3615 1
496 3489 1
496 2219 1
496 1699 1
496 893 1
496 4562 1
496 1945 1
496 1071 1
496 4542 1
496 4159 1
496 3011 1
498 3401 1
498 4401 1
498 3972 1
498 1540 1
498 2507 1
498 3241 1
499 3011 1
499 4068 1
499 947 1
499 3714 1
499 4423 1
499 2530 1
499 3967 1
499 2881 1
499 3164 1
499 2402 1
499 2187 1
499 1071 1
499 1077 1
499 4380 1
499 3513 1
499 4511 1
499 274 1
499 4401 1
499 2219 1
500 3241 1
501 2577 1
501 4021 1
501 375 1
501 3447 1
501 1085 1
501 251 1
501 2173 1
501 3196 1
502 429 1
502 3795 1
502 1348 1
502 4744 1
502 1835 1
502 2273 1
502 1095 1
502 535 1
502 475 1
502 1540 1
502 4467 1
502 358 1
502 4422 1
502 3735 1
502 1122 1
505 1773 1
505 282 1
505 3520 1
505 2730 1
505 3060 1
505 1139 1
505 265 1
505 1799 1
505 3110 1
505 1812 1
505 2677 1
505 683 1
505 131 1
505 2748 1
505 487 1
505 1610 1
505 4273 1
505 1373 1
505 436 1
505 1463 1
505 1122 1
505 3102 1
505 8 1
505 4744 1
505 3329 1
505 3197 1
505 1892 1
505 1780 1
505 2305 1
505 3739 1
505 1540 1
505 3667 1
505 989 1
505 3822 1
505 1496 1
505 4250 1
505 4072 1
505 4605 1
505 3088 1
505 1218 1
505 3604 1
505 821 1
505 3032 1
505 1950 1
505 3914 1
505 2352 1
507 2032 1
507 132 1
507 3291 1
507 1139 1
507 1540 1
507 3232 1
507 2866 1
507 375 1
507 4545 1
507 3507 1
507 3329 1
507 4422 1
507 1763 1
507 3904 1
511 2044 1
511 4339 1
511 1135 1
511 2340 1
511 898 1
511 1540 1
511 3787 1
511 3300 1
511 2763 1
512 1285 1
512 1139 1
512 4108 1
512 658 1
512 997 1
512 1951 1
512 1886 1
512 2070 1
512 637 1
512 3210 1
512 3911 1
512 1760 1
512 40 1
512 3498 1
512 3197 1
519 1122 1
519 1110 1
520 3871 1
520 2881 1
522 2699 1
522 2543 1
522 4703 1
522 898 1
522 2793 1
522 378 1
522 4756 1
522 4193 1
522 2085 1
522 4406 1
522 1493 1
522 3921 1
522 108 1
522 2118 1
522 3073 1
522 2658 1
522 2661 1
522 27 1
522 931 1
525 2618 1
525 3978 1
525 3714 1
525 4206 1
525 3011 1
525 2578 1
525 4335 1
525 1945 1
525 3021 1
525 123 1
528 3567 1
528 1540 1
528 1902 1
528 4467 1
528 337 1
528 493 1
528 1763 1
528 1601 1
528 3562 1
528 3507 1
528 2536 1
528 2163 1
528 4584 1
528 436 1
528 3569 1
528 2185 1
528 1499 1
528 893 1
528 2110 1
528 1135 1
528 530 1
528 3246 1
528 2748 1
528 4122 1
528 378 1
528 3305 1
528 601 1
528 3196 1
528 4000 1
528 567 1
528 1236 1
528 3197 1
528 3534 1
528 3241 1
528 3946 1
528 1526 1
528 3328 1
528 2382 1
528 516 1
533 1610 1
534 1238 1
534 1835 1
534 893 1
534 3154 1
534 4179 1
534 3853 1
534 3522 1
535 947 1
542 350 1
542 535 1
542 1203 1
542 4542 1
542 4523 1
542 1505 1
542 523 1
542 813 1
542 4401 1
548 3049 1
548 4040 1
550 2577 1
553 3871 1
553 3534 1
553 1505 1
553 4443 1
553 3196 1
553 78 1
553 522 1
553 3975 1
553 2681 1
553 3795 1
553 4122 1
553 3612 1
553 3489 1
554 4053 1
554 1760 1
554 3329 1
554 2953 1
554 3246 1
554 2181 1
554 2564 1
554 4401 1
554 4423 1
554 1055 1
554 637 1
554 2970 1
554 3888 1
554 3866 1
554 1943 1
554 1170 1
554 3197 1
554 2117 1
554 535 1
554 734 1
554 350 1
554 2035 1
554 3841 1
554 2059 1
554 3210 1
554 4084 1
554 3455 1
554 2780 1
554 3906 1
559 3951 1
559 1848 1
559 265 1
559 4401 1
559 396 1
559 3520 1
559 2443 1
562 3740 1
562 2697 1
562 2131 1
562 2092 1
562 1954 1
562 3871 1
562 3866 1
562 3401 1
562 3241 1
562 1540 1
562 18 1
562 4000 1
562 2577 1
562 1578 1
562 1502 1
562 1879 1
562 1505 1
562 4422 1
562 3291 1
565 1624 1
565 3831 1
565 4485 1
565 1224 1
565 3240 1
565 3464 1
565 2920 1
566 1122 1
568 1902 1
568 4422 1
568 3546 1
568 2577 1
568 1540 1
568 3569 1
568 1578 1
569 4422 1
569 4562 1
569 3999 1
569 1540 1
571 2922 1
571 352 1
571 2382 1
571 2023 1
571 2132 1
571 3165 1
571 3657 1
571 4266 1
571 838 1
571 4021 1
571 2577 1
571 4341 1
571 27 1
571 4422 1
571 2118 1
571 3049 1
571 3567 1
571 3193 1
571 1540 1
571 1960 1
571 2292 1
571 3912 1
571 45 1
571 4045 1
571 421 1
571 358 1
573 2691 1
573 2959 1
573 3450 1
573 2347 1
573 4462 1
573 37 1
573 4072 1
573 3267 1
578 3254 1
578 3522 1
578 2677 1
579 498 1
579 2577 1
579 4003 1
579 831 1
579 760 1
579 4306 1
580 732 1
580 4024 1
580 1169 1
580 3197 1
580 3718 1
580 4001 1
580 163 1
580 2410 1
580 2748 1
580 821 1
582 2386 1
582 27 1
582 622 1
582 162 1
582 3800 1
582 2153 1
582 2639 1
582 378 1
582 2658 1
582 4324 1
582 4029 1
582 4468 1
582 908 1
582 31 1
582 4077 1
582 1072 1
582 1367 1
582 2856 1
582 3669 1
582 208 1
582 1682 1
583 3164 1
583 4423 1
583 1413 1
583 350 1
583 4401 1
583 765 1
583 1891 1
583 223 1
583 3106 1
583 3546 1
583 1492 1
583 3967 1
583 160 1
583 3638 1
583 4189 1
583 2275 1
583 3489 1
583 4383 1
583 4727 1
583 1819 1
583 2578 1
583 4025 1
583 247 1
583 1406 1
583 3478 1
583 4422 1
583 2577 1
583 2264 1
583 1122 1
583 3378 1
583 1236 1
583 3689 1
583 1835 1
583 562 1
583 4380 1
583 2340 1
583 700 1
583 3522 1
583 1945 1
583 3615 1
583 1954 1
583 4542 1
583 2067 1
583 4764 1
583 1691 1
583 4511 1
585 3795 1
585 1540 1
587 3638 1
587 3489 1
587 3378 1
587 2079 1
587 3871 1
590 3241 1
590 1521 1
590 4467 1
590 1056 1
590 1169 1
590 4072 1
590 535 1
592 1775 1
592 3580 1
592 421 1
592 3859 1
594 3241 1
599 3866 1
599 2841 1
599 3967 1
602 1857 1
602 3197 1
602 3241 1
602 2219 1
602 1624 1
602 1891 1
602 247 1
602 4401 1
603 1954 1
603 3241 1
603 2187 1
603 1236 1
603 3534 1
603 4670 1
603 3714 1
603 3972 1
603 1505 1
603 4339 1
603 2530 1
603 3452 1
603 765 1
603 4165 1
603 4423 1
605 4237 1
605 3281 1
605 3667 1
605 4306 1
605 421 1
605 4104 1
605 714 1
605 3787 1
605 3498 1
605 1179 1
605 2219 1
610 4467 1
610 3308 1
610 468 1
610 813 1
610 2360 1
610 1557 1
610 2305 1
610 3718 1
610 1984 1
610 3109 1
610 4511 1
610 4558 1
610 2039 1
610 3829 1
610 1175 1
610 3241 1
610 1751 1
610 3972 1
610 2105 1
610 3267 1
610 2219 1
610 893 1
610 3571 1
610 3857 1
610 4562 1
610 765 1
610 1635 1
610 2070 1
610 77 1
610 4345 1
610 2294 1
610 535 1
610 4422 1
610 3373 1
610 2164 1
610 1205 1
610 4434 1
610 118 1
610 2410 1
610 4178 1
610 3534 1
610 283 1
610 4079 1
610 4081 1
610 4497 1
610 4542 1
610 1951 1
610 4678 1
610 821 1
610 4022 1
610 2641 1
610 4744 1
610 3615 1
610 436 1
610 2152 1
610 1113 1
610 4303 1
610 4491 1
610 1879 1
610 3559 1
610 3196 1
610 1596 1
610 734 1
610 4481 1
610 1658 1
610 2117 1
610 4298 1
610 3726 1
610 4001 1
610 350 1
611 358 1
614 1773 1
614 1594 1
614 1601 1
614 1521 1
614 1835 1
614 24 1
615 2730 1
615 337 1
615 67 1
615 2740 1
615 1540 1
615 4422 1
615 2577 1
615 997 1
615 3669 1
615 1400 1
615 2305 1
620 4727 1
622 3311 1
622 1203 1
622 2305 1
622 986 1
625 2956 1
625 375 1
625 1540 1
625 1139 1
625 3291 1
625 2484 1
629 4751 1
629 4000 1
629 4467 1
629 2956 1
629 24 1
629 3866 1
629 985 1
629 1122 1
629 1763 1
629 380 1
629 358 1
629 2612 1
629 2382 1
629 1540 1
629 4422 1
629 4122 1
629 2148 1
631 3373 1
631 3152 1
635 4306 1
635 1118 1
635 4475 1
635 4054 1
638 714 1
638 421 1
638 2376 1
638 1835 1
638 2251 1
641 1179 1
641 4401 1
641 3241 1
641 1763 1
641 247 1
641 522 1
641 2921 1
642 378 1
642 546 1
642 4756 1
642 3864 1
642 3565 1
642 4498 1
642 782 1
642 794 1
642 3669 1
642 970 1
647 3197 1
647 2444 1
647 4072 1
647 3562 1
647 3824 1
647 3735 1
647 4548 1
647 358 1
647 3464 1
647 2474 1
647 893 1
647 1373 1
647 1286 1
647 2956 1
647 4440 1
647 1646 1
647 2920 1
647 3241 1
647 1088 1
649 223 1
649 3562 1
649 1218 1
649 1007 1
649 790 1
649 2079 1
649 3567 1
649 429 1
649 2956 1
649 535 1
649 2251 1
649 3667 1
649 4122 1
649 3569 1
649 2697 1
649 1238 1
649 475 1
649 3329 1
649 997 1
649 3241 1
649 1999 1
649 1139 1
649 1788 1
649 3740 1
649 2305 1
649 1578 1
649 3110 1
649 1610 1
649 893 1
649 2740 1
649 2023 1
649 4171 1
649 4401 1
649 43 1
649 436 1
649 3507 1
649 2315 1
649 3866 1
649 1324 1
649 4670 1
649 2382 1
649 1505 1
649 3791 1
649 3654 1
649 2958 1
650 74 1
650 1511 1
650 3667 1
650 3698 1
650 802 1
650 3241 1
650 3135 1
650 1105 1
650 1026 1
650 2071 1
650 59 1
650 1625 1
650 137 1
650 1452 1
650 2848 1
650 4670 1
650 2148 1
650 3164 1
650 421 1
650 4423 1
650 1947 1
650 2303 1
650 152 1
650 3534 1
650 4401 1
650 1077 1
650 3489 1
650 1236 1
650 247 1
650 3907 1
650 3871 1
650 3638 1
650 1122 1
650 1731 1
650 1523 1
650 920 1
650 2954 1
651 3567 1
651 2198 1
651 3831 1
651 1823 1
651 3921 1
651 2382 1
651 463 1
651 2340 1
651 98 1
651 267 1
651 358 1
651 328 1
651 4615 1
651 2118 1
651 1218 1
651 535 1
651 282 1
651 208 1
651 825 1
651 456 1
651 4467 1
654 375 1
654 2305 1
654 3196 1
654 3197 1
654 3165 1
654 4011 1
654 399 1
654 3154 1
654 116 1
654 1463 1
654 782 1
654 3434 1
654 631 1
654 423 1
654 1835 1
654 1135 1
654 1297 1
654 1639 1
654 436 1
656 1170 1
656 371 1
656 816 1
656 304 1
656 3566 1
656 3102 1
656 318 1
656 4162 1
656 4748 1
656 1917 1
656 1139 1
656 957 1
656 4659 1
656 2748 1
656 4383 1
656 2305 1
656 4700 1
656 3328 1
656 78 1
656 4131 1
656 3079 1
656 3944 1
656 4467 1
656 1594 1
656 4576 1
656 3077 1
656 2660 1
656 358 1
656 3014 1
656 676 1
656 1016 1
656 1014 1
656 3411 1
656 501 1
656 111 1
656 4346 1
658 2118 1
658 1540 1
658 2335 1
658 201 1
658 874 1
658 399 1
658 312 1
658 682 1
658 3154 1
658 4401 1
658 375 1
658 4422 1
667 4273 1
667 282 1
667 3291 1
667 292 1
667 3049 1
667 2118 1
667 475 1
672 4511 1
672 4212 1
677 3999 1
677 3967 1
681 52 1
681 2071 1
681 4162 1
681 2163 1
681 3221 1
681 2730 1
681 1835 1
681 2577 1
681 3267 1
681 2407 1
681 4216 1
681 927 1
681 2358 1
681 3888 1
681 4584 1
681 3145 1
681 4712 1
681 4473 1
681 2909 1
681 8 1
681 3192 1
681 4028 1
681 535 1
681 1257 1
681 3197 1
681 3538 1
681 4467 1
681 2883 1
681 3544 1
681 3150 1
681 4670 1
681 1578 1
681 4221 1
681 318 1
681 704 1
681 1540 1
681 417 1
681 3088 1
681 4727 1
681 95 1
681 734 1
681 1518 1
681 1742 1
681 223 1
681 3982 1
681 2749 1
681 305 1
681 3089 1
681 1122 1
681 2987 1
681 3498 1
681 3291 1
681 2697 1
681 3593 1
681 3853 1
681 421 1
681 3920 1
681 2287 1
681 4112 1
682 1014 1
682 1886 1
682 3811 1
682 3065 1
682 1675 1
682 291 1
682 602 1
682 4605 1
682 3193 1
682 3774 1
682 3698 1
682 2382 1
682 2906 1
682 4357 1
682 1610 1
682 3246 1
682 1503 1
682 4576 1
682 77 1
682 17 1
682 1415 1
682 2782 1
682 4266 1
682 714 1
682 1852 1
682 4333 1
682 4389 1
682 856 1
682 3825 1
682 2367 1
682 1892 1
682 1348 1
682 1170 1
684 4213 1
684 81 1
684 3106 1
686 4422 1
689 1540 1
689 27 1
689 3567 1
689 2873 1
689 2922 1
692 2791 1
692 3021 1
692 522 1
692 2474 1
692 1897 1
692 4070 1
692 626 1
696 3233 1
696 4422 1
696 2197 1
696 1540 1
698 1954 1
698 3274 1
698 3241 1
699 1285 1
699 2305 1
699 3498 1
699 997 1
699 1499 1
699 2920 1
699 3197 1
699 2039 1
702 3291 1
702 3452 1
702 4444 1
702 1578 1
702 4213 1
702 3562 1
702 1821 1
702 2590 1
702 3863 1
702 2059 1
702 1135 1
702 1540 1
702 3943 1
702 535 1
702 4585 1
702 757 1
702 326 1
702 3546 1
702 2987 1
702 3189 1
702 2153 1
702 4659 1
702 3818 1
702 4072 1
702 4589 1
702 3160 1
702 4744 1
702 4466 1
702 63 1
702 3014 1
702 1139 1
702 2920 1
702 1818 1
702 4545 1
702 4122 1
702 2305 1
702 3197 1
702 3411 1
702 4303 1
702 878 1
702 1506 1
702 930 1
702 2126 1
702 3196 1
702 931 1
702 421 1
702 4553 1
702 3385 1
702 627 1
702 2740 1
702 337 1
702 2824 1
702 591 1
702 1769 1
702 838 1
702 3514 1
702 1855 1
702 782 1
702 2521 1
702 861 1
702 1644 1
702 3526 1
702 1324 1
702 2577 1
702 2784 1
702 3145 1
702 3921 1
702 1224 1
702 2039 1
702 3569 1
711 1594 1
711 3197 1
711 2577 1
713 790 1
713 893 1
713 1502 1
713 4548 1
713 33 1
713 2039 1
713 4105 1
713 3241 1
713 330 1
713 874 1
715 3787 1
715 2748 1
715 371 1
715 189 1
715 2092 1
715 2883 1
715 2309 1
715 4744 1
715 1827 1
715 2850 1
721 941 1
721 2070 1
721 4352 1
721 59 1
725 2846 1
725 3859 1
725 1757 1
725 2578 1
725 1476 1
725 923 1
725 1073 1
725 3541 1
725 1521 1
725 3246 1
725 3254 1
725 2544 1
725 4422 1
725 3537 1
725 3153 1
725 4080 1
725 2351 1
725 2552 1
725 3507 1
725 4701 1
725 4744 1
726 1540 1
729 4302 1
729 2018 1
729 421 1
729 3824 1
729 1540 1
729 4401 1
729 2044 1
731 1373 1
731 3307 1
731 1540 1
734 4405 1
734 1732 1
735 1682 1
735 3465 1
735 4545 1
735 1254 1
735 925 1
735 3921 1
735 2661 1
736 1862 1
737 1198 1
738 3927 1
738 3291 1
738 4251 1
738 3197 1
743 4001 1
743 2261 1
743 4465 1
743 1227 1
743 3914 1
743 1013 1
743 1294 1
743 1511 1
743 3401 1
743 1162 1
743 1502 1
743 2577 1
743 436 1
743 930 1
743 4218 1
743 2000 1
743 2092 1
743 1203 1
743 897 1
743 1194 1
743 1827 1
743 4090 1
743 2340 1
743 3978 1
744 3197 1
744 4401 1
744 3241 1
744 3669 1
744 522 1
744 1902 1
744 493 1
744 223 1
744 2499 1
744 2695 1
744 726 1
744 1179 1
744 2573 1
744 2474 1
744 2816 1
744 2697 1
744 2911 1
744 2978 1
744 1759 1
744 456 1
744 1835 1
744 1166 1
744 421 1
744 2920 1
744 2986 1
744 1492 1
744 1566 1
744 2577 1
744 3562 1
744 4440 1
744 4562 1
744 269 1
744 1324 1
744 4335 1
744 1122 1
744 2092 1
744 2217 1
744 2018 1
744 4306 1
744 256 1
744 3970 1
744 417 1
744 1535 1
744 3740 1
744 2763 1
744 4748 1
744 1588 1
744 3866 1
744 3522 1
744 747 1
744 1139 1
744 3655 1
749 3197 1
749 116 1
749 3495 1
749 78 1
749 1752 1
749 2920 1
752 3866 1
752 3843 1
752 2469 1
752 2299 1
752 4401 1
752 4434 1
752 2921 1
752 3871 1
752 1012 1
752 242 1
752 169 1
752 3534 1
752 239 1
752 3241 1
752 3740 1
752 1857 1
752 893 1
752 3714 1
752 2275 1
752 2920 1
752 4206 1
752 1578 1
752 1077 1
752 3153 1
752 417 1
752 3660 1
752 2020 1
752 1646 1
752 4306 1
752 2578 1
752 4009 1
752 3246 1
752 2039 1
752 3164 1
752 2998 1
752 3628 1
752 4380 1
752 3967 1
752 3963 1
752 1071 1
752 359 1
752 2067 1
754 3378 1
754 3967 1
754 2039 1
754 3866 1
754 3441 1
754 3615 1
754 1077 1
756 2152 1
756 4401 1
756 3857 1
756 2987 1
756 3205 1
756 4122 1
756 3291 1
756 4306 1
756 3967 1
756 3401 1
756 2966 1
756 4562 1
756 1954 1
756 3740 1
756 1879 1
756 3216 1
756 688 1
756 1105 1
756 1505 1
756 247 1
756 1588 1
756 2079 1
756 224 1
756 4322 1
756 2092 1
756 4670 1
756 79 1
756 2770 1
756 359 1
756 1624 1
756 535 1
756 1578 1
756 2321 1
756 326 1
756 893 1
756 997 1
756 1596 1
756 2577 1
756 4548 1
756 132 1
756 3972 1
756 2578 1
756 861 1
756 2148 1
756 4422 1
756 33 1
756 362 1
757 1875 1
757 1879 1
757 4308 1
757 4751 1
757 4523 1
757 4000 1
757 636 1
757 2340 1
757 4122 1
757 3999 1
757 2578 1
757 3534 1
757 421 1
757 1077 1
757 947 1
757 3044 1
757 3857 1
757 290 1
757 4519 1
757 95 1
757 3274 1
757 2763 1
757 1236 1
757 2079 1
757 2173 1
757 2730 1
757 3740 1
757 4467 1
757 4401 1
757 3366 1
757 4423 1
757 1825 1
757 4380 1
757 1179 1
757 2912 1
757 2484 1
757 3871 1
757 348 1
757 2840 1
757 3669 1
757 1355 1
757 1671 1
757 2131 1
757 764 1
757 2402 1
757 1122 1
757 1105 1
757 3011 1
757 3241 1
757 24 1
757 2691 1
757 2577 1
757 3489 1
757 1954 1
757 3254 1
757 3329 1
757 4114 1
757 4339 1
757 3714 1
757 4104 1
757 3561 1
757 2382 1
757 3824 1
757 427 1
757 3246 1
757 4619 1
757 2881 1
757 3135 1
757 3967 1
757 1902 1
758 2850 1
758 2044 1
758 330 1
758 896 1
758 2474 1
758 430 1
758 1374 1
758 2715 1
758 1179 1
758 79 1
758 284 1
758 2131 1
758 408 1
758 1924 1
758 816 1
758 1803 1
758 2640 1
758 2321 1
758 247 1
758 4720 1
758 1334 1
758 1096 1
758 2531 1
758 4218 1
758 1621 1
758 3566 1
761 3718 1
761 4356 1
761 4475 1
761 1170 1
761 4700 1
761 1886 1
761 118 1
761 4744 1
761 2223 1
761 1759 1
765 3025 1
765 2875 1
765 2674 1
765 587 1
765 842 1
765 4416 1
765 2991 1
765 358 1
765 2193 1
765 4324 1
765 399 1
765 2629 1
765 258 1
765 3284 1
765 1566 1
765 976 1
765 2807 1
765 3346 1
765 378 1
765 1507 1
765 2873 1
765 3694 1
765 4690 1
765 2591 1
765 282 1
765 3574 1
765 959 1
765 1259 1
765 1193 1
765 1581 1
765 2595 1
765 1072 1
765 2457 1
765 2024 1
765 1586 1
765 2355 1
765 3859 1
765 154 1
767 1671 1
767 783 1
767 4122 1
767 930 1
767 4212 1
767 720 1
767 421 1
767 522 1
767 4467 1
767 1499 1
775 2655 1
775 2735 1
775 375 1
775 4182 1
775 590 1
775 1179 1
775 1610 1
775 714 1
775 3300 1
775 2740 1
775 4422 1
775 2153 1
775 2612 1
775 727 1
775 4065 1
775 1584 1
775 3972 1
775 1671 1
775 1476 1
775 2763 1
775 2362 1
775 1886 1
775 535 1
775 605 1
775 139 1
775 1624 1
775 3246 1
775 2681 1
775 1085 1
775 4122 1
775 2251 1
775 24 1
775 3894 1
775 1540 1
775 326 1
775 2364 1
775 1578 1
775 821 1
775 1619 1
775 2170 1
775 997 1
775 2023 1
775 562 1
775 493 1
775 4467 1
775 3859 1
775 3241 1
775 4584 1
775 3985 1
775 1710 1
775 456 1
775 3787 1
775 3737 1
775 522 1
775 3543 1
775 2577 1
775 2305 1
775 1759 1
775 2777 1
775 421 1
775 97 1
775 2956 1
775 4158 1
775 3215 1
775 3837 1
775 4744 1
775 893 1
775 3014 1
775 3196 1
775 1382 1
776 169 1
776 3866 1
779 350 1
779 1954 1
779 430 1
779 4054 1
779 1935 1
779 1331 1
780 3105 1
781 3606 1
781 3075 1
781 4422 1
781 2404 1
781 2612 1
781 4352 1
781 3608 1
783 1954 1
783 1069 1
783 930 1
783 4465 1
783 2173 1
783 1540 1
783 3787 1
783 347 1
786 3534 1
786 362 1
790 3708 1
790 4423 1
790 3328 1
790 4313 1
790 1953 1
790 187 1
790 930 1
790 4548 1
790 350 1
790 2724 1
790 2948 1
790 1879 1
790 2275 1
790 868 1
790 3459 1
790 3091 1
790 274 1
790 4173 1
790 4141 1
790 3467 1
790 3153 1
790 3714 1
790 2383 1
790 708 1
790 3628 1
790 1996 1
790 2092 1
790 1585 1
790 3401 1
790 4107 1
790 8 1
790 3871 1
790 1646 1
790 1952 1
790 3196 1
790 2967 1
790 3530 1
790 3845 1
790 3146 1
790 821 1
790 1752 1
790 1806 1
790 4603 1
790 322 1
792 720 1
795 562 1
795 1163 1
795 74 1
795 4663 1
795 434 1
795 3464 1
795 4423 1
795 2039 1
795 4072 1
795 4250 1
795 3952 1
795 116 1
795 189 1
795 2568 1
795 1499 1
795 3866 1
795 665 1
795 930 1
795 2293 1
795 3106 1
795 1752 1
795 4401 1
796 3921 1
796 535 1
796 2677 1
796 1476 1
796 2992 1
796 155 1
796 1952 1
796 3461 1
796 27 1
796 1849 1
796 3285 1
808 997 1
808 3488 1
808 2305 1
808 2484 1
808 945 1
808 2512 1
808 1902 1
808 2740 1
808 27 1
808 3972 1
809 1702 1
809 2449 1
809 77 1
809 1236 1
809 1540 1
809 3452 1
809 2116 1
809 328 1
809 3094 1
809 604 1
809 282 1
809 1763 1
812 4306 1
812 2025 1
812 4548 1
812 3972 1
812 1122 1
812 3534 1
812 3241 1
812 3682 1
812 2251 1
812 1610 1
817 4212 1
817 4548 1
817 67 1
817 3624 1
817 1298 1
817 3967 1
817 1071 1
817 4401 1
817 4125 1
817 3153 1
817 2881 1
817 4738 1
817 3031 1
817 625 1
817 2577 1
817 4744 1
817 152 1
817 4009 1
817 1910 1
817 2342 1
817 765 1
817 989 1
817 3597 1
817 214 1
817 930 1
817 2217 1
817 1105 1
817 4206 1
817 3866 1
817 3455 1
817 3293 1
817 3378 1
817 4068 1
817 2842 1
817 247 1
817 1077 1
817 77 1
817 3241 1
817 3368 1
817 3871 1
817 1954 1
817 74 1
817 1969 1
817 3282 1
817 3999 1
819 4001 1
819 284 1
819 3450 1
819 3374 1
819 2577 1
819 2987 1
820 2251 1
820 3520 1
820 4422 1
820 3507 1
820 1540 1
820 720 1
820 1122 1
820 3163 1
820 2197 1
820 1179 1
820 989 1
821 2079 1
821 2697 1
821 3498 1
821 1600 1
821 1324 1
821 350 1
821 3534 1
821 4001 1
821 1945 1
824 256 1
824 429 1
824 3010 1
824 3018 1
824 535 1
824 4364 1
824 1288 1
824 4618 1
824 2111 1
824 2516 1
824 2101 1
824 439 1
824 1594 1
824 4467 1
824 3088 1
824 3060 1
824 3267 1
824 3856 1
824 3979 1
824 3824 1
824 1773 1
824 67 1
824 3687 1
824 4491 1
824 3446 1
824 898 1
824 3847 1
824 803 1
824 8 1
824 236 1
824 764 1
824 1543 1
826 4422 1
833 161 1
833 3241 1
833 3628 1
833 1540 1
833 4548 1
833 3489 1
833 893 1
833 1071 1
835 1225 1
835 3507 1
835 2708 1
835 4021 1
835 27 1
835 4670 1
835 482 1
835 2577 1
835 782 1
837 3196 1
837 3281 1
837 3197 1
837 826 1
837 821 1
837 583 1
837 4422 1
837 2151 1
837 1610 1
837 2637 1
837 1203 1
837 4710 1
837 1212 1
837 1540 1
837 2986 1
837 2393 1
837 1578 1
837 1696 1
837 2092 1
837 1759 1
837 4751 1
841 3615 1
841 1879 1
841 765 1
841 4465 1
841 2039 1
844 3530 1
844 1122 1
844 2430 1
844 1601 1
844 1218 1
844 2966 1
845 2695 1
845 421 1
852 1953 1
852 2578 1
852 1575 1
852 362 1
852 3489 1
852 3714 1
852 393 1
852 4333 1
852 4542 1
852 3638 1
852 3153 1
852 2342 1
852 3636 1
852 3274 1
852 4548 1
852 3373 1
852 3246 1
852 4485 1
852 1857 1
852 2881 1
852 893 1
852 2948 1
852 2039 1
852 4422 1
852 3871 1
858 4467 1
858 3004 1
858 2273 1
858 1540 1
858 3183 1
858 3628 1
860 1542 1
860 3507 1
860 2987 1
860 4113 1
860 757 1
860 1621 1
860 2981 1
860 2922 1
860 1194 1
860 1803 1
860 330 1
860 3566 1
860 4218 1
860 4624 1
861 3380 1
861 1285 1
861 637 1
861 3064 1
861 859 1
861 4339 1
861 701 1
861 2117 1
861 375 1
861 218 1
861 3479 1
861 1835 1
861 2677 1
865 3871 1
865 4315 1
865 358 1
865 1784 1
865 930 1
865 2073 1
865 4231 1
865 2948 1
865 4632 1
865 2757 1
865 765 1
865 629 1
865 3541 1
865 2761 1
865 24 1
865 4542 1
865 633 1
865 2252 1
865 1765 1
865 3866 1
865 871 1
865 1566 1
865 790 1
865 4744 1
865 426 1
865 1825 1
865 2067 1
865 4562 1
865 840 1
865 3543 1
865 3718 1
865 4394 1
865 2148 1
865 3641 1
865 1224 1
865 3197 1
865 3489 1
865 2781 1
865 1567 1
865 3478 1
865 4092 1
865 751 1
865 3467 1
865 3614 1
865 3373 1
865 562 1
865 442 1
865 3963 1
865 3843 1
865 4449 1
865 1505 1
865 2974 1
865 2996 1
865 2475 1
865 3787 1
865 1406 1
865 3628 1
865 4548 1
865 2173 1
865 2804 1
865 1695 1
865 671 1
865 359 1
865 3837 1
865 950 1
865 4351 1
865 3021 1
865 3522 1
865 4191 1
865 2393 1
866 3824 1
867 4203 1
867 4467 1
867 4159 1
867 2092 1
867 4422 1
868 4422 1
868 24 1
872 375 1
872 2153 1
872 4553 1
872 4193 1
872 4104 1
872 4467 1
872 292 1
872 4158 1
872 720 1
872 82 1
872 399 1
872 4408 1
874 3667 1
874 3450 1
874 3864 1
875 2153 1
875 1917 1
875 1169 1
875 1783 1
875 1096 1
875 2577 1
879 3186 1
879 1376 1
879 1616 1
879 2777 1
879 4739 1
879 4703 1
879 2105 1
879 2874 1
879 4524 1
879 968 1
879 2325 1
879 1300 1
879 1139 1
879 1835 1
879 1596 1
879 1601 1
882 857 1
882 3277 1
882 483 1
882 102 1
882 4120 1
882 2540 1
882 4339 1
882 1183 1
882 282 1
882 4652 1
882 1089 1
882 3066 1
882 199 1
882 1647 1
882 1511 1
882 1737 1
882 1018 1
883 3291 1
883 2039 1
883 4422 1
883 3866 1
883 2092 1
883 4744 1
883 1825 1
883 4465 1
883 1139 1
883 3329 1
883 3787 1
883 3562 1
883 3740 1
883 2920 1
883 2043 1
883 1476 1
883 989 1
883 1763 1
883 3077 1
883 3972 1
883 1348 1
883 4036 1
883 1902 1
883 3267 1
883 1594 1
883 1224 1
883 4423 1
883 2577 1
889 858 1
889 1077 1
890 2152 1
890 4206 1
890 3197 1
890 2881 1
890 1067 1
894 3667 1
894 4744 1
894 1540 1
894 2612 1
894 703 1
894 360 1
895 3522 1
895 3241 1
895 3669 1
895 3654 1
897 3811 1
899 1203 1
899 3385 1
899 3914 1
899 3286 1
899 3446 1
899 2774 1
899 3464 1
899 3795 1
899 3811 1
899 2251 1
899 3952 1
899 3731 1
899 930 1
899 282 1
899 45 1
903 1348 1
903 1835 1
903 2352 1
903 4024 1
903 2293 1
903 4022 1
903 613 1
903 3197 1
903 2151 1
903 1630 1
903 2234 1
903 2336 1
903 2969 1
903 3246 1
909 1355 1
909 522 1
909 1578 1
909 350 1
909 2881 1
909 187 1
909 1879 1
909 1954 1
909 24 1
909 1540 1
909 2987 1
909 3871 1
909 3866 1
909 3534 1
913 1578 1
913 3154 1
913 628 1
913 1610 1
913 2163 1
916 2092 1
916 3628 1
916 1566 1
924 223 1
924 2005 1
924 4307 1
924 2484 1
924 1960 1
924 1236 1
924 2507 1
924 3507 1
924 2657 1
924 419 1
924 1711 1
924 2956 1
924 2044 1
924 421 1
924 1297 1
924 3866 1
924 2577 1
924 95 1
924 3399 1
924 2780 1
924 378 1
924 2668 1
924 4158 1
924 3904 1
924 1196 1
924 1773 1
924 3546 1
924 3116 1
924 3254 1
924 3154 1
924 4422 1
924 1761 1
924 3955 1
924 4744 1
924 838 1
924 298 1
924 3300 1
924 1238 1
924 2922 1
924 4021 1
924 1540 1
924 1252 1
924 1109 1
924 3450 1
924 874 1
924 1933 1
924 1203 1
924 599 1
924 1007 1
924 847 1
924 3329 1
924 2382 1
924 1616 1
924 4240 1
924 2714 1
924 4525 1
924 997 1
924 3522 1
924 3567 1
924 3496 1
924 1218 1
924 3860 1
926 2922 1
926 838 1
926 27 1
926 3904 1
926 2873 1
926 404 1
927 2881 1
927 350 1
927 1194 1
927 765 1
927 2275 1
927 3153 1
927 4562 1
927 2020 1
927 2530 1
927 1891 1
927 3534 1
927 2219 1
927 4540 1
927 2578 1
927 4511 1
927 4401 1
927 4380 1
927 940 1
928 1105 1
928 358 1
928 765 1
931 3241 1
931 2881 1
933 1348 1
933 2577 1
933 3439 1
933 4422 1
933 1540 1
933 1105 1
933 2311 1
933 1945 1
933 1166 1
933 3241 1
933 2748 1
933 522 1
933 1891 1
933 2996 1
933 2219 1
933 3513 1
933 1584 1
933 4467 1
933 3967 1
933 2578 1
933 2273 1
933 2474 1
933 2585 1
933 893 1
933 3795 1
933 359 1
933 2966 1
933 930 1
933 217 1
933 4542 1
933 390 1
933 3999 1
933 3669 1
933 4401 1
933 2251 1
933 4744 1
933 1406 1
933 65 1
933 1610 1
933 1224 1
933 4548 1
933 1954 1
934 2372 1
934 4422 1
934 3980 1
934 1578 1
934 4318 1
934 1759 1
934 247 1
934 535 1
934 4761 1
934 3196 1
934 3534 1
934 816 1
937 1122 1
937 1954 1
937 1931 1
938 3197 1
938 4751 1
940 399 1
940 1702 1
947 358 1
947 2024 1
947 1952 1
947 3452 1
947 3749 1
947 1780 1
947 930 1
947 1258 1
947 1702 1
947 3379 1
947 2081 1
947 1546 1
947 847 1
947 443 1
947 419 1
947 133 1
947 874 1
947 825 1
947 258 1
947 2681 1
947 3921 1
947 1240 1
947 1072 1
947 4408 1
947 3925 1
947 3998 1
947 931 1
947 4193 1
947 1254 1
947 2658 1
947 1865 1
947 3170 1
947 9 1
947 4021 1
947 2730 1
947 2105 1
947 31 1
947 16 1
947 3545 1
947 4043 1
954 4132 1
954 1095 1
955 4001 1
955 1902 1
955 522 1
955 421 1
955 1970 1
955 4302 1
955 930 1
955 1540 1
955 997 1
955 1122 1
955 2577 1
955 2484 1
955 3534 1
955 3795 1
955 24 1
955 1135 1
955 2612 1
955 2393 1
955 4422 1
955 1610 1
955 436 1
955 4672 1
955 2273 1
955 247 1
955 3667 1
955 3291 1
955 3606 1
955 2092 1
955 1578 1
958 4122 1
958 316 1
958 402 1
958 2092 1
958 3140 1
958 2987 1
958 535 1
958 1373 1
958 2577 1
958 2219 1
958 3597 1
958 77 1
958 2740 1
958 1646 1
958 4631 1
958 1902 1
958 3967 1
960 3246 1
960 3507 1
960 1759 1
960 2407 1
960 1018 1
960 2766 1
960 67 1
960 4197 1
960 2577 1
960 1222 1
960 4367 1
960 1849 1
962 3197 1
962 78 1
962 3196 1
962 2305 1
963 3507 1
967 3999 1
967 4744 1
967 224 1
967 417 1
967 4335 1
967 1056 1
967 757 1
967 2612 1
967 1236 1
967 2703 1
967 1594 1
967 893 1
967 2920 1
967 3196 1
967 626 1
967 1619 1
967 2943 1
967 24 1
967 2012 1
967 179 1
967 1373 1
967 2748 1
967 4548 1
967 2092 1
967 1314 1
967 2816 1
967 78 1
967 868 1
967 535 1
967 997 1
967 2448 1
967 2577 1
967 4748 1
967 3669 1
969 1540 1
972 1778 1
972 1304 1
972 3628 1
973 3714 1
973 3567 1
973 4102 1
973 2293 1
973 2956 1
973 4024 1
973 3144 1
973 1285 1
973 1610 1
973 3450 1
973 365 1
973 683 1
974 2577 1
974 1540 1
974 1578 1
974 3241 1
974 1759 1
974 3866 1
974 4401 1
974 2148 1
974 4423 1
974 3291 1
974 3534 1
974 2748 1
974 893 1
974 4755 1
976 3241 1
976 3719 1
976 3866 1
976 3480 1
977 3534 1
977 3153 1
977 765 1
977 4557 1
977 3972 1
980 3107 1
980 2911 1
980 3241 1
980 4422 1
980 134 1
980 1954 1
980 1556 1
980 332 1
980 2643 1
980 4548 1
983 1684 1
983 368 1
983 2828 1
983 1300 1
983 375 1
983 1644 1
984 3507 1
984 4491 1
984 4562 1
984 2859 1
984 3788 1
984 4467 1
984 3241 1
984 1122 1
984 1540 1
984 2340 1
984 2881 1
984 3534 1
984 765 1
984 2577 1
984 893 1
984 4064 1
984 1118 1
984 4670 1
984 4266 1
984 1105 1
984 4542 1
984 2131 1
984 4401 1
984 1236 1
984 4540 1
984 4548 1
984 1462 1
984 1699 1
984 1355 1
984 1077 1
984 2748 1
994 2105 1
996 4422 1
996 1540 1
996 2657 1
996 4478 1
996 1855 1
996 2542 1
996 4240 1
998 3824 1
998 337 1
998 3999 1
998 535 1
998 4124 1
998 893 1
998 4422 1
998 4216 1
998 2484 1
998 2092 1
1001 3464 1
1004 2456 1
1004 3291 1
1004 1025 1
1004 3507 1
1004 860 1
1004 3217 1
1005 3291 1
1005 1558 1
1005 4744 1
1005 4717 1
1005 1122 1
1005 997 1
1005 2690 1
1005 2039 1
1005 375 1
1005 1540 1
1005 2092 1
1005 2577 1
1005 3196 1
1005 318 1
1005 1273 1
1005 1179 1
1006 3972 1
1006 1105 1
1007 1540 1
1007 3522 1
1007 1947 1
1007 132 1
1007 2577 1
1007 4224 1
1007 522 1
1007 27 1
1007 247 1
1007 2119 1
1007 4744 1
1007 2996 1
1007 2763 1
1009 2382 1
1009 4177 1
1009 1610 1
1009 4467 1
1009 4744 1
1009 4422 1
1009 2748 1
1009 24 1
1009 2393 1
1009 1122 1
1009 2031 1
1012 3246 1
1012 4231 1
1012 1610 1
1012 2577 1
1012 3735 1
1012 2730 1
1012 3459 1
1012 857 1
1012 2342 1
1012 765 1
1012 4009 1
1012 3534 1
1012 1355 1
1012 1122 1
1012 3628 1
1012 3241 1
1012 1105 1
1012 2618 1
1012 2920 1
1012 4422 1
1012 3348 1
1012 2251 1
1012 3795 1
1012 3866 1
1012 1763 1
1012 282 1
1012 3546 1
1012 714 1
1016 208 1
1016 4117 1
1016 3507 1
1016 790 1
1016 3328 1
1016 4553 1
1017 4547 1
1017 1855 1
1017 2028 1
1017 3537 1
1023 4339 1
1023 1572 1
1023 841 1
1023 2092 1
1023 1540 1
1023 1114 1
1023 1589 1
1023 3241 1
1023 3534 1
1023 385 1
1023 67 1
1023 1077 1
1023 2615 1
1023 3164 1
1023 4422 1
1023 3638 1
1023 4125 1
1023 1218 1
1023 475 1
1023 1954 1
1024 4422 1
1024 4122 1
1024 2573 1
1024 375 1
1024 930 1
1024 2612 1
1024 1540 1
1026 4640 1
1026 1897 1
1026 4605 1
1026 3904 1
1026 378 1
1026 1855 1
1026 75 1
1026 247 1
1026 3502 1
1026 2752 1
1026 2334 1
1026 3897 1
1026 562 1
1026 4606 1
1026 4031 1
1026 1359 1
1026 30 1
1026 3936 1
1026 4122 1
1026 1787 1
1026 782 1
1026 1863 1
1026 3254 1
1026 1196 1
1026 1313 1
1026 1902 1
1026 522 1
1026 4702 1
1026 2612 1
1026 2577 1
1026 948 1
1026 907 1
1029 4401 1
1029 1105 1
1029 3638 1
1029 3011 1
1029 4380 1
1029 947 1
1029 3714 1
1029 2219 1
1029 1945 1
1029 350 1
1031 2651 1
1031 3188 1
1031 878 1
1031 2577 1
1031 2105 1
1031 2503 1
1031 2612 1
1032 3241 1
1032 2299 1
1035 1041 1
1035 3982 1
1035 4171 1
1035 4548 1
1035 843 1
1035 1954 1
1035 3571 1
1035 1759 1
1035 4306 1
1035 893 1
1035 4022 1
1035 2117 1
1035 3090 1
1035 4423 1
1035 535 1
1035 183 1
1035 3205 1
1035 3300 1
1035 4475 1
1035 997 1
1035 4751 1
1035 3534 1
1035 2697 1
1035 1139 1
1035 4422 1
1035 3197 1
1035 1324 1
1036 1763 1
1036 3507 1
1036 3866 1
1036 4548 1
1036 2966 1
1036 4659 1
1036 3088 1
1037 247 1
1037 1610 1
1037 985 1
1037 3866 1
1037 3291 1
1037 28 1
1037 4021 1
1037 4424 1
1037 4670 1
1037 3241 1
1037 1185 1
1037 2577 1
1041 27 1
1041 4545 1
1041 1921 1
1041 931 1
1044 1610 1
1047 1203 1
1047 2917 1
1047 1902 1
1047 4548 1
1047 3384 1
1047 1122 1
1047 3638 1
1047 4423 1
1047 2200 1
1047 2577 1
1047 2382 1
1047 1236 1
1047 4523 1
1047 350 1
1047 888 1
1047 4405 1
1055 3401 1
1055 3197 1
1057 3021 1
1057 24 1
1057 1203 1
1058 4159 1
1058 3281 1
1058 3366 1
1058 1135 1
1058 1302 1
1058 1071 1
1058 2267 1
1066 378 1
1066 2795 1
1066 1505 1
1066 1986 1
1066 2000 1
1066 1216 1
1066 3531 1
1066 1902 1
1066 747 1
1066 2082 1
1066 1179 1
1066 783 1
1066 150 1
1066 2728 1
1066 2044 1
1066 816 1
1066 4195 1
1066 4346 1
1075 3308 1
1075 1703 1
1075 637 1
1075 12 1
1075 183 1
1075 1169 1
1075 816 1
1075 631 1
1075 4559 1
1075 4345 1
1075 4514 1
1075 1085 1
1075 1945 1
1075 658 1
1075 4021 1
1075 2061 1
1075 2305 1
1075 753 1
1075 2117 1
1075 1139 1
1075 371 1
1075 3246 1
1075 1752 1
1075 2780 1
1075 4212 1
1075 3943 1
1075 4744 1
1075 2382 1
1075 1507 1
1075 2822 1
1075 123 1
1075 3718 1
1075 177 1
1075 1117 1
1075 3934 1
1075 3498 1
1075 3375 1
1075 1235 1
1075 4401 1
1075 377 1
1075 305 1
1075 4423 1
1075 3464 1
1075 1596 1
1075 4678 1
1075 3869 1
1075 2919 1
1075 4690 1
1075 3102 1
1075 4068 1
1075 1909 1
1075 1373 1
1075 3571 1
1075 1608 1
1075 1760 1
1075 821 1
1075 4001 1
1075 2012 1
1075 2564 1
1075 2136 1
1075 1835 1
1075 2784 1
1075 2716 1
1075 1309 1
1075 1106 1
1075 859 1
1075 1603 1
1075 2727 1
1075 1451 1
1075 3882 1
1078 757 1
1078 4250 1
1078 3522 1
1079 375 1
1088 2577 1
1100 3385 1
1100 1324 1
1100 1118 1
1107 4496 1
1107 1593 1
1108 3871 1
1108 1953 1
1108 2948 1
1108 765 1
1108 1071 1
1108 4295 1
1108 1077 1
1108 2299 1
1112 2382 1
1112 3197 1
1112 1110 1
1112 535 1
1112 442 1
1112 3291 1
1112 3078 1
1112 1067 1
1112 4475 1
1112 4423 1
1112 4574 1
1112 1505 1
1112 3507 1
1112 3795 1
1112 2487 1
1112 417 1
1112 730 1
1112 2792 1
1112 1251 1
1112 3241 1
1112 2311 1
1112 4511 1
1112 199 1
1112 4422 1
1112 350 1
1112 4179 1
1112 1803 1
1112 4212 1
1112 3534 1
1112 4206 1
1112 3010 1
1112 2920 1
1115 247 1
1115 3267 1
1115 3735 1
1115 2987 1
1115 3972 1
1115 3912 1
1115 4266 1
1115 3507 1
1115 1540 1
1115 2816 1
1115 3450 1
1115 2920 1
1115 3866 1
1115 1506 1
1116 3972 1
1116 2273 1
1116 3385 1
1117 4067 1
1117 3154 1
1117 2229 1
1117 375 1
1117 3829 1
1117 737 1
1117 2577 1
1117 2273 1
1117 3937 1
1117 790 1
1117 4314 1
1117 2956 1
1117 3102 1
1117 1594 1
1120 4548 1
1121 888 1
1125 4467 1
1125 4086 1
1125 720 1
1125 1594 1
1125 2484 1
1125 132 1
1132 1621 1
1132 3866 1
1132 1118 1
1135 1683 1
1135 1072 1
1135 3165 1
1135 3385 1
1135 788 1
1135 4756 1
1135 3339 1
1135 2873 1
1135 2153 1
1135 1564 1
1135 3014 1
1135 3280 1
1135 631 1
1135 2657 1
1135 3818 1
1135 3399 1
1135 3721 1
1135 3874 1
1135 591 1
1135 3049 1
1135 3753 1
1135 1300 1
1135 282 1
1135 1914 1
1137 838 1
1137 2987 1
1137 2108 1
1137 3663 1
1137 4422 1
1137 3049 1
1137 27 1
1138 2484 1
1138 760 1
1138 4756 1
1138 2598 1
1138 1540 1
1138 997 1
1138 782 1
1138 3507 1
1138 3385 1
1138 2092 1
1138 1118 1
1138 1324 1
1138 4659 1
1138 821 1
1138 4001 1
1138 3399 1
1138 1429 1
1138 4467 1
1138 417 1
1138 4465 1
1138 4043 1
1138 2577 1
1138 3972 1
1138 3546 1
1138 2382 1
1138 3373 1
1142 1540 1
1142 3863 1
1142 4273 1
1142 1122 1
1142 2023 1
1142 475 1
1142 3245 1
1145 1982 1
1145 2305 1
1145 3196 1
1145 535 1
1145 78 1
1145 754 1
1145 2358 1
1153 2219 1
1153 1624 1
1153 3534 1
1153 3274 1
1153 2717 1
1153 2881 1
1153 801 1
1153 475 1
1153 3871 1
1153 3866 1
1153 2578 1
1153 1879 1
1153 1699 1
1153 4401 1
1158 3410 1
1158 2695 1
1158 3811 1
1158 187 1
1158 1505 1
1158 3164 1
1160 927 1
1160 1203 1
1160 3972 1
1160 4467 1
1160 1902 1
1160 1348 1
1160 2573 1
1160 2382 1
1163 924 1
1163 4402 1
1163 2429 1
1163 2763 1
1163 3135 1
1163 3837 1
1163 2021 1
1163 4016 1
1163 3399 1
1163 2382 1
1163 522 1
1163 4150 1
1163 2397 1
1163 3154 1
1163 3231 1
1163 4023 1
1163 3830 1
1163 1487 1
1163 3230 1
1163 950 1
1163 4575 1
1163 1931 1
1163 3267 1
1163 765 1
1163 3994 1
1163 2029 1
1163 3376 1
1163 1835 1
1163 4465 1
1163 4418 1
1163 2072 1
1163 2131 1
1163 4700 1
1163 3528 1
1163 4171 1
1163 3667 1
1163 2780 1
1163 1889 1
1163 1179 1
1163 816 1
1163 3251 1
1163 959 1
1163 375 1
1163 3562 1
1163 535 1
1165 146 1
1165 838 1
1165 4338 1
1165 3103 1
1165 9 1
1165 842 1
1165 2558 1
1165 2192 1
1165 782 1
1165 4467 1
1165 3049 1
1165 874 1
1165 1254 1
1165 1818 1
1169 4122 1
1169 2299 1
1169 3606 1
1169 947 1
1169 3521 1
1169 3009 1
1169 2039 1
1169 1071 1
1169 3667 1
1169 422 1
1169 790 1
1169 1013 1
1169 714 1
1169 3401 1
1169 663 1
1169 1954 1
1169 3866 1
1169 4670 1
1169 4696 1
1169 169 1
1169 4072 1
1169 1891 1
1169 2920 1
1169 4422 1
1169 4401 1
1169 1575 1
1169 1373 1
1169 1902 1
1169 2092 1
1169 1601 1
1169 1077 1
1169 3871 1
1169 3972 1
1169 3135 1
1169 1110 1
1169 3366 1
1169 893 1
1169 3811 1
1169 3241 1
1169 3422 1
1169 4380 1
1172 1300 1
1172 4756 1
1173 3197 1
1173 535 1
1175 2041 1
1175 421 1
1175 1578 1
1175 1179 1
1175 3864 1
1175 1476 1
1180 3450 1
1180 2655 1
1180 1077 1
1180 2170 1
1181 3305 1
1181 3440 1
1181 2105 1
1181 4250 1
1181 98 1
1181 863 1
1181 3446 1
1181 3233 1
1181 2431 1
1181 1902 1
1181 163 1
1181 2044 1
1181 1950 1
1181 4147 1
1181 792 1
1181 2883 1
1181 1476 1
1181 4346 1
1183 3489 1
1185 570 1
1185 2577 1
1187 930 1
1187 2866 1
1187 4589 1
1187 2875 1
1187 3693 1
1187 397 1
1187 2921 1
1187 1902 1
1187 4036 1
1187 149 1
1187 1540 1
1187 2069 1
1187 2577 1
1187 3539 1
1187 1122 1
1187 2582 1
1187 857 1
1187 3960 1
1187 2922 1
1187 516 1
1187 1610 1
1187 2612 1
1187 555 1
1187 498 1
1187 370 1
1187 2092 1
1187 1190 1
1187 2480 1
1187 3567 1
1187 2801 1
1187 1556 1
1187 2748 1
1187 282 1
1187 970 1
1187 3561 1
1187 1197 1
1187 2605 1
1187 3452 1
1188 4122 1
1188 1313 1
1189 375 1
1189 1540 1
1189 4519 1
1189 782 1
1189 4122 1
1189 3281 1
1189 3507 1
1195 4579 1
1195 1072 1
1195 4254 1
1195 3105 1
1195 4256 1
1195 1978 1
1195 2366 1
1195 4232 1
1195 146 1
1195 1559 1
1195 419 1
1195 3452 1
1195 3446 1
1195 1692 1
1195 857 1
1195 3338 1
1195 16 1
1195 2126 1
1195 4011 1
1195 3200 1
1195 9 1
1195 2132 1
1195 948 1
1195 4043 1
1195 4193 1
1195 208 1
1195 2956 1
1195 2363 1
1195 3752 1
1195 1029 1
1195 977 1
1195 2364 1
1195 771 1
1195 3925 1
1195 267 1
1195 1383 1
1195 878 1
1195 3998 1
1198 4202 1
1199 4004 1
1199 947 1
1199 1953 1
1200 1540 1
1200 3266 1
1200 3291 1
1200 3507 1
1200 4122 1
1200 67 1
1200 3034 1
1200 2159 1
1200 941 1
1200 671 1
1200 790 1
1200 247 1
1200 930 1
1200 4306 1
1200 1856 1
1200 981 1
1200 2039 1
1200 3667 1
1200 2595 1
1200 2131 1
1200 1236 1
1200 2573 1
1200 989 1
1200 1610 1
1200 3859 1
1200 2577 1
1201 1947 1
1203 4512 1
1208 1594 1
1208 997 1
1209 3009 1
1210 3399 1
1210 4422 1
1210 4029 1
1210 1540 1
1210 1761 1
1210 1224 1
1210 2474 1
1210 1122 1
1210 1996 1
1210 2920 1
1210 4748 1
1210 2577 1
1210 27 1
1210 4553 1
1210 588 1
1210 4195 1
1216 653 1
1216 1135 1
1216 3714 1
1216 2577 1
1216 3546 1
1216 421 1
1216 1179 1
1216 4467 1
1216 803 1
1216 3489 1
1218 1596 1
1218 4194 1
1218 2873 1
1218 399 1
1218 4024 1
1218 3829 1
1218 1711 1
1218 3373 1
1218 2313 1
1218 1855 1
1218 3470 1
1218 3077 1
1218 2598 1
1218 3827 1
1218 1557 1
1218 931 1
1223 3465 1
1223 3859 1
1223 1613 1
1223 2873 1
1223 699 1
1223 838 1
1223 1179 1
1223 3878 1
1223 1095 1
1223 1196 1
1223 2674 1
1223 146 1
1223 3945 1
1223 4553 1
1223 2069 1
1223 1072 1
1223 1663 1
1223 2037 1
1224 3853 1
1224 4179 1
1224 3241 1
1224 1540 1
1224 1418 1
1224 4744 1
1224 4001 1
1226 3930 1
1226 4001 1
1226 1835 1
1226 375 1
1226 3197 1
1226 838 1
1226 282 1
1226 208 1
1226 4072 1
1235 2612 1
1235 1610 1
1235 247 1
1235 3291 1
1235 360 1
1235 95 1
1235 4670 1
1235 3196 1
1235 1122 1
1235 945 1
1235 3241 1
1235 1954 1
1235 3972 1
1235 1540 1
1235 3659 1
1235 893 1
1235 3245 1
1235 2148 1
1235 1835 1
1235 3795 1
1235 475 1
1235 3012 1
1235 4001 1
1235 3267 1
1235 3567 1
1235 456 1
1235 137 1
1235 2730 1
1235 3999 1
1235 906 1
1238 801 1
1238 3241 1
1238 2578 1
1238 4542 1
1243 1139 1
1243 3197 1
1243 2288 1
1243 4615 1
1244 4122 1
1244 3795 1
1244 4422 1
1244 3018 1
1246 1646 1
1246 1013 1
1246 2474 1
1246 3952 1
1255 1139 1
1255 1880 1
1255 4422 1
1255 4266 1
1255 2578 1
1255 635 1
1256 3373 1
1256 1540 1
1256 3452 1
1256 1594 1
1256 4475 1
1256 3291 1
1256 4553 1
1256 831 1
1256 1621 1
1256 522 1
1256 3135 1
1256 375 1
1256 2956 1
1256 2092 1
1256 1488 1
1256 1238 1
1256 4422 1
1256 1119 1
1256 3267 1
1256 4339 1
1256 1763 1
1256 3104 1
1256 671 1
1256 2393 1
1256 1541 1
1256 132 1
1256 3495 1
1257 794 1
1257 1952 1
1257 4444 1
1257 2484 1
1257 2777 1
1257 3073 1
1257 3450 1
1257 4103 1
1257 2069 1
1257 2269 1
1257 4702 1
1257 1821 1
1257 2449 1
1257 3219 1
1257 4756 1
1257 748 1
1257 4083 1
1257 670 1
1257 3010 1
1257 2820 1
1257 1196 1
1257 1116 1
1257 3021 1
1257 2430 1
1257 2473 1
1257 924 1
1257 838 1
1257 4465 1
1257 4589 1
1257 2605 1
1257 906 1
1257 878 1
1257 4113 1
1257 1996 1
1257 45 1
1257 1683 1
1257 2333 1
1257 2873 1
1257 4159 1
1257 3452 1
1257 4443 1
1257 542 1
1257 3241 1
1257 4422 1
1257 4631 1
1257 1542 1
1257 1540 1
1257 3077 1
1257 1582 1
1257 546 1
1257 4498 1
1257 1799 1
1257 4478 1
1257 760 1
1257 1960 1
1257 370 1
1257 2363 1
1257 539 1
1257 1348 1
1257 566 1
1257 1268 1
1257 3385 1
1257 666 1
1257 3160 1
1257 1199 1
1257 399 1
1257 2577 1
1257 2542 1
1257 1313 1
1257 2850 1
1259 4465 1
1259 4587 1
1259 916 1
1264 1992 1
1264 1236 1
1264 4394 1
1264 4467 1
1264 2748 1
1264 2089 1
1268 4422 1
1268 2092 1
1268 893 1
1268 3241 1
1268 1118 1
1268 4562 1
1268 2656 1
1268 4000 1
1272 3507 1
1272 4122 1
1272 1540 1
1272 1624 1
1274 2025 1
1274 3661 1
1274 3125 1
1274 3197 1
1278 2023 1
1278 2308 1
1278 4734 1
1278 3735 1
1278 1366 1
1278 1553 1
1278 1122 1
1278 2907 1
1278 1143 1
1278 1322 1
1281 4423 1
1281 4295 1
1281 1544 1
1281 2131 1
1281 2920 1
1281 4000 1
1281 653 1
1281 3392 1
1281 3884 1
1281 1139 1
1281 2299 1
1281 1578 1
1281 3818 1
1281 633 1
1281 290 1
1281 535 1
1281 4079 1
1281 1016 1
1281 3740 1
1281 1857 1
1281 3075 1
1281 1891 1
1281 3871 1
1281 1309 1
1281 4548 1
1281 1983 1
1281 2948 1
1281 3373 1
1281 1129 1
1281 4562 1
1281 350 1
1281 822 1
1281 3281 1
1281 3952 1
1281 1252 1
1281 4542 1
1281 2039 1
1281 2854 1
1281 1505 1
1281 3468 1
1281 3135 1
1281 2142 1
1281 2578 1
1281 3714 1
1281 3436 1
1281 1803 1
1281 2474 1
1281 2484 1
1281 1071 1
1281 2092 1
1281 4159 1
1281 4751 1
1281 1610 1
1281 1102 1
1281 2921 1
1281 790 1
1281 1406 1
1281 4523 1
1281 1067 1
1281 765 1
1281 2275 1
1281 46 1
1281 1118 1
1281 4178 1
1281 1961 1
1281 4306 1
1281 3811 1
1281 4499 1
1281 2041 1
1281 3009 1
1284 1072 1
1284 878 1
1284 4703 1
1285 2777 1
1285 1610 1
1288 2180 1
1288 2273 1
1288 1122 1
1288 378 1
1288 3653 1
1288 4213 1
1288 1365 1
1288 162 1
1288 1116 1
1288 3488 1
1288 1375 1
1288 4498 1
1288 4029 1
1288 3246 1
1289 1566 1
1289 4009 1
1289 2770 1
1289 3638 1
1289 1077 1
1289 765 1
1289 1954 1
1289 2881 1
1289 3366 1
1289 4542 1
1289 2173 1
1289 1879 1
1289 350 1
1289 3714 1
1289 2219 1
1289 1355 1
1289 4423 1
1289 4380 1
1289 3615 1
1289 1857 1
1289 2299 1
1289 362 1
1289 3857 1
1289 1071 1
1289 3967 1
1290 27 1
1291 1646 1
1291 189 1
1291 291 1
1291 1505 1
1291 3246 1
1291 4300 1
1291 2092 1
1291 2519 1
1291 1540 1
1291 2639 1
1291 3999 1
1291 3972 1
1291 3196 1
1291 3173 1
1292 378 1
1292 3972 1
1292 1505 1
1292 3866 1
1292 2092 1
1292 24 1
1292 1610 1
1293 3507 1
1293 3197 1
1293 3164 1
1293 4643 1
1293 1902 1
1293 1414 1
1293 1445 1
1293 1359 1
1293 4243 1
1293 436 1
1293 3824 1
1293 148 1
1293 2299 1
1293 2159 1
1293 417 1
1293 3104 1
1293 4115 1
1293 27 1
1293 4702 1
1293 997 1
1293 1803 1
1293 1540 1
1293 3841 1
1293 1012 1
1293 4345 1
1293 4492 1
1293 1610 1
1293 857 1
1293 3150 1
1293 1348 1
1293 535 1
1293 3327 1
1293 4467 1
1293 2748 1
1293 3562 1
1293 3934 1
1293 734 1
1294 4408 1
1294 874 1
1294 1644 1
1294 2116 1
1294 3477 1
1294 3406 1
1294 1692 1
1294 4422 1
1294 419 1
1294 2037 1
1294 3379 1
1294 1578 1
1294 225 1
1294 2126 1
1294 1572 1
1294 2542 1
1294 1721 1
1294 2121 1
1294 1682 1
1294 4339 1
1294 9 1
1294 833 1
1294 1569 1
1294 1295 1
1294 2335 1
1294 1791 1
1294 1375 1
1294 1968 1
1294 4133 1
1294 1005 1
1294 27 1
1294 4644 1
1294 3367 1
1294 931 1
1294 2873 1
1294 4045 1
1294 1902 1
1294 3385 1
1294 760 1
1294 591 1
1294 1763 1
1294 1767 1
1294 2598 1
1294 1931 1
1294 169 1
1294 2340 1
1294 825 1
1294 258 1
1294 1865 1
1294 1583 1
1294 2829 1
1294 1506 1
1294 4553 1
1295 3566 1
1295 4122 1
1295 2382 1
1295 3197 1
1295 3291 1
1300 2577 1
1300 1118 1
1306 2043 1
1306 350 1
1306 3011 1
1306 3871 1
1306 2881 1
1306 2219 1
1306 1071 1
1307 3817 1
1307 4345 1
1307 2484 1
1307 3241 1
1307 2922 1
1307 4422 1
1307 2740 1
1307 2887 1
1307 2223 1
1307 2748 1
1309 3241 1
1309 2092 1
1309 1578 1
1311 1954 1
1311 4423 1
1311 4491 1
1311 1835 1
1311 2740 1
1311 2092 1
1311 2248 1
1311 4306 1
1311 3972 1
1311 671 1
1311 893 1
1311 3241 1
1311 1610 1
1311 3489 1
1311 2612 1
1311 2966 1
1311 3795 1
1311 3912 1
1311 4422 1
1311 1314 1
1311 3536 1
1311 1077 1
1311 256 1
1311 3534 1
1313 1521 1
1313 4422 1
1313 3254 1
1313 4172 1
1313 2577 1
1313 2559 1
1313 322 1
1313 4690 1
1313 1540 1
1313 1354 1
1313 3102 1
1313 3653 1
1313 3145 1
1313 4738 1
1313 1324 1
1313 3972 1
1313 930 1
1313 2690 1
1313 3291 1
1313 1505 1
1313 4380 1
1313 1139 1
1313 4107 1
1313 4122 1
1313 3197 1
1313 1578 1
1318 2382 1
1318 4122 1
1318 3154 1
1318 4582 1
1318 4670 1
1318 2273 1
1318 4467 1
1318 678 1
1318 1835 1
1318 3538 1
1318 267 1
1318 535 1
1318 1218 1
1318 2263 1
1318 2351 1
1318 3291 1
1318 3578 1
1318 3124 1
1318 4159 1
1318 3336 1
1318 2092 1
1318 4171 1
1318 225 1
1318 3399 1
1318 1122 1
1318 358 1
1318 4043 1
1318 4422 1
1318 32 1
1318 4055 1
1318 3127 1
1318 2577 1
1318 1629 1
1318 1179 1
1318 1975 1
1318 1373 1
1318 3972 1
1318 3546 1
1318 4032 1
1318 3115 1
1321 1928 1
1321 27 1
1321 3197 1
1321 1309 1
1321 3246 1
1321 2577 1
1321 1651 1
1321 4467 1
1321 685 1
1321 898 1
1321 3546 1
1321 2366 1
1321 282 1
1321 73 1
1321 1348 1
1321 1203 1
1321 419 1
1327 3999 1
1327 3667 1
1327 4548 1
1327 3507 1
1327 3450 1
1327 2092 1
1327 3866 1
1327 247 1
1327 330 1
1327 2969 1
1327 1505 1
1327 3897 1
1327 3241 1
1327 4122 1
1327 3329 1
1331 378 1
1331 375 1
1331 1373 1
1331 3546 1
1331 1601 1
1332 3972 1
1332 4082 1
1332 1578 1
1332 3507 1
1332 4422 1
1333 4401 1
1333 283 1
1333 337 1
1333 1454 1
1333 1799 1
1333 4676 1
1333 4335 1
1333 2430 1
1333 3401 1
1333 2569 1
1333 3714 1
1337 790 1
1338 1578 1
1338 4367 1
1338 1759 1
1338 4389 1
1338 3246 1
1338 502 1
1338 1436 1
1338 4422 1
1338 4467 1
1338 4755 1
1346 371 1
1346 3983 1
1346 2051 1
1346 1602 1
1346 2127 1
1349 1041 1
1349 4467 1
1353 2305 1
1359 2920 1
1359 1224 1
1361 1733 1
1361 3281 1
1361 2159 1
1361 2392 1
1361 2223 1
1361 2217 1
1361 2393 1
1361 2917 1
1361 4744 1
1361 3606 1
1361 1499 1
1361 2763 1
1361 375 1
1361 1203 1
1361 1012 1
1361 163 1
1361 4548 1
1361 930 1
1361 768 1
1361 1902 1
1361 78 1
1361 3792 1
1361 4449 1
1361 3740 1
1361 3474 1
1361 1085 1
1361 1224 1
1361 2329 1
1361 3450 1
1361 421 1
1361 2609 1
1361 1835 1
1361 1624 1
1361 436 1
1361 997 1
1361 2920 1
1361 3342 1
1361 3154 1
1361 2681 1
1361 826 1
1361 1139 1
1361 989 1
1361 1566 1
1361 1540 1
1361 4346 1
1361 3664 1
1361 1601 1
1361 4040 1
1361 3713 1
1361 4678 1
1361 3804 1
1361 3543 1
1361 3197 1
1361 3744 1
1361 1872 1
1361 24 1
1362 751 1
1362 3329 1
1362 2275 1
1362 4445 1
1362 1962 1
1362 4369 1
1362 3287 1
1362 902 1
1362 3827 1
1362 3914 1
1362 2234 1
1364 1105 1
1364 2730 1
1364 3360 1
1367 671 1
1367 3546 1
1367 1540 1
1367 1972 1
1367 3450 1
1367 4485 1
1367 1511 1
1367 4338 1
1367 1947 1
1367 2308 1
1367 3135 1
1370 1065 1
1371 3522 1
1378 3811 1
1378 1646 1
1378 3464 1
1378 4467 1
1378 1096 1
1379 1879 1
1379 1578 1
1379 2159 1
1379 1540 1
1379 4548 1
1379 160 1
1379 2148 1
1379 1105 1
1379 3197 1
1379 3999 1
1379 3871 1
1379 4423 1
1379 1236 1
1379 1835 1
1379 3866 1
1379 475 1
1379 4542 1
1379 2681 1
1380 3160 1
1380 2558 1
1380 2518 1
1380 1229 1
1380 2595 1
1380 208 1
1380 838 1
1385 2120 1
1385 2866 1
1385 2577 1
1385 3417 1
1385 1140 1
1385 4122 1
1385 3233 1
1385 3116 1
1385 4744 1
1385 1401 1
1385 252 1
1385 2103 1
1385 720 1
1385 3507 1
1385 3197 1
1385 1596 1
1385 2335 1
1385 4352 1
1385 223 1
1385 2250 1
1385 475 1
1385 1300 1
1385 878 1
1385 3329 1
1385 2965 1
1385 27 1
1385 3232 1
1385 2677 1
1385 273 1
1385 1135 1
1385 375 1
1385 3196 1
1385 468 1
1385 3882 1
1388 1331 1
1388 4405 1
1388 628 1
1389 1067 1
1389 3065 1
1389 3366 1
1390 27 1
1390 838 1
1393 1105 1
1393 3803 1
1393 2577 1
1393 3011 1
1395 2362 1
1395 39 1
1395 3731 1
1395 816 1
1397 1961 1
1398 429 1
1398 2577 1
1398 2153 1
1398 67 1
1398 2922 1
1398 475 1
1398 3547 1
1398 2542 1
1398 4422 1
1398 2816 1
1398 2351 1
1398 1196 1
1398 4122 1
1398 3667 1
1398 1476 1
1398 95 1
1398 1007 1
1398 3972 1
1398 737 1
1398 2883 1
1398 378 1
1398 2484 1
1398 4659 1
1398 546 1
1398 3837 1
1398 4584 1
1398 3569 1
1398 3562 1
1398 1939 1
1398 1825 1
1398 3693 1
1398 2126 1
1398 4670 1
1398 4589 1
1398 1540 1
1398 1895 1
1398 3866 1
1398 4553 1
1398 4000 1
1398 1179 1
1398 4519 1
1398 1763 1
1399 1578 1
1399 3116 1
1400 4401 1
1400 714 1
1400 4548 1
1400 2920 1
1400 4422 1
1400 3399 1
1400 223 1
1400 2340 1
1400 4029 1
1400 1594 1
1400 4159 1
1400 1902 1
1400 1540 1
1400 2987 1
1400 1012 1
1400 2697 1
1400 1236 1
1400 1466 1
1400 2474 1
1400 3999 1
1400 3175 1
1400 3328 1
1400 3385 1
1400 765 1
1400 3534 1
1400 247 1
1400 3489 1
1400 2577 1
1400 3291 1
1400 161 1
1400 3569 1
1400 1007 1
1400 2956 1
1400 3653 1
1400 24 1
1400 1224 1
1400 1437 1
1400 2484 1
1402 3631 1
1402 4589 1
1402 1116 1
1405 4401 1
1405 3411 1
1405 4107 1
1405 4250 1
1405 2092 1
1405 1588 1
1405 222 1
1405 4122 1
1405 1505 1
1405 1624 1
1405 1540 1
1405 3972 1
1405 3999 1
1405 34 1
1405 3534 1
1405 3785 1
1405 4557 1
1407 27 1
1407 2577 1
1407 3267 1
1407 1835 1
1407 269 1
1409 3787 1
1409 4341 1
1409 1761 1
1409 415 1
1409 4086 1
1409 493 1
1409 2169 1
1409 720 1
1409 1011 1
1409 782 1
1409 3338 1
1409 4088 1
1409 1503 1
1409 2305 1
1409 2577 1
1409 4118 1
1409 1922 1
1409 1179 1
1409 2120 1
1409 2133 1
1409 329 1
1409 4193 1
1409 707 1
1409 997 1
1409 4043 1
1409 3924 1
1409 4445 1
1409 4330 1
1409 1594 1
1409 3012 1
1409 4114 1
1409 3729 1
1409 1373 1
1409 878 1
1409 3878 1
1409 1610 1
1409 3464 1
1409 3254 1
1409 404 1
1409 275 1
1409 4158 1
1409 1029 1
1409 4167 1
1409 4057 1
1409 2059 1
1409 12 1
1409 746 1
1409 4408 1
1409 2012 1
1409 3067 1
1409 4493 1
1409 1285 1
1409 1236 1
1409 3926 1
1409 436 1
1409 4625 1
1409 1745 1
1409 4324 1
1409 4462 1
1409 4682 1
1409 3813 1
1409 378 1
1409 3889 1
1409 622 1
1409 1931 1
1409 398 1
1409 3248 1
1409 3498 1
1409 1601 1
1409 3687 1
1410 997 1
1414 542 1
1414 27 1
1414 3450 1
1414 1373 1
1414 1993 1
1414 857 1
1414 1881 1
1414 2223 1
1414 948 1
1414 2595 1
1416 404 1
1416 208 1
1416 2543 1
1416 857 1
1416 2954 1
1416 1072 1
1416 3574 1
1418 2577 1
1418 2173 1
1418 3531 1
1418 2987 1
1418 714 1
1418 494 1
1418 4401 1
1418 998 1
1418 2612 1
1418 24 1
1418 3561 1
1418 1122 1
1418 1888 1
1418 842 1
1418 1610 1
1418 4422 1
1418 2148 1
1418 3562 1
1418 1522 1
1418 1790 1
1418 2777 1
1418 1146 1
1418 997 1
1419 2142 1
1419 1169 1
1419 2294 1
1419 4352 1
1419 790 1
1419 2577 1
1419 1902 1
1419 3912 1
1420 4519 1
1420 4422 1
1420 1997 1
1420 1072 1
1420 3422 1
1420 3021 1
1420 755 1
1420 893 1
1420 709 1
1420 3385 1
1423 2219 1
1427 4029 1
1427 522 1
1427 2382 1
1427 3452 1
1430 1056 1
1437 3811 1
1437 4401 1
1437 3197 1
1437 2142 1
1437 3329 1
1437 3126 1
1437 3401 1
1437 2039 1
1437 77 1
1437 1324 1
1437 3188 1
1437 4755 1
1437 1077 1
1437 1646 1
1437 375 1
1437 4484 1
1437 3967 1
1437 2149 1
1437 3718 1
1439 2577 1
1439 666 1
1439 3971 1
1439 1494 1
1439 1300 1
1439 208 1
1439 874 1
1439 267 1
1439 3921 1
1440 1902 1
1440 805 1
1440 3197 1
1440 4131 1
1440 4638 1
1440 4345 1
1440 2696 1
1440 237 1
1440 3552 1
1440 2996 1
1440 2116 1
1440 3594 1
1440 3535 1
1440 2577 1
1440 397 1
1440 2684 1
1440 3050 1
1442 2846 1
1442 2092 1
1442 3507 1
1442 2875 1
1442 2044 1
1442 1521 1
1442 3329 1
1444 2573 1
1444 719 1
1444 4631 1
1444 629 1
1444 3065 1
1444 1179 1
1444 1203 1
1444 4266 1
1444 4605 1
1444 3281 1
1444 997 1
1444 371 1
1444 4627 1
1444 3193 1
1444 3246 1
1444 774 1
1444 823 1
1444 4105 1
1444 3831 1
1445 4214 1
1445 1283 1
1445 782 1
1445 2981 1
1445 2484 1
1445 3385 1
1445 2705 1
1445 4562 1
1445 4621 1
1445 272 1
1445 2920 1
1445 1029 1
1445 27 1
1445 1621 1
1445 4748 1
1445 1096 1
1445 4554 1
1445 4647 1
1445 775 1
1445 2365 1
1445 2683 1
1446 3537 1
1446 2748 1
1446 282 1
1446 3457 1
1446 3567 1
1446 225 1
1446 45 1
1448 1578 1
1448 4401 1
1448 2067 1
1448 4380 1
1448 1950 1
1448 4061 1
1448 4548 1
1448 1566 1
1448 3983 1
1448 3567 1
1448 4519 1
1448 816 1
1448 3534 1
1448 330 1
1454 1624 1
1454 83 1
1455 3967 1
1455 3241 1
1455 893 1
1455 1954 1
1455 3520 1
1455 446 1
1455 1122 1
1455 2993 1
1455 1902 1
1455 24 1
1455 3840 1
1459 157 1
1460 291 1
1460 2136 1
1460 1945 1
1462 3615 1
1462 2881 1
1462 4670 1
1462 628 1
1462 487 1
1462 3866 1
1462 358 1
1462 4422 1
1462 371 1
1462 3713 1
1468 2366 1
1468 897 1
1468 4585 1
1468 997 1
1468 1564 1
1468 2799 1
1468 3197 1
1468 700 1
1468 1368 1
1468 404 1
1468 535 1
1468 4422 1
1468 4424 1
1468 282 1
1468 399 1
1468 3860 1
1468 1588 1
1468 4704 1
1468 2873 1
1468 417 1
1468 640 1
1468 155 1
1468 3246 1
1468 2484 1
1468 3420 1
1468 4649 1
1468 2320 1
1468 1139 1
1468 1025 1
1468 328 1
1468 1828 1
1468 1877 1
1468 1540 1
1468 1122 1
1468 3291 1
1468 522 1
1468 539 1
1468 1029 1
1468 3126 1
1468 3151 1
1468 1366 1
1468 1179 1
1468 4748 1
1468 4584 1
1468 977 1
1468 3567 1
1469 2662 1
1469 535 1
1471 1540 1
1471 4530 1
1471 2522 1
1471 3401 1
1471 1505 1
1471 1223 1
1471 869 1
1471 2092 1
1471 247 1
1471 4212 1
1471 3664 1
1471 3426 1
1471 3866 1
1471 3185 1
1471 2257 1
1471 3534 1
1471 2268 1
1471 4333 1
1471 1886 1
1471 4206 1
1471 4187 1
1471 2748 1
1471 691 1
1471 1860 1
1471 947 1
1471 997 1
1471 3241 1
1471 4423 1
1471 4523 1
1471 74 1
1471 2073 1
1471 1071 1
1471 2697 1
1471 3773 1
1471 1624 1
1471 1792 1
1471 2283 1
1471 4548 1
1473 187 1
1474 3567 1
1474 1606 1
1474 4158 1
1474 137 1
1474 419 1
1474 2084 1
1474 4422 1
1476 3478 1
1477 337 1
1477 1167 1
1477 2577 1
1477 245 1
1477 2760 1
1477 1021 1
1477 684 1
1477 4712 1
1477 353 1
1477 1763 1
1477 3601 1
1477 2612 1
1477 1122 1
1477 4313 1
1477 200 1
1477 3246 1
1477 263 1
1477 1467 1
1477 1350 1
1477 1090 1
1477 362 1
1477 935 1
1477 3980 1
1477 4440 1
1477 3795 1
1477 2954 1
1477 3853 1
1477 1540 1
1477 3659 1
1477 3972 1
1477 483 1
1477 1479 1
1477 3011 1
1477 180 1
1477 1501 1
1477 1610 1
1477 2770 1
1477 1917 1
1477 2755 1
1477 3999 1
1477 3241 1
1477 1325 1
1477 4237 1
1477 1935 1
1477 1743 1
1477 888 1
1477 3866 1
1477 1851 1
1477 3936 1
1477 1946 1
1477 1611 1
1477 4306 1
1477 3075 1
1477 46 1
1477 893 1
1477 4770 1
1477 3245 1
1477 421 1
1477 4548 1
1482 2940 1
1482 4449 1
1482 3196 1
1482 3300 1
1482 2305 1
1482 821 1
1482 3060 1
1482 1759 1
1482 1122 1
1482 3827 1
1482 3562 1
1482 2124 1
1482 1438 1
1482 1745 1
1482 1675 1
1482 2956 1
1482 535 1
1482 3197 1
1482 1139 1
1482 3033 1
1482 4748 1
1482 3421 1
1482 4171 1
1482 3267 1
1484 166 1
1484 2771 1
1484 4509 1
1484 3982 1
1484 2407 1
1484 1612 1
1484 1086 1
1484 3888 1
1484 1678 1
1484 3221 1
1484 658 1
1484 3593 1
1484 3150 1
1484 2909 1
1484 4430 1
1484 2822 1
1484 1046 1
1486 2748 1
1486 2393 1
1487 1763 1
1487 4548 1
1493 1118 1
1493 3241 1
1494 2311 1
1494 1540 1
1494 1902 1
1494 2577 1
1494 2740 1
1494 3329 1
1494 3075 1
1495 1203 1
1495 1122 1
1495 1373 1
1495 3254 1
1495 2668 1
1495 2215 1
1495 3999 1
1495 1499 1
1495 3507 1
1495 3713 1
1495 3658 1
1495 1703 1
1495 3543 1
1495 2313 1
1495 3450 1
1495 2763 1
1495 3144 1
1495 4553 1
1495 4104 1
1495 4449 1
1495 2518 1
1495 3687 1
1495 282 1
1495 3196 1
1495 2484 1
1495 4738 1
1495 4422 1
1495 2092 1
1495 3075 1
1495 3562 1
1495 27 1
1495 2875 1
1495 3072 1
1495 2987 1
1495 3267 1
1495 3147 1
1495 3569 1
1495 3874 1
1495 2577 1
1495 1110 1
1495 1902 1
1495 1348 1
1495 1252 1
1495 2585 1
1495 4022 1
1495 3811 1
1495 1196 1
1495 3787 1
1495 1671 1
1495 3897 1
1495 3864 1
1495 1393 1
1495 4670 1
1495 1668 1
1495 3385 1
1495 1236 1
1495 2105 1
1495 1326 1
1495 2151 1
1495 4072 1
1495 539 1
1495 198 1
1495 653 1
1495 1255 1
1495 701 1
1495 1135 1
1495 2382 1
1495 313 1
1495 1540 1
1495 931 1
1502 3871 1
1505 1954 1
1505 1528 1
1507 2092 1
1507 3837 1
1510 2564 1
1510 3467 1
1510 3196 1
1510 4006 1
1510 78 1
1510 816 1
1510 3464 1
1510 3144 1
1510 2748 1
1510 535 1
1510 3934 1
1512 18 1
1512 4171 1
1512 2577 1
1512 1578 1
1512 4422 1
1512 3205 1
1512 307 1
1512 2917 1
1512 3562 1
1512 2624 1
1512 1536 1
1512 1679 1
1512 568 1
1512 3942 1
1512 3240 1
1512 3837 1
1512 4405 1
1512 2898 1
1512 4306 1
1512 97 1
1512 1680 1
1512 284 1
1512 3536 1
1512 28 1
1512 3450 1
1512 375 1
1512 4104 1
1512 3468 1
1512 1759 1
1512 816 1
1512 1307 1
1512 522 1
1512 4531 1
1512 2206 1
1512 2881 1
1512 1947 1
1512 3520 1
1512 3819 1
1512 1518 1
1512 3293 1
1512 4744 1
1512 1646 1
1512 1095 1
1512 4216 1
1512 1252 1
1512 535 1
1512 1429 1
1512 2382 1
1512 765 1
1512 4039 1
1512 3055 1
1512 3811 1
1512 4190 1
1512 3999 1
1512 4053 1
1512 4345 1
1512 468 1
1512 4389 1
1512 1969 1
1512 4009 1
1512 322 1
1512 985 1
1512 1699 1
1512 1823 1
1512 3628 1
1512 3291 1
1512 2920 1
1512 2092 1
1512 4231 1
1512 3521 1
1515 3197 1
1515 2502 1
1515 24 1
1515 4302 1
1515 2624 1
1517 4744 1
1517 3153 1
1517 1540 1
1517 3615 1
1517 765 1
1517 906 1
1517 3519 1
1517 2881 1
1517 841 1
1517 3866 1
1517 1505 1
1517 1578 1
1517 1122 1
1517 3454 1
1517 3293 1
1517 3378 1
1517 3534 1
1517 3714 1
1517 2342 1
1517 3967 1
1517 2219 1
1517 1161 1
1517 1077 1
1517 4349 1
1518 1122 1
1518 337 1
1518 1540 1
1518 3810 1
1518 4072 1
1518 3562 1
1518 1610 1
1520 893 1
1521 421 1
1521 3373 1
1521 4760 1
1521 2210 1
1521 1238 1
1521 2311 1
1521 821 1
1522 3329 1
1522 1196 1
1522 27 1
1522 4021 1
1522 631 1
1522 3507 1
1522 3787 1
1522 1582 1
1522 378 1
1522 1218 1
1524 3297 1
1524 2474 1
1524 2362 1
1524 4323 1
1524 838 1
1524 790 1
1524 2996 1
1524 2092 1
1524 1610 1
1524 445 1
1524 2310 1
1524 3328 1
1524 3267 1
1524 3569 1
1524 3972 1
1524 720 1
1524 1594 1
1524 2393 1
1524 4122 1
1524 3450 1
1524 1824 1
1524 2159 1
1524 1238 1
1524 33 1
1524 4422 1
1524 2725 1
1524 3307 1
1524 139 1
1532 421 1
1535 3241 1
1535 187 1
1535 893 1
1536 804 1
1536 350 1
1536 930 1
1536 1105 1
1536 3967 1
1539 2785 1
1539 3507 1
1540 3197 1
1540 77 1
1540 1105 1
1540 3824 1
1540 2399 1
1540 4286 1
1540 3241 1
1540 4068 1
1540 4349 1
1540 2299 1
1540 2151 1
1540 4542 1
1541 1285 1
1544 838 1
1544 997 1
1544 3210 1
1544 3214 1
1544 3839 1
1544 3813 1
1544 2577 1
1544 1596 1
1544 2518 1
1544 1197 1
1544 4529 1
1544 3567 1
1544 2143 1
1544 3878 1
1544 4659 1
1544 2059 1
1544 3196 1
1544 957 1
1544 2101 1
1544 3921 1
1544 4642 1
1544 3075 1
1544 1139 1
1544 4028 1
1544 2595 1
1544 2558 1
1544 3824 1
1546 2234 1
1547 146 1
1547 405 1
1547 282 1
1547 4266 1
1547 4553 1
1547 27 1
1549 3197 1
1549 3562 1
1549 2037 1
1549 653 1
1549 2000 1
1549 4266 1
1549 4465 1
1549 2748 1
1549 4024 1
1549 2023 1
1549 2577 1
1549 1374 1
1549 2273 1
1549 985 1
1549 4584 1
1549 3866 1
1549 1555 1
1549 3811 1
1549 1763 1
1549 3196 1
1549 1476 1
1549 1578 1
1549 3656 1
1549 2681 1
1549 924 1
1554 3401 1
1555 1566 1
1556 1436 1
1556 3267 1
1556 2777 1
1556 2573 1
1558 3197 1
1558 4504 1
1562 1540 1
1562 247 1
1562 2092 1
1567 3498 1
1567 3507 1
1570 247 1
1570 2044 1
1570 2112 1
1570 532 1
1570 3382 1
1570 3664 1
1570 3866 1
1570 3566 1
1570 4407 1
1570 4594 1
1570 1348 1
1570 629 1
1570 4070 1
1570 4422 1
1570 3357 1
1570 4389 1
1570 4000 1
1570 4401 1
1570 1621 1
1570 169 1
1570 330 1
1571 1610 1
1571 3241 1
1571 1373 1
1571 4389 1
1571 3329 1
1571 67 1
1571 3464 1
1571 3246 1
1571 4367 1
1571 1169 1
1571 4000 1
1571 1603 1
1571 98 1
1571 2531 1
1571 436 1
1571 3450 1
1571 997 1
1571 3972 1
1571 475 1
1571 1646 1
1571 4308 1
1571 3393 1
1571 2079 1
1571 2043 1
1571 1926 1
1571 1540 1
1571 629 1
1571 3521 1
1571 4422 1
1571 2148 1
1571 1902 1
1571 336 1
1571 1325 1
1571 1799 1
1571 4237 1
1571 3197 1
1571 2484 1
1571 4080 1
1571 4467 1
1571 46 1
1571 2573 1
1571 2763 1
1571 3233 1
1571 189 1
1573 67 1
1573 3197 1
1573 1951 1
1573 535 1
1573 1169 1
1573 4189 1
1573 3196 1
1573 1179 1
1573 522 1
1573 3539 1
1573 1224 1
1573 4422 1
1574 4642 1
1574 3154 1
1574 2530 1
1574 39 1
1574 1139 1
1574 2039 1
1574 1570 1
1574 2598 1
1574 2503 1
1574 1039 1
1574 2459 1
1578 2577 1
1578 3197 1
1578 1839 1
1578 2382 1
1578 1122 1
1578 3972 1
1578 3874 1
1578 4627 1
1578 1610 1
1578 2148 1
1578 137 1
1581 3534 1
1581 2131 1
1581 1954 1
1581 1118 1
1584 562 1
1584 901 1
1584 95 1
1584 2939 1
1584 1362 1
1584 3241 1
1584 3034 1
1584 2577 1
1584 4467 1
1584 2095 1
1584 1348 1
1584 4195 1
1587 1077 1
1587 3972 1
1587 2578 1
1587 4401 1
1587 2402 1
1587 3714 1
1587 1945 1
1590 3291 1
1590 4072 1
1590 2105 1
1590 1893 1
1591 4496 1
1591 3274 1
1591 1610 1
1591 4422 1
1591 4072 1
1591 2092 1
1591 3241 1
1591 3972 1
1591 2173 1
1594 1775 1
1594 3196 1
1594 376 1
1594 2277 1
1594 4364 1
1600 1224 1
1600 3866 1
1600 2920 1
1600 1759 1
1600 3972 1
1600 1954 1
1600 3534 1
1600 3085 1
1600 163 1
1600 3567 1
1600 3241 1
1600 958 1
1600 2647 1
1600 4449 1
1600 1610 1
1600 2777 1
1600 3664 1
1600 4548 1
1600 816 1
1600 2577 1
1600 1203 1
1600 247 1
1600 4422 1
1600 4345 1
1600 4584 1
1601 4355 1
1601 3385 1
1601 2938 1
1601 3904 1
1601 1383 1
1601 3921 1
1601 2118 1
1601 1780 1
1601 2364 1
1601 966 1
1601 3567 1
1601 4408 1
1601 3813 1
1601 948 1
1601 267 1
1602 1759 1
1602 4422 1
1602 1236 1
1602 2740 1
1602 4122 1
1605 2197 1
1605 257 1
1605 2518 1
1605 3864 1
1605 1540 1
1606 522 1
1606 2956 1
1606 1610 1
1606 3562 1
1606 4744 1
1606 2578 1
1606 2612 1
1606 2148 1
1606 247 1
1606 3291 1
1606 1179 1
1606 1835 1
1606 1759 1
1606 1945 1
1606 2577 1
1606 3507 1
1606 3615 1
1606 3866 1
1606 3999 1
1606 4670 1
1606 2763 1
1606 1763 1
1606 3714 1
1606 282 1
1606 3567 1
1606 3522 1
1606 2484 1
1606 3164 1
1606 3967 1
1606 4380 1
1606 1540 1
1606 3267 1
1606 358 1
1606 3197 1
1606 3011 1
1606 1578 1
1606 3241 1
1606 417 1
1606 2748 1
1606 4542 1
1606 1169 1
1606 3329 1
1606 2402 1
1606 4467 1
1606 3972 1
1606 4001 1
1606 4519 1
1606 4306 1
1606 362 1
1606 893 1
1606 1077 1
1606 2382 1
1606 1236 1
1606 4122 1
1608 3338 1
1608 760 1
1608 570 1
1608 3631 1
1608 275 1
1608 2657 1
1608 3853 1
1608 3214 1
1608 4179 1
1608 3219 1
1608 678 1
1608 3565 1
1608 3514 1
1608 591 1
1608 2382 1
1608 2834 1
1608 2166 1
1608 3748 1
1608 276 1
1608 1154 1
1608 1780 1
1608 3760 1
1608 1582 1
1608 378 1
1608 595 1
1608 9 1
1608 1196 1
1608 1644 1
1608 404 1
1608 2085 1
1608 2192 1
1608 653 1
1608 3948 1
1608 1904 1
1608 109 1
1608 311 1
1608 2595 1
1608 2132 1
1608 1915 1
1608 3385 1
1608 1771 1
1608 3118 1
1608 1996 1
1608 878 1
1608 838 1
1608 1702 1
1608 1865 1
1608 2922 1
1608 2484 1
1608 3818 1
1608 4565 1
1608 45 1
1608 2873 1
1608 358 1
1608 2473 1
1608 4498 1
1608 199 1
1608 4091 1
1608 1952 1
1608 155 1
1608 588 1
1608 375 1
1608 1506 1
1608 4589 1
1608 1564 1
1608 699 1
1608 1116 1
1608 4653 1
1608 4029 1
1608 2542 1
1610 409 1
1610 3913 1
1610 77 1
1610 2306 1
1610 304 1
1610 2122 1
1610 307 1
1610 4059 1
1610 896 1
1610 3670 1
1610 2853 1
1610 2328 1
1610 1575 1
1610 259 1
1610 3196 1
1610 3357 1
1610 3546 1
1613 67 1
1617 4605 1
1617 3999 1
1624 2883 1
1624 2887 1
1624 24 1
1624 4380 1
1624 3197 1
1624 2850 1
1624 751 1
1624 3871 1
1624 2159 1
1624 4562 1
1624 442 1
1624 3165 1
1624 2567 1
1624 816 1
1624 1373 1
1624 3462 1
1624 3687 1
1624 4727 1
1624 808 1
1624 161 1
1624 2993 1
1624 821 1
1624 2234 1
1624 3057 1
1624 4021 1
1624 2316 1
1624 1438 1
1624 189 1
1624 1507 1
1624 2299 1
1624 4751 1
1624 3318 1
1624 1283 1
1624 1875 1
1624 2440 1
1624 3009 1
1624 1324 1
1624 2612 1
1624 2079 1
1624 3797 1
1624 2273 1
1624 3077 1
1624 3444 1
1624 1252 1
1624 3373 1
1624 1241 1
1624 436 1
1624 1309 1
1624 1224 1
1624 997 1
1624 2039 1
1624 3109 1
1624 3291 1
1624 4511 1
1624 4459 1
1624 3989 1
1624 3628 1
1624 240 1
1624 826 1
1624 3823 1
1624 4744 1
1624 1067 1
1624 242 1
1624 350 1
1624 2500 1
1624 4001 1
1624 2305 1
1624 930 1
1624 1540 1
1624 1699 1
1627 1122 1
1627 1879 1
1627 1 1
1627 2730 1
1627 3205 1
1627 393 1
1627 997 1
1627 4460 1
1627 4055 1
1627 2219 1
1627 3615 1
1627 3274 1
1627 3378 1
1627 239 1
1627 3871 1
1627 4401 1
1627 4542 1
1627 350 1
1627 2187 1
1627 3714 1
1627 2618 1
1627 4540 1
1627 188 1
1627 1105 1
1627 4423 1
1627 893 1
1627 1945 1
1627 3489 1
1627 947 1
1627 3241 1
1627 3967 1
1627 765 1
1627 4009 1
1628 2443 1
1628 1945 1
1628 3534 1
1628 1077 1
1628 359 1
1628 3857 1
1628 3686 1
1628 3241 1
1628 4009 1
1628 24 1
1628 2881 1
1628 1105 1
1629 1359 1
1629 3233 1
1629 2981 1
1633 2612 1
1633 3638 1
1633 1540 1
1633 3450 1
1633 3241 1
1634 2382 1
1634 1849 1
1634 1578 1
1634 3382 1
1634 1505 1
1636 3638 1
1636 4380 1
1636 2219 1
1636 1355 1
1636 4424 1
1636 3713 1
1636 2681 1
1636 742 1
1636 3378 1
1636 2362 1
1636 326 1
1636 2577 1
1636 2881 1
1636 3967 1
1638 1540 1
1638 1179 1
1638 2577 1
1638 4389 1
1638 4467 1
1638 3507 1
1642 893 1
1643 1169 1
1643 1835 1
1643 671 1
1643 2816 1
1643 1540 1
1643 1759 1
1643 3972 1
1643 2612 1
1643 4584 1
1643 1763 1
1648 3837 1
1648 3927 1
1648 2655 1
1648 3378 1
1649 378 1
1649 3274 1
1649 375 1
1649 3489 1
1649 765 1
1649 2697 1
1649 2748 1
1649 337 1
1649 1540 1
1649 868 1
1649 1105 1
1649 3967 1
1649 475 1
1649 4422 1
1649 1071 1
1649 4542 1
1649 3241 1
1649 3507 1
1649 3567 1
1649 3871 1
1649 3534 1
1649 4659 1
1649 1373 1
1649 1348 1
1649 1355 1
1649 4401 1
1649 893 1
1649 3735 1
1649 869 1
1651 4009 1
1655 4380 1
1655 4306 1
1655 4177 1
1655 2329 1
1655 4548 1
1655 3252 1
1655 4562 1
1655 4401 1
1655 4511 1
1655 893 1
1655 2395 1
1655 3616 1
1655 4068 1
1655 242 1
1655 4532 1
1655 4434 1
1655 1076 1
1655 1224 1
1655 2948 1
1655 2152 1
1655 3740 1
1655 4122 1
1655 2998 1
1655 3623 1
1655 2092 1
1655 147 1
1655 3179 1
1655 4624 1
1655 2454 1
1655 1118 1
1655 4460 1
1655 4723 1
1655 3866 1
1655 1355 1
1655 187 1
1655 446 1
1655 4178 1
1655 4059 1
1655 4206 1
1655 1391 1
1655 765 1
1655 1077 1
1655 4480 1
1655 972 1
1655 2159 1
1655 3022 1
1655 1624 1
1655 350 1
1655 4004 1
1655 1974 1
1655 3378 1
1655 4674 1
1655 3963 1
1655 2399 1
1655 2530 1
1655 24 1
1657 3541 1
1657 3244 1
1657 950 1
1658 4422 1
1658 4107 1
1658 2967 1
1658 1646 1
1658 3787 1
1658 1236 1
1658 3952 1
1658 2352 1
1658 3667 1
1658 2656 1
1658 2748 1
1658 459 1
1658 291 1
1658 9 1
1658 475 1
1658 1324 1
1658 3357 1
1658 4553 1
1658 3464 1
1658 2118 1
1658 3197 1
1660 417 1
1660 3397 1
1660 1540 1
1660 1671 1
1660 4561 1
1660 1923 1
1660 3735 1
1669 3382 1
1669 2663 1
1669 3246 1
1671 1041 1
1671 43 1
1671 2677 1
1671 2622 1
1671 1999 1
1671 2321 1
1671 2958 1
1671 3768 1
1671 4705 1
1671 3569 1
1671 1570 1
1671 2163 1
1671 2218 1
1671 2555 1
1671 3755 1
1671 193 1
1671 3246 1
1671 4001 1
1671 803 1
1672 3035 1
1672 4735 1
1672 2706 1
1672 2069 1
1672 2657 1
1672 3358 1
1672 1864 1
1673 712 1
1673 1285 1
1673 2715 1
1673 2039 1
1673 3301 1
1673 816 1
1673 2503 1
1673 1487 1
1673 1886 1
1673 3197 1
1673 2547 1
1673 1113 1
1673 330 1
1673 1139 1
1673 1848 1
1673 516 1
1673 1141 1
1673 119 1
1673 1194 1
1673 2823 1
1673 2530 1
1673 1744 1
1673 3967 1
1673 3009 1
1673 3401 1
1673 33 1
1673 2164 1
1673 1170 1
1673 3164 1
1673 4072 1
1673 2092 1
1673 2908 1
1680 1428 1
1680 737 1
1681 1505 1
1681 2148 1
1681 314 1
1681 4422 1
1681 2382 1
1681 1540 1
1685 3196 1
1685 821 1
1685 2806 1
1685 3197 1
1685 816 1
1685 2250 1
1685 1469 1
1685 3516 1
1685 1169 1
1685 3768 1
1685 3915 1
1685 2413 1
1685 3755 1
1687 3567 1
1687 1139 1
1687 2577 1
1687 4422 1
1689 539 1
1689 535 1
1689 4449 1
1689 3105 1
1689 3382 1
1689 4335 1
1689 4702 1
1690 3498 1
1691 997 1
1691 4122 1
1692 4333 1
1692 3401 1
1692 1892 1
1692 4023 1
1692 4186 1
1692 1754 1
1692 1102 1
1692 187 1
1692 2275 1
1692 3967 1
1692 235 1
1694 1835 1
1694 2148 1
1694 1540 1
1698 1960 1
1698 591 1
1698 838 1
1698 1196 1
1700 2763 1
1700 3498 1
1700 3281 1
1700 1835 1
1700 3267 1
1700 1139 1
1700 2822 1
1700 1696 1
1700 3951 1
1700 1656 1
1700 1853 1
1700 3891 1
1700 3373 1
1700 3196 1
1700 1325 1
1700 4449 1
1700 4744 1
1700 3291 1
1700 3467 1
1700 436 1
1700 4159 1
1700 2716 1
1700 4700 1
1700 1902 1
1700 4303 1
1700 3102 1
1700 2136 1
1700 1635 1
1700 4479 1
1700 3197 1
1700 3152 1
1700 1324 1
1700 4548 1
1700 821 1
1700 326 1
1700 377 1
1700 3943 1
1700 3841 1
1700 2748 1
1700 997 1
1700 3210 1
1700 118 1
1700 3866 1
1700 3882 1
1702 2987 1
1704 2748 1
1704 3373 1
1704 3399 1
1704 2577 1
1704 3154 1
1704 1285 1
1704 3300 1
1704 1139 1
1704 2293 1
1704 821 1
1704 3196 1
1704 78 1
1704 1324 1
1704 3197 1
1704 4212 1
1705 1243 1
1705 1419 1
1705 2239 1
1705 4389 1
1705 77 1
1705 343 1
1705 4553 1
1705 3569 1
1705 1013 1
1705 3060 1
1705 1041 1
1705 4438 1
1705 1763 1
1705 2018 1
1705 790 1
1705 2092 1
1705 1203 1
1707 3274 1
1707 372 1
1707 2530 1
1707 2578 1
1707 4511 1
1707 2577 1
1712 2808 1
1712 1930 1
1712 1122 1
1715 3972 1
1715 1222 1
1715 4405 1
1715 95 1
1715 3534 1
1715 4401 1
1715 1540 1
1715 3241 1
1715 3164 1
1715 3023 1
1716 4122 1
1716 2044 1
1716 1096 1
1716 1902 1
1716 3507 1
1716 3567 1
1716 2092 1
1716 790 1
1716 3196 1
1716 1499 1
1716 2577 1
1716 3077 1
1716 2816 1
1716 378 1
1716 4001 1
1716 3267 1
1716 4250 1
1716 3154 1
1716 4266 1
1716 2251 1
1716 358 1
1716 1348 1
1716 1724 1
1722 3401 1
1722 350 1
1722 1013 1
1722 2039 1
1722 4696 1
1722 4422 1
1722 4475 1
1722 2740 1
1722 1516 1
1722 3197 1
1722 169 1
1722 1502 1
1722 1499 1
1722 2092 1
1722 628 1
1722 3291 1
1722 3667 1
1722 1179 1
1722 535 1
1722 3740 1
1722 4380 1
1722 1167 1
1722 67 1
1722 4670 1
1722 826 1
1722 3049 1
1722 24 1
1722 3503 1
1722 1935 1
1725 3972 1
1725 1436 1
1725 4475 1
1725 2573 1
1725 3241 1
1725 4039 1
1725 2348 1
1725 4422 1
1725 1879 1
1725 3534 1
1725 3376 1
1725 4104 1
1725 3871 1
1725 341 1
1725 1203 1
1725 2219 1
1725 375 1
1725 3154 1
1725 417 1
1732 3450 1
1732 1958 1
1732 1790 1
1732 2484 1
1732 1236 1
1732 2655 1
1732 1007 1
1732 282 1
1732 419 1
1732 3972 1
1732 1675 1
1732 2351 1
1732 628 1
1732 2518 1
1732 4482 1
1732 1122 1
1732 3992 1
1732 2543 1
1732 874 1
1732 375 1
1732 3160 1
1732 542 1
1732 4158 1
1732 4553 1
1732 3232 1
1732 1780 1
1732 1072 1
1732 2224 1
1733 2796 1
1733 1945 1
1733 4548 1
1733 4401 1
1733 816 1
1733 3241 1
1735 1835 1
1735 193 1
1737 1203 1
1737 2846 1
1737 4345 1
1737 3866 1
1743 2082 1
1743 2763 1
1743 3718 1
1743 2631 1
1743 4702 1
1743 3197 1
1743 3888 1
1743 3566 1
1743 896 1
1743 1224 1
1744 2875 1
1744 2382 1
1744 3664 1
1744 191 1
1744 4547 1
1744 1865 1
1744 1801 1
1744 282 1
1745 865 1
1745 2763 1
1745 3281 1
1745 3197 1
1745 2578 1
1745 1945 1
1745 1540 1
1746 3669 1
1746 3866 1
1746 893 1
1746 4401 1
1746 3462 1
1746 4422 1
1746 694 1
1747 362 1
1747 4756 1
1747 595 1
1747 893 1
1747 2542 1
1747 1196 1
1747 714 1
1747 2916 1
1747 4444 1
1747 247 1
1748 4751 1
1748 1077 1
1748 3011 1
1748 2578 1
1748 1857 1
1748 1891 1
1748 3274 1
1748 4023 1
1748 3489 1
1748 3999 1
1748 24 1
1748 4426 1
1748 4511 1
1748 3857 1
1748 3714 1
1748 3628 1
1748 765 1
1748 2131 1
1748 3871 1
1748 947 1
1748 2618 1
1748 4401 1
1748 1624 1
1748 2881 1
1748 362 1
1748 4009 1
1748 4423 1
1748 3401 1
1748 3513 1
1748 3378 1
1748 1071 1
1748 1540 1
1748 3638 1
1748 2342 1
1748 930 1
1748 2092 1
1748 1953 1
1748 4670 1
1748 1773 1
1753 1169 1
1753 3154 1
1753 4422 1
1753 3422 1
1753 3267 1
1753 1940 1
1753 1118 1
1753 1139 1
1753 2661 1
1753 2092 1
1753 2251 1
1753 4642 1
1757 1122 1
1757 2059 1
1757 1759 1
1757 3196 1
1757 1502 1
1757 1646 1
1757 1499 1
1757 2824 1
1757 2092 1
1757 3562 1
1757 2577 1
1757 2405 1
1757 3740 1
1757 493 1
1757 2705 1
1757 1540 1
1757 1139 1
1757 3267 1
1763 3615 1
1763 4475 1
1763 4548 1
1763 1286 1
1763 1945 1
1763 4423 1
1763 1540 1
1763 4542 1
1763 475 1
1763 893 1
1763 1624 1
1763 3534 1
1765 3133 1
1765 4744 1
1765 77 1
1765 1355 1
1765 4548 1
1765 1110 1
1765 3866 1
1765 4721 1
1765 2850 1
1765 1759 1
1765 2342 1
1765 3569 1
1765 3329 1
1765 402 1
1765 4615 1
1765 2639 1
1765 3281 1
1765 2215 1
1765 4401 1
1765 2092 1
1765 375 1
1765 3740 1
1765 4104 1
1765 4422 1
1765 4306 1
1765 1617 1
1765 1348 1
1765 4216 1
1765 3075 1
1765 3274 1
1765 2763 1
1765 3378 1
1765 4542 1
1765 1703 1
1765 118 1
1765 989 1
1765 2131 1
1765 2908 1
1765 152 1
1765 2920 1
1765 4250 1
1765 821 1
1765 3267 1
1765 3021 1
1765 3534 1
1765 2142 1
1765 1825 1
1765 4072 1
1765 1954 1
1765 3718 1
1765 790 1
1765 3659 1
1765 2740 1
1765 1578 1
1765 816 1
1765 4467 1
1765 4123 1
1765 1118 1
1765 1788 1
1765 1540 1
1765 4001 1
1765 3811 1
1765 893 1
1765 2299 1
1765 3713 1
1765 391 1
1765 1953 1
1765 4423 1
1765 1135 1
1765 2709 1
1768 4345 1
1768 1348 1
1768 3992 1
1768 1889 1
1768 2753 1
1768 2382 1
1768 4659 1
1768 2364 1
1768 2748 1
1768 2738 1
1768 2292 1
1768 2718 1
1772 3507 1
1772 2922 1
1772 258 1
1772 1763 1
1772 1999 1
1772 3735 1
1772 2866 1
1772 1540 1
1772 2809 1
1772 2875 1
1772 1761 1
1772 4553 1
1772 419 1
1772 282 1
1772 3545 1
1772 2484 1
1773 3866 1
1773 1763 1
1773 3014 1
1773 2032 1
1773 2966 1
1773 3049 1
1773 3736 1
1773 568 1
1773 4756 1
1773 4589 1
1773 2131 1
1773 1578 1
1773 1196 1
1773 1373 1
1773 2377 1
1773 4179 1
1773 2542 1
1773 3693 1
1773 1300 1
1773 3852 1
1773 343 1
1773 671 1
1773 2484 1
1773 1600 1
1773 4306 1
1773 4158 1
1773 1902 1
1773 3452 1
1773 4475 1
1773 4648 1
1773 3411 1
1773 3446 1
1773 4744 1
1773 962 1
1773 1540 1
1773 2873 1
1773 3197 1
1773 1029 1
1773 793 1
1773 3267 1
1773 878 1
1773 1268 1
1773 3233 1
1773 62 1
1773 2069 1
1773 2044 1
1773 419 1
1773 3566 1
1773 3118 1
1773 595 1
1773 546 1
1773 4104 1
1773 1868 1
1773 3419 1
1773 3522 1
1773 931 1
1776 2092 1
1776 3534 1
1776 1540 1
1776 1902 1
1776 4751 1
1776 4401 1
1776 2340 1
1777 720 1
1778 3446 1
1778 1365 1
1778 282 1
1780 931 1
1780 833 1
1780 4209 1
1780 874 1
1780 3671 1
1780 2908 1
1780 3607 1
1780 3635 1
1780 3753 1
1780 10 1
1780 622 1
1780 3631 1
1780 2873 1
1780 4565 1
1781 631 1
1781 2352 1
1781 1540 1
1781 1118 1
1781 2092 1
1786 2382 1
1788 4422 1
1790 282 1
1790 2710 1
1790 1203 1
1790 898 1
1790 3329 1
1790 1596 1
1791 1122 1
1791 3469 1
1791 1540 1
1791 436 1
1791 4442 1
1791 3197 1
1791 2577 1
1791 183 1
1791 1594 1
1791 2969 1
1791 3196 1
1791 4388 1
1791 2059 1
1791 3452 1
1795 816 1
1795 3804 1
1795 1553 1
1795 535 1
1795 861 1
1795 2187 1
1798 1071 1
1798 3871 1
1798 2039 1
1801 199 1
1807 2148 1
1807 801 1
1807 2881 1
1807 3378 1
1807 3534 1
1807 2382 1
1807 4542 1
1807 177 1
1807 3725 1
1807 358 1
1807 765 1
1808 1540 1
1808 2044 1
1808 861 1
1808 4467 1
1808 3329 1
1811 1540 1
1811 2921 1
1811 2476 1
1811 1122 1
1811 4437 1
1811 1902 1
1811 3473 1
1812 1179 1
1812 1763 1
1812 4250 1
1812 3594 1
1812 2612 1
1817 3535 1
1817 280 1
1817 4217 1
1825 3192 1
1825 3911 1
1825 4491 1
1825 3808 1
1825 1285 1
1825 157 1
1825 3196 1
1825 2117 1
1825 1612 1
1825 1499 1
1825 4473 1
1825 1696 1
1825 658 1
1825 3841 1
1825 2822 1
1825 3713 1
1825 2749 1
1825 1179 1
1825 3210 1
1825 40 1
1826 1196 1
1826 3260 1
1826 1375 1
1826 3166 1
1826 4589 1
1826 4235 1
1826 4026 1
1826 4498 1
1826 1915 1
1826 2965 1
1826 1960 1
1826 3035 1
1826 2069 1
1826 4640 1
1826 546 1
1826 1116 1
1826 2542 1
1828 311 1
1828 2674 1
1828 838 1
1828 350 1
1828 2883 1
1828 1883 1
1828 4756 1
1828 4565 1
1828 1711 1
1828 109 1
1828 760 1
1828 4309 1
1828 267 1
1828 81 1
1828 1072 1
1828 1692 1
1828 4401 1
1828 1540 1
1828 2132 1
1828 1865 1
1828 1534 1
1828 874 1
1828 1506 1
1828 898 1
1828 4703 1
1833 1129 1
1833 2082 1
1833 4424 1
1833 2382 1
1833 3538 1
1833 2577 1
1833 1555 1
1833 1029 1
1833 3567 1
1833 2273 1
1833 3713 1
1833 2996 1
1835 350 1
1835 1835 1
1835 2402 1
1835 3268 1
1835 4486 1
1835 3708 1
1835 2996 1
1835 2987 1
1835 3326 1
1835 2352 1
1835 1703 1
1835 2762 1
1835 2912 1
1836 3967 1
1836 4000 1
1836 2362 1
1836 4460 1
1836 3329 1
1836 2148 1
1836 868 1
1836 3999 1
1836 2618 1
1836 3685 1
1836 4339 1
1836 3615 1
1836 4380 1
1836 1540 1
1836 3628 1
1836 2219 1
1836 3274 1
1836 3866 1
1836 1077 1
1837 169 1
1837 273 1
1837 3279 1
1838 4422 1
1841 417 1
1841 29 1
1843 1601 1
1843 4422 1
1843 1505 1
1843 4122 1
1846 4401 1
1846 3401 1
1846 3972 1
1846 3546 1
1846 456 1
1846 1540 1
1849 247 1
1849 2484 1
1849 1122 1
1849 2843 1
1849 1540 1
1849 2092 1
1849 2033 1
1849 1373 1
1851 947 1
1851 4460 1
1851 2578 1
1851 4401 1
1851 4511 1
1851 765 1
1851 2402 1
1851 3857 1
1851 1071 1
1851 4523 1
1851 3638 1
1851 362 1
1851 3967 1
1851 1974 1
1851 3274 1
1851 350 1
1851 1891 1
1851 4542 1
1851 2219 1
1851 1077 1
1851 1105 1
1856 4401 1
1860 3534 1
1860 2484 1
1860 2954 1
1860 4122 1
1860 3241 1
1860 726 1
1860 3507 1
1863 1646 1
1863 28 1
1864 350 1
1864 2966 1
1864 2614 1
1864 3546 1
1864 24 1
1864 1236 1
1864 2943 1
1865 2996 1
1865 595 1
1865 3658 1
1865 2883 1
1865 865 1
1865 3718 1
1865 3557 1
1865 4097 1
1865 1993 1
1865 3077 1
1865 3569 1
1865 1834 1
1865 2805 1
1869 223 1
1869 2092 1
1869 3109 1
1869 4750 1
1869 2577 1
1869 1476 1
1872 3238 1
1872 2118 1
1872 162 1
1872 4017 1
1872 2260 1
1872 874 1
1872 1647 1
1872 3214 1
1872 1769 1
1872 2540 1
1872 205 1
1872 1085 1
1873 720 1
1873 4738 1
1873 3291 1
1873 3615 1
1875 3711 1
1875 269 1
1875 1505 1
1875 4122 1
1875 4021 1
1875 139 1
1875 4622 1
1875 1619 1
1875 4697 1
1875 2536 1
1875 1621 1
1875 4744 1
1875 2484 1
1875 3912 1
1876 3154 1
1876 2092 1
1876 1610 1
1876 2969 1
1876 1511 1
1876 2707 1
1876 2153 1
1876 4123 1
1876 1578 1
1876 1763 1
1876 2573 1
1876 783 1
1876 3291 1
1876 1122 1
1876 4422 1
1876 1540 1
1876 2740 1
1876 1958 1
1876 2956 1
1878 986 1
1878 2151 1
1878 3464 1
1878 1139 1
1878 3197 1
1878 3960 1
1890 3450 1
1890 3264 1
1890 1139 1
1890 3447 1
1890 2257 1
1890 2564 1
1890 382 1
1896 3967 1
1896 2748 1
1896 321 1
1896 523 1
1896 229 1
1896 3547 1
1896 3003 1
1896 3664 1
1896 1608 1
1896 3196 1
1896 1566 1
1896 806 1
1896 1635 1
1896 821 1
1896 4072 1
1896 1660 1
1896 3639 1
1896 2360 1
1896 535 1
1896 2023 1
1896 148 1
1897 2039 1
1898 4467 1
1898 3291 1
1898 2092 1
1898 1236 1
1898 3450 1
1898 2681 1
1898 4422 1
1899 2540 1
1899 1931 1
1899 198 1
1899 587 1
1899 1644 1
1899 1595 1
1899 4236 1
1899 3921 1
1899 1828 1
1899 4553 1
1899 1818 1
1899 3385 1
1899 4496 1
1901 2092 1
1901 4422 1
1901 3714 1
1901 4755 1
1901 997 1
1904 2748 1
1908 4641 1
1908 4345 1
1908 1785 1
1908 2059 1
1908 1354 1
1908 2920 1
1908 2677 1
1908 4510 1
1908 3197 1
1908 51 1
1908 1760 1
1908 4242 1
1908 1236 1
1908 2850 1
1908 1499 1
1908 2997 1
1908 2154 1
1908 626 1
1908 3026 1
1908 3566 1
1908 672 1
1908 2492 1
1908 3375 1
1908 3936 1
1908 3841 1
1908 3981 1
1908 3301 1
1908 1117 1
1908 4676 1
1908 376 1
1908 4467 1
1908 2243 1
1908 3837 1
1908 229 1
1908 2763 1
1908 2393 1
1908 4744 1
1908 3196 1
1908 3888 1
1908 4162 1
1908 1431 1
1908 3495 1
1908 4514 1
1908 2735 1
1908 523 1
1910 4422 1
1910 4744 1
1911 2748 1
1911 3787 1
1911 3267 1
1916 1589 1
1916 362 1
1916 3628 1
1916 4422 1
1916 2578 1
1916 3972 1
1916 720 1
1916 1825 1
1916 1879 1
1916 2618 1
1916 4401 1
1916 1077 1
1916 2234 1
1916 1757 1
1916 242 1
1916 765 1
1916 290 1
1916 1117 1
1916 426 1
1916 4542 1
1916 3459 1
1916 2148 1
1916 4744 1
1916 2187 1
1916 874 1
1916 4426 1
1916 1105 1
1916 4024 1
1916 2588 1
1916 3534 1
1916 4080 1
1916 4632 1
1916 3866 1
1916 4339 1
1916 4460 1
1916 1118 1
1916 3489 1
1916 2382 1
1916 4511 1
1916 1071 1
1916 4117 1
1916 2299 1
1916 1699 1
1916 4286 1
1916 1953 1
1916 3520 1
1916 4523 1
1916 1954 1
1916 2251 1
1916 1503 1
1916 4519 1
1916 3530 1
1916 2079 1
1916 1325 1
1916 2921 1
1916 3241 1
1916 4345 1
1916 24 1
1916 1179 1
1916 3999 1
1916 2577 1
1916 3378 1
1916 4670 1
1916 3967 1
1916 2173 1
1916 1891 1
1916 4480 1
1916 1355 1
1916 2275 1
1916 139 1
1921 3241 1
1921 1646 1
1921 2218 1
1921 4306 1
1921 930 1
1921 3534 1
1921 2131 1
1921 4401 1
1921 3866 1
1921 3401 1
1922 1610 1
1922 1763 1
1922 251 1
1922 27 1
1922 436 1
1922 4309 1
1922 808 1
1922 1179 1
1922 3568 1
1922 3998 1
1922 936 1
1922 1218 1
1922 1169 1
1922 1702 1
1922 4738 1
1922 67 1
1922 760 1
1922 3385 1
1922 2305 1
1922 328 1
1922 2577 1
1922 4346 1
1922 1898 1
1922 2484 1
1922 1902 1
1922 3104 1
1922 2473 1
1922 853 1
1922 45 1
1922 874 1
1922 1348 1
1922 2634 1
1922 3202 1
1922 2177 1
1922 2082 1
1922 3465 1
1922 2382 1
1922 3330 1
1922 1096 1
1922 1365 1
1922 4158 1
1922 2956 1
1922 3567 1
1922 3446 1
1922 1326 1
1922 3060 1
1922 1877 1
1922 3735 1
1922 4606 1
1922 1190 1
1922 535 1
1922 1849 1
1922 667 1
1922 3411 1
1922 3506 1
1922 4589 1
1922 2057 1
1922 8 1
1922 1703 1
1924 3864 1
1937 997 1
1937 3153 1
1937 4422 1
1937 1357 1
1937 3871 1
1937 3999 1
1938 8 1
1938 2148 1
1938 4511 1
1938 2573 1
1938 247 1
1939 3065 1
1939 1610 1
1945 1594 1
1945 4179 1
1945 3384 1
1945 933 1
1945 720 1
1945 2681 1
1945 290 1
1945 816 1
1945 1790 1
1945 2265 1
1945 4050 1
1945 1729 1
1945 1823 1
1945 3018 1
1945 247 1
1945 1835 1
1945 3619 1
1945 1453 1
1945 117 1
1945 2577 1
1945 3922 1
1945 4627 1
1945 3546 1
1945 1193 1
1945 1102 1
1945 4036 1
1945 1875 1
1945 2875 1
1945 2453 1
1945 2655 1
1945 3501 1
1945 1118 1
1945 456 1
1948 214 1
1948 516 1
1948 1936 1
1948 436 1
1948 1578 1
1948 2763 1
1948 535 1
1948 74 1
1948 1139 1
1948 3241 1
1948 3469 1
1948 1309 1
1948 1812 1
1948 893 1
1948 4237 1
1948 3534 1
1948 3972 1
1948 1540 1
1948 163 1
1948 4584 1
1948 4122 1
1948 3562 1
1948 1610 1
1948 291 1
1948 4422 1
1948 77 1
1948 3196 1
1948 1696 1
1948 2217 1
1948 1857 1
1948 4302 1
1948 1575 1
1948 4000 1
1948 3272 1
1948 2740 1
1948 2279 1
1948 3197 1
1948 247 1
1950 3200 1
1950 282 1
1950 1769 1
1951 3246 1
1951 2577 1
1951 1624 1
1951 2092 1
1951 3546 1
1951 1540 1
1951 1892 1
1953 1998 1
1953 4401 1
1953 2447 1
1953 2131 1
1953 1117 1
1953 3183 1
1953 2305 1
1953 3567 1
1954 24 1
1954 4548 1
1954 4213 1
1954 2577 1
1954 1110 1
1954 2315 1
1954 161 1
1954 2484 1
1954 2848 1
1954 3197 1
1959 1285 1
1962 3535 1
1962 3154 1
1962 406 1
1962 1835 1
1962 2273 1
1962 2001 1
1962 3300 1
1962 1374 1
1962 3176 1
1962 2975 1
1962 816 1
1962 2810 1
1962 821 1
1962 3837 1
1962 4059 1
1962 700 1
1962 4469 1
1962 4080 1
1962 4744 1
1962 24 1
1962 4642 1
1962 4302 1
1962 862 1
1962 837 1
1962 1851 1
1962 1540 1
1962 1135 1
1962 301 1
1970 3267 1
1970 2484 1
1970 3866 1
1970 475 1
1970 3669 1
1970 2577 1
1970 1902 1
1970 1566 1
1970 3853 1
1970 4179 1
1970 893 1
1970 1954 1
1970 888 1
1970 2668 1
1970 3507 1
1970 2730 1
1970 2816 1
1970 1505 1
1971 3580 1
1971 3534 1
1971 893 1
1971 4401 1
1971 3241 1
1971 4562 1
1971 1790 1
1972 997 1
1972 651 1
1972 1835 1
1972 1238 1
1972 923 1
1972 3291 1
1972 821 1
1972 1267 1
1972 3197 1
1972 2101 1
1972 3020 1
1972 1236 1
1975 161 1
1975 2054 1
1975 2920 1
1975 2924 1
1975 4548 1
1975 2987 1
1975 2763 1
1978 3967 1
1978 4009 1
1978 2262 1
1978 2275 1
1978 2402 1
1978 1077 1
1978 3367 1
1978 3513 1
1978 1691 1
1978 1404 1
1978 4369 1
1978 2020 1
1978 869 1
1978 24 1
1978 4511 1
1978 74 1
1978 2395 1
1978 2187 1
1978 3714 1
1978 3454 1
1979 757 1
1979 4562 1
1979 2092 1
1979 930 1
1979 1759 1
1979 2783 1
1979 64 1
1979 2054 1
1979 1502 1
1979 4335 1
1979 1224 1
1979 1719 1
1979 1454 1
1979 3401 1
1980 838 1
1980 3635 1
1980 2866 1
1980 3132 1
1985 4542 1
1985 3401 1
1985 3534 1
1985 4670 1
1985 1891 1
1985 2092 1
1985 2067 1
1985 3241 1
1985 2469 1
1985 362 1
1985 3866 1
1985 4009 1
1985 3615 1
1985 1945 1
1985 4460 1
1985 2187 1
1985 4548 1
1985 4523 1
1985 1077 1
1985 4206 1
1985 2219 1
1985 2811 1
1985 1105 1
1985 3378 1
1985 765 1
1985 4423 1
1985 3871 1
1985 3638 1
1985 3967 1
1985 4117 1
1985 3999 1
1987 170 1
1987 3787 1
1987 2023 1
1987 3077 1
1987 391 1
1987 1759 1
1987 535 1
1987 1054 1
1987 3982 1
1987 2308 1
1987 421 1
1987 683 1
1987 3246 1
1987 273 1
1987 291 1
1987 3215 1
1987 4422 1
1987 1139 1
1987 2853 1
1987 702 1
1987 3129 1
1987 3300 1
1987 3359 1
1987 1628 1
1987 2117 1
1987 4588 1
1988 4023 1
1988 2342 1
1988 3871 1
1988 4423 1
1988 1105 1
1988 3999 1
1988 4122 1
1988 1344 1
1988 1954 1
1988 765 1
1988 1118 1
1988 1179 1
1988 4103 1
1988 4460 1
1988 2219 1
1988 3534 1
1988 2577 1
1988 3967 1
1988 42 1
1988 2881 1
1988 3489 1
1988 350 1
1988 3241 1
1988 767 1
1988 3011 1
1988 3904 1
1988 3378 1
1988 893 1
1988 4401 1
1988 3274 1
1992 1207 1
1992 4665 1
1992 3875 1
1992 1295 1
1992 378 1
1992 201 1
1992 3669 1
1992 1540 1
1992 107 1
1992 1546 1
1992 2473 1
1992 3631 1
1992 3749 1
1992 358 1
1992 546 1
1992 3729 1
1992 2459 1
1992 1659 1
1992 1985 1
1992 3635 1
1992 4029 1
1992 3103 1
1992 1072 1
1992 599 1
1992 1686 1
1992 3565 1
1992 3431 1
1992 1931 1
1992 53 1
1992 2542 1
1992 931 1
1992 4746 1
1992 178 1
1992 2069 1
1992 951 1
1992 782 1
1992 423 1
1992 4309 1
1992 10 1
1992 1644 1
1992 1996 1
1992 3339 1
1992 3035 1
1992 1300 1
1992 1116 1
1992 1375 1
1992 838 1
1992 2922 1
1992 4023 1
1992 815 1
1992 81 1
1992 4756 1
1992 1769 1
1992 2484 1
1992 4565 1
1992 2517 1
1992 1616 1
1992 1039 1
1992 1236 1
1992 3427 1
1992 2651 1
1992 1196 1
1992 419 1
1992 388 1
1992 4553 1
1992 2373 1
1992 2965 1
1992 454 1
1992 258 1
1992 874 1
1996 2251 1
1996 4231 1
1996 1077 1
1996 1555 1
1996 4009 1
1996 765 1
1996 1803 1
1996 1135 1
1996 1699 1
1996 280 1
1996 834 1
1996 3704 1
1996 4486 1
1996 3114 1
1996 645 1
1996 2261 1
1996 616 1
1996 952 1
1996 1429 1
1996 4511 1
1996 2636 1
1996 1061 1
1996 1211 1
1996 2881 1
1996 2362 1
1996 893 1
1996 2067 1
1996 2242 1
1996 2821 1
1996 801 1
1996 4491 1
1996 1503 1
1996 1340 1
1996 3293 1
1996 2578 1
1996 3628 1
1996 2002 1
1996 4634 1
1996 2238 1
1996 48 1
1997 1891 1
1997 1619 1
1997 3740 1
1997 1016 1
1997 888 1
1997 2025 1
1997 2920 1
1997 4004 1
1997 1954 1
1997 769 1
1997 1224 1
1997 4306 1
1997 77 1
1997 4600 1
1997 1610 1
1997 2131 1
1997 3534 1
1997 671 1
1997 4380 1
1997 2577 1
1997 765 1
1997 2573 1
1997 2956 1
1997 1122 1
1997 3241 1
1997 3972 1
1997 1691 1
1997 4627 1
1997 1013 1
1997 2299 1
1997 33 1
1997 4401 1
1997 1540 1
1997 1203 1
1997 3795 1
1997 2697 1
1997 4550 1
1997 1637 1
1997 4266 1
1997 3811 1
1997 1505 1
1997 139 1
1997 219 1
1997 4605 1
1997 3075 1
1997 3037 1
1997 893 1
1997 3164 1
1997 989 1
1997 2969 1
1997 1953 1
1997 2173 1
1997 869 1
1997 2279 1
1997 3489 1
1997 4548 1
1997 823 1
1997 3023 1
1997 1105 1
1997 3274 1
1997 1348 1
1997 291 1
1997 3021 1
1997 3866 1
1997 2496 1
1997 1096 1
1997 3668 1
1997 569 1
1997 362 1
1997 4542 1
2001 1018 1
2001 2148 1
2001 1610 1
2001 1095 1
2001 766 1
2001 3246 1
2001 2362 1
2001 549 1
2001 2273 1
2001 3522 1
2001 24 1
2001 516 1
2001 3869 1
2001 3637 1
2001 555 1
2001 2092 1
2001 3267 1
2001 1646 1
2001 535 1
2001 671 1
2001 1252 1
2001 1850 1
2001 1578 1
2001 4467 1
2001 2577 1
2001 3831 1
2001 256 1
2001 1958 1
2001 4053 1
2001 3478 1
2001 4496 1
2002 282 1
2002 4352 1
2002 149 1
2002 3904 1
2002 2382 1
2002 3507 1
2002 4557 1
2002 941 1
2002 1104 1
2002 2449 1
2009 653 1
2009 765 1
2009 645 1
2013 3241 1
2013 2251 1
2013 3601 1
2013 1954 1
2013 2740 1
2013 3912 1
2013 535 1
2013 2987 1
2013 2730 1
2013 757 1
2014 468 1
2014 3291 1
2014 874 1
2015 4380 1
2015 2131 1
2015 2299 1
2015 2881 1
2015 3230 1
2015 3188 1
2015 1077 1
2015 2275 1
2015 4401 1
2015 882 1
2015 3615 1
2015 1691 1
2025 1610 1
2025 2484 1
2026 3461 1
2026 3457 1
2026 4097 1
2026 3344 1
2026 3214 1
2026 2028 1
2026 1254 1
2026 4043 1
2026 3721 1
2026 1855 1
2026 3118 1
2026 399 1
2026 3285 1
2026 3103 1
2026 1199 1
2026 4115 1
2026 4309 1
2026 4086 1
2026 874 1
2026 2994 1
2026 782 1
2026 591 1
2026 1682 1
2026 3105 1
2026 1474 1
2026 670 1
2026 1769 1
2026 2319 1
2026 3385 1
2026 1613 1
2026 2084 1
2026 3749 1
2026 2414 1
2026 1480 1
2026 588 1
2026 2793 1
2026 3693 1
2026 419 1
2026 2902 1
2026 4493 1
2026 1506 1
2026 1072 1
2026 162 1
2026 3904 1
2026 3998 1
2026 1534 1
2026 498 1
2026 2520 1
2026 9 1
2026 464 1
2026 2314 1
2026 1902 1
2026 1934 1
2026 378 1
2026 1865 1
2026 3874 1
2026 198 1
2026 2873 1
2026 4545 1
2026 2542 1
2026 2558 1
2026 2657 1
2026 1375 1
2026 3049 1
2026 760 1
2026 2908 1
2026 838 1
2026 2153 1
2026 272 1
2026 878 1
2027 1122 1
2027 3972 1
2027 1703 1
2027 1540 1
2027 1105 1
2027 2039 1
2027 247 1
2027 2448 1
2027 3168 1
2027 3999 1
2027 4367 1
2027 893 1
2027 2577 1
2027 930 1
2031 3997 1
2031 4548 1
2031 1879 1
2031 4690 1
2031 2996 1
2031 4206 1
2031 906 1
2031 1512 1
2031 3824 1
2031 1076 1
2031 3628 1
2031 160 1
2031 1954 1
2031 765 1
2031 1324 1
2031 4423 1
2031 985 1
2031 3241 1
2032 4686 1
2032 1578 1
2032 181 1
2032 1610 1
2032 1139 1
2032 4383 1
2032 1085 1
2032 177 1
2032 893 1
2032 3912 1
2032 4422 1
2032 1540 1
2033 1135 1
2033 477 1
2033 3534 1
2033 3197 1
2033 4422 1
2033 1285 1
2033 649 1
2037 765 1
2037 3027 1
2037 3366 1
2037 4562 1
2037 2039 1
2037 4004 1
2037 3677 1
2037 4186 1
2037 274 1
2037 1067 1
2039 1540 1
2039 2577 1
2039 2920 1
2039 1902 1
2039 3601 1
2042 3884 1
2042 67 1
2044 562 1
2044 1096 1
2048 4401 1
2048 1601 1
2048 4214 1
2048 3678 1
2048 865 1
2048 3543 1
2048 1373 1
2048 1598 1
2048 2266 1
2048 3679 1
2048 3186 1
2048 3499 1
2048 997 1
2048 2763 1
2048 2911 1
2048 2748 1
2048 2362 1
2052 4735 1
2052 4498 1
2052 1855 1
2052 3667 1
2052 4478 1
2052 45 1
2052 1116 1
2052 2092 1
2052 3631 1
2052 546 1
2052 3736 1
2052 833 1
2052 1569 1
2052 248 1
2055 1855 1
2055 9 1
2055 292 1
2055 3537 1
2055 146 1
2058 1540 1
2058 536 1
2059 1835 1
2059 4422 1
2059 3866 1
2063 4441 1
2065 247 1
2065 2920 1
2065 893 1
2065 3835 1
2065 1203 1
2065 4485 1
2066 1116 1
2066 4122 1
2068 2092 1
2068 542 1
2068 833 1
2068 1921 1
2068 3080 1
2068 2121 1
2068 962 1
2068 2674 1
2068 3631 1
2068 2542 1
2068 4735 1
2068 1108 1
2068 3118 1
2068 2069 1
2068 1960 1
2070 1578 1
2070 2577 1
2071 4577 1
2071 4515 1
2072 4370 1
2072 3141 1
2072 2382 1
2072 3450 1
2072 868 1
2072 247 1
2072 3660 1
2073 530 1
2073 4395 1
2073 1275 1
2073 2484 1
2073 3972 1
2073 3160 1
2073 670 1
2073 838 1
2073 3904 1
2073 54 1
2073 388 1
2073 2273 1
2073 2037 1
2073 4324 1
2073 4744 1
2073 98 1
2073 1716 1
2073 588 1
2079 3687 1
2079 45 1
2079 1610 1
2079 1196 1
2079 1865 1
2079 370 1
2079 2118 1
2079 4589 1
2079 1540 1
2079 428 1
2079 997 1
2079 27 1
2079 3049 1
2079 2210 1
2079 3892 1
2079 3160 1
2079 429 1
2079 3992 1
2079 546 1
2079 699 1
2079 2577 1
2079 2085 1
2079 2375 1
2079 3446 1
2079 4444 1
2079 1115 1
2079 2922 1
2079 3714 1
2079 3671 1
2079 4553 1
2079 2069 1
2079 679 1
2079 1300 1
2079 3567 1
2079 3562 1
2079 4319 1
2079 3399 1
2079 1534 1
2079 208 1
2079 893 1
2079 4240 1
2079 4086 1
2079 833 1
2079 9 1
2079 4179 1
2079 1348 1
2079 4266 1
2079 419 1
2079 2542 1
2079 4026 1
2079 225 1
2079 4235 1
2079 3260 1
2079 788 1
2079 1960 1
2079 3197 1
2079 3196 1
2079 3693 1
2079 1692 1
2083 4589 1
2083 3693 1
2083 3855 1
2083 1116 1
2083 4719 1
2083 4722 1
2083 1996 1
2083 1196 1
2083 4 1
2083 3222 1
2083 2542 1
2083 1949 1
2083 546 1
2083 2866 1
2083 3631 1
2083 4141 1
2083 9 1
2083 1847 1
2083 2512 1
2083 1300 1
2083 54 1
2083 4043 1
2083 455 1
2083 2171 1
2083 1990 1
2083 833 1
2083 2354 1
2083 3657 1
2083 3035 1
2083 4478 1
2083 3875 1
2083 2069 1
2083 594 1
2083 4026 1
2083 45 1
2087 4702 1
2087 258 1
2087 2223 1
2087 3874 1
2087 4756 1
2087 3929 1
2087 155 1
2087 874 1
2087 1559 1
2087 2595 1
2087 2120 1
2087 419 1
2087 208 1
2087 2651 1
2087 3126 1
2087 2793 1
2087 2059 1
2089 2131 1
2089 2577 1
2089 4023 1
2089 3999 1
2089 3866 1
2089 1610 1
2089 1505 1
2094 4341 1
2094 2917 1
2095 3874 1
2095 2180 1
2095 1122 1
2095 139 1
2095 3450 1
2095 4690 1
2095 1619 1
2095 3546 1
2096 3740 1
2096 2305 1
2097 3718 1
2097 2070 1
2097 593 1
2097 1139 1
2097 1596 1
2097 116 1
2097 1832 1
2097 754 1
2097 3197 1
2097 2117 1
2097 4171 1
2097 997 1
2099 3378 1
2099 4557 1
2099 4171 1
2099 1309 1
2099 3963 1
2099 816 1
2099 2681 1
2099 1438 1
2099 212 1
2099 2152 1
2103 3291 1
2103 3175 1
2103 3197 1
2103 1203 1
2103 3281 1
2103 378 1
2103 2092 1
2106 2748 1
2107 3507 1
2107 1540 1
2112 2148 1
2116 2577 1
2116 1540 1
2117 4346 1
2117 1179 1
2118 3018 1
2120 1596 1
2120 1717 1
2120 247 1
2120 2234 1
2120 4422 1
2120 350 1
2120 3613 1
2121 2430 1
2121 2424 1
2121 3967 1
2121 1348 1
2121 2577 1
2121 4023 1
2121 1476 1
2121 790 1
2121 3606 1
2121 4751 1
2121 350 1
2121 992 1
2121 3455 1
2121 1102 1
2125 4093 1
2125 4604 1
2125 1254 1
2125 1283 1
2125 2334 1
2125 1802 1
2125 3172 1
2125 3385 1
2125 4579 1
2125 4606 1
2125 2965 1
2125 2365 1
2125 27 1
2125 2817 1
2125 2994 1
2125 2484 1
2125 258 1
2125 1295 1
2125 3103 1
2125 1305 1
2125 4756 1
2126 2282 1
2126 358 1
2126 1218 1
2126 4122 1
2126 4216 1
2126 3197 1
2127 2142 1
2127 3197 1
2127 2595 1
2127 4303 1
2127 1113 1
2127 2430 1
2127 3109 1
2127 3447 1
2127 2313 1
2127 631 1
2127 1596 1
2149 3546 1
2151 1499 1
2151 1507 1
2151 3667 1
2151 1348 1
2151 1073 1
2151 1029 1
2153 1671 1
2153 1180 1
2153 535 1
2153 3594 1
2153 3567 1
2153 4302 1
2153 1902 1
2153 3177 1
2153 2092 1
2153 920 1
2153 3857 1
2153 2577 1
2153 238 1
2153 3522 1
2153 190 1
2153 2748 1
2153 2763 1
2153 4043 1
2153 4339 1
2153 1594 1
2153 493 1
2153 1505 1
2153 987 1
2153 3109 1
2159 3534 1
2159 1135 1
2159 2305 1
2159 2079 1
2159 483 1
2159 2292 1
2159 375 1
2159 2075 1
2159 1879 1
2159 3489 1
2159 2577 1
2159 189 1
2159 24 1
2159 3972 1
2159 3293 1
2159 4619 1
2159 2382 1
2159 242 1
2159 358 1
2161 816 1
2161 1650 1
2161 2637 1
2161 33 1
2161 4345 1
2161 2748 1
2161 1610 1
2161 77 1
2162 4345 1
2162 3170 1
2162 1540 1
2162 2479 1
2162 3385 1
2168 292 1
2168 3407 1
2168 3537 1
2169 4744 1
2170 161 1
2170 3489 1
2170 1624 1
2170 27 1
2170 4523 1
2170 1578 1
2172 1768 1
2172 4213 1
2172 1577 1
2175 4190 1
2175 2443 1
2175 801 1
2175 3011 1
2175 4523 1
2175 1954 1
2175 1067 1
2175 2730 1
2175 2342 1
2175 242 1
2175 2012 1
2175 3963 1
2175 2253 1
2175 3871 1
2175 4068 1
2175 3967 1
2175 1355 1
2175 2675 1
2175 4418 1
2175 3464 1
2175 3714 1
2175 3241 1
2175 3534 1
2175 4024 1
2175 3999 1
2175 1077 1
2175 2219 1
2175 2152 1
2175 147 1
2176 2365 1
2176 3465 1
2176 3709 1
2176 4113 1
2176 876 1
2176 1844 1
2176 2818 1
2176 2642 1
2176 4624 1
2176 3462 1
2176 3128 1
2176 4748 1
2176 4606 1
2176 1317 1
2176 3849 1
2176 2683 1
2180 3567 1
2180 2830 1
2180 4423 1
2180 3196 1
2180 256 1
2180 4467 1
2180 3197 1
2183 2403 1
2186 3197 1
2186 4416 1
2186 3331 1
2186 399 1
2186 1668 1
2186 2735 1
2186 3154 1
2186 264 1
2186 2305 1
2186 2293 1
2186 2677 1
2186 2956 1
2186 4003 1
2186 2659 1
2186 3569 1
2186 3390 1
2186 1448 1
2186 3135 1
2186 3245 1
2188 3241 1
2188 350 1
2188 4548 1
2193 2731 1
2193 4036 1
2196 2894 1
2196 1721 1
2196 874 1
2196 4315 1
2196 1499 1
2196 118 1
2196 2996 1
2196 1825 1
2196 2393 1
2196 2770 1
2196 2340 1
2196 378 1
2196 791 1
2196 3246 1
2196 2145 1
2196 4302 1
2196 4021 1
2196 2469 1
2196 2677 1
2196 4176 1
2196 997 1
2196 1621 1
2196 3967 1
2196 27 1
2197 350 1
2197 2577 1
2197 1000 1
2197 399 1
2204 4189 1
2204 1711 1
2204 3385 1
2204 1865 1
2204 2132 1
2204 3118 1
2204 3176 1
2204 4508 1
2204 108 1
2204 2866 1
2204 815 1
2204 1313 1
2204 2244 1
2204 670 1
2204 2605 1
2204 1809 1
2205 2981 1
2205 4684 1
2205 378 1
2205 4 1
2205 3385 1
2205 3446 1
2205 2465 1
2205 3909 1
2205 1300 1
2205 1029 1
2205 966 1
2205 3049 1
2205 760 1
2205 2092 1
2205 579 1
2205 4086 1
2205 498 1
2205 3714 1
2205 2005 1
2205 375 1
2205 1769 1
2205 3011 1
2205 2883 1
2205 1506 1
2205 3543 1
2205 2807 1
2205 16 1
2205 368 1
2205 1302 1
2205 1750 1
2205 2333 1
2205 2002 1
2205 1457 1
2206 3401 1
2206 3740 1
2206 3464 1
2206 2471 1
2206 3241 1
2206 1071 1
2206 3011 1
2206 1578 1
2206 1902 1
2206 2697 1
2206 1945 1
2206 4250 1
2206 3999 1
2208 3735 1
2210 2142 1
2210 3718 1
2210 1775 1
2211 893 1
2211 3489 1
2212 997 1
2212 1373 1
2212 2092 1
2212 4548 1
2212 838 1
2212 1122 1
2212 1763 1
2212 375 1
2212 644 1
2212 3972 1
2212 3569 1
2212 4122 1
2218 3489 1
2218 4401 1
2218 3267 1
2218 1750 1
2218 4425 1
2218 522 1
2218 2173 1
2218 1593 1
2218 2763 1
2218 893 1
2219 3693 1
2219 1115 1
2219 833 1
2219 2028 1
2219 2866 1
2222 2335 1
2222 4021 1
2222 3164 1
2222 1542 1
2222 1945 1
2222 2922 1
2222 3561 1
2222 4000 1
2222 2577 1
2222 770 1
2222 3377 1
2222 2951 1
2222 4519 1
2222 1902 1
2222 4422 1
2222 1711 1
2222 3714 1
2222 1564 1
2224 1238 1
2227 1122 1
2227 2273 1
2227 2748 1
2227 1492 1
2227 1958 1
2227 2247 1
2227 2577 1
2227 816 1
2227 1578 1
2227 1540 1
2227 4072 1
2227 3999 1
2231 358 1
2231 27 1
2231 878 1
2231 1540 1
2231 714 1
2231 4021 1
2231 3457 1
2231 375 1
2231 874 1
2231 421 1
2231 1576 1
2231 1300 1
2231 1915 1
2231 1297 1
2231 2598 1
2231 1892 1
2231 4553 1
2232 3569 1
2232 1085 1
2232 3507 1
2232 3912 1
2232 3544 1
2232 2740 1
2232 1348 1
2232 330 1
2232 394 1
2232 2092 1
2232 3464 1
2232 4266 1
2232 702 1
2232 535 1
2232 1578 1
2232 4584 1
2232 29 1
2233 3011 1
2233 1139 1
2233 2275 1
2233 2530 1
2233 350 1
2234 3534 1
2234 3291 1
2234 4306 1
2234 3241 1
2234 4670 1
2234 4273 1
2234 1578 1
2236 4009 1
2236 3967 1
2236 4024 1
2236 3866 1
2236 3871 1
2236 997 1
2236 3656 1
2236 4542 1
2236 3714 1
2236 2881 1
2236 3638 1
2236 4401 1
2236 402 1
2239 628 1
2239 4367 1
2239 2746 1
2239 2136 1
2239 3430 1
2239 1429 1
2239 2180 1
2239 117 1
2239 1507 1
2239 303 1
2241 1523 1
2241 1373 1
2241 4021 1
2241 31 1
2241 2655 1
2242 2484 1
2248 850 1
2248 2748 1
2248 1505 1
2248 626 1
2248 3150 1
2253 2018 1
2253 4562 1
2253 3489 1
2253 3824 1
2253 2881 1
2253 2785 1
2253 3857 1
2253 1754 1
2253 2219 1
2253 3967 1
2263 1945 1
2263 4401 1
2263 3638 1
2263 3703 1
2268 645 1
2269 2382 1
2269 522 1
2269 720 1
2269 2956 1
2269 3267 1
2269 3154 1
2269 2577 1
2269 1139 1
2269 2763 1
2269 4001 1
2269 223 1
2269 1218 1
2269 3522 1
2269 2697 1
2269 1324 1
2269 2305 1
2269 1635 1
2269 3300 1
2269 3386 1
2269 4422 1
2269 997 1
2270 1218 1
2270 539 1
2270 1283 1
2270 3656 1
2271 2159 1
2271 4434 1
2271 890 1
2271 4548 1
2271 565 1
2271 2754 1
2271 3543 1
2271 3291 1
2272 2956 1
2272 4339 1
2272 1295 1
2272 3173 1
2272 2277 1
2272 3979 1
2272 2660 1
2272 397 1
2272 2059 1
2272 3015 1
2272 1823 1
2272 3150 1
2272 2001 1
2272 3495 1
2272 4670 1
2272 4493 1
2272 4345 1
2272 3022 1
2272 1159 1
2272 1390 1
2272 358 1
2272 2548 1
2272 2587 1
2272 4063 1
2272 3026 1
2272 1356 1
2272 4414 1
2272 1880 1
2272 14 1
2272 3064 1
2272 825 1
2272 2577 1
2272 1704 1
2272 655 1
2272 1703 1
2272 2358 1
2272 2163 1
2272 1252 1
2272 2731 1
2272 4584 1
2272 1216 1
2272 4171 1
2272 3546 1
2272 3379 1
2272 2970 1
2272 2268 1
2272 2994 1
2272 35 1
2272 4717 1
2277 4000 1
2277 1624 1
2277 4548 1
2277 1696 1
2277 3401 1
2277 3340 1
2277 4222 1
2277 4463 1
2277 330 1
2277 4212 1
2277 3329 1
2277 3241 1
2277 4352 1
2277 853 1
2277 516 1
2277 4738 1
2277 3308 1
2277 3300 1
2277 893 1
2277 3366 1
2277 522 1
2277 2293 1
2277 3972 1
2277 842 1
2277 1974 1
2277 67 1
2277 4423 1
2277 4744 1
2277 3960 1
2277 1540 1
2277 3444 1
2277 765 1
2277 4122 1
2277 1139 1
2277 3859 1
2277 807 1
2277 3866 1
2277 3999 1
2277 4675 1
2277 326 1
2277 3378 1
2277 3507 1
2277 4251 1
2277 1236 1
2277 2484 1
2277 1071 1
2277 3713 1
2277 2956 1
2277 421 1
2277 3978 1
2277 350 1
2277 1067 1
2277 4401 1
2277 4422 1
2277 4159 1
2277 3154 1
2277 997 1
2277 3267 1
2277 204 1
2277 1628 1
2277 1902 1
2277 2092 1
2277 1247 1
2277 4467 1
2277 1600 1
2277 304 1
2277 2791 1
2277 2170 1
2277 1077 1
2277 3669 1
2278 1521 1
2278 2148 1
2278 3972 1
2278 1927 1
2278 57 1
2278 1179 1
2283 4465 1
2283 3638 1
2283 3916 1
2283 1873 1
2283 1827 1
2283 358 1
2283 1105 1
2283 3507 1
2283 2695 1
2283 2977 1
2283 1348 1
2283 4094 1
2283 1544 1
2283 3686 1
2283 1085 1
2284 1588 1
2284 1179 1
2284 1702 1
2284 3154 1
2284 2763 1
2284 1540 1
2284 2393 1
2284 2484 1
2284 307 1
2284 1139 1
2284 4744 1
2284 2223 1
2284 3669 1
2284 262 1
2284 378 1
2285 436 1
2285 997 1
2285 1179 1
2285 2251 1
2285 2578 1
2285 1578 1
2285 4296 1
2286 4380 1
2291 322 1
2291 4036 1
2291 1077 1
2291 1118 1
2291 2618 1
2291 1203 1
2291 2842 1
2293 1835 1
2293 1179 1
2293 3464 1
2293 1236 1
2293 1733 1
2293 3952 1
2293 2577 1
2293 535 1
2293 1540 1
2296 1763 1
2296 4557 1
2296 2023 1
2296 195 1
2296 3653 1
2296 4422 1
2296 4467 1
2296 3930 1
2296 119 1
2296 402 1
2296 1835 1
2296 4485 1
2296 2041 1
2296 2351 1
2296 1646 1
2296 163 1
2296 3952 1
2296 3065 1
2296 1610 1
2296 3811 1
2296 1540 1
2296 2777 1
2296 3197 1
2296 1118 1
2296 4747 1
2296 1437 1
2296 1348 1
2296 817 1
2296 3463 1
2296 189 1
2296 2142 1
2296 3562 1
2296 3960 1
2296 3305 1
2296 371 1
2296 1309 1
2296 420 1
2296 318 1
2296 616 1
2296 2197 1
2296 1441 1
2300 2542 1
2300 4380 1
2301 3196 1
2301 3921 1
2301 815 1
2301 3450 1
2301 1321 1
2301 671 1
2301 3831 1
2305 2577 1
2305 1085 1
2308 2834 1
2308 27 1
2308 2473 1
2308 1300 1
2308 419 1
2308 1196 1
2308 2922 1
2308 3416 1
2308 1582 1
2308 4324 1
2308 4553 1
2308 3285 1
2308 368 1
2308 3545 1
2308 622 1
2308 1769 1
2309 4467 1
2309 24 1
2313 4562 1
2313 1540 1
2313 2900 1
2320 3507 1
2320 4548 1
2321 476 1
2321 1499 1
2321 2029 1
2321 3740 1
2321 223 1
2321 4449 1
2321 1578 1
2321 821 1
2321 4072 1
2321 2677 1
2321 2920 1
2326 1869 1
2326 1568 1
2326 4666 1
2330 4756 1
2330 2589 1
2330 1199 1
2337 4467 1
2339 2577 1
2339 4021 1
2339 2105 1
2339 3522 1
2339 1348 1
2339 1122 1
2339 1724 1
2340 3233 1
2340 2681 1
2340 2517 1
2340 2956 1
2340 1135 1
2340 2025 1
2340 1213 1
2340 3522 1
2340 2525 1
2340 2393 1
2340 2392 1
2340 3154 1
2340 1578 1
2340 2251 1
2340 3399 1
2340 24 1
2340 4528 1
2340 3513 1
2340 3011 1
2341 3685 1
2341 4306 1
2341 3811 1
2341 34 1
2341 1891 1
2341 187 1
2341 4210 1
2341 4624 1
2341 3963 1
2341 2496 1
2341 3240 1
2341 2023 1
2344 2759 1
2344 358 1
2344 4021 1
2344 4705 1
2344 3882 1
2344 2730 1
2344 1306 1
2344 145 1
2344 1324 1
2344 2979 1
2344 3858 1
2344 2313 1
2344 67 1
2344 1955 1
2344 506 1
2344 1616 1
2344 855 1
2344 2747 1
2344 4339 1
2344 3329 1
2344 3960 1
2344 4014 1
2344 612 1
2344 1496 1
2345 1763 1
2345 870 1
2345 1835 1
2345 2577 1
2345 1902 1
2345 4422 1
2345 1139 1
2346 2671 1
2346 790 1
2350 2092 1
2350 24 1
2350 790 1
2350 1917 1
2350 4306 1
2350 893 1
2350 1348 1
2350 3713 1
2352 2532 1
2352 1203 1
2352 1618 1
2352 3246 1
2352 2678 1
2352 1214 1
2352 3196 1
2352 9 1
2352 4250 1
2352 3193 1
2352 3914 1
2352 3811 1
2352 2748 1
2352 371 1
2352 1892 1
2352 3841 1
2355 4339 1
2355 3562 1
2355 493 1
2359 3011 1
2359 1540 1
2359 8 1
2359 2148 1
2359 330 1
2359 4401 1
2359 4148 1
2362 2921 1
2362 2391 1
2362 501 1
2362 1118 1
2362 2920 1
2362 3660 1
2362 1999 1
2362 3613 1
2362 1008 1
2362 1466 1
2362 2029 1
2362 804 1
2362 1348 1
2362 4647 1
2362 4744 1
2362 2091 1
2362 2748 1
2362 4594 1
2362 2054 1
2362 4422 1
2362 1763 1
2362 4554 1
2362 223 1
2362 1454 1
2362 3615 1
2362 1016 1
2362 4436 1
2362 1578 1
2362 4671 1
2362 1071 1
2362 3489 1
2362 3348 1
2363 4001 1
2363 2867 1
2363 1519 1
2363 127 1
2363 2956 1
2363 251 1
2363 2223 1
2363 3713 1
2363 3267 1
2363 24 1
2363 667 1
2363 78 1
2363 1492 1
2363 969 1
2363 2763 1
2363 472 1
2363 223 1
2363 2251 1
2363 2124 1
2363 1736 1
2363 3197 1
2363 774 1
2363 4400 1
2363 4422 1
2363 3450 1
2363 4670 1
2365 4460 1
2365 4359 1
2365 1776 1
2365 1118 1
2365 765 1
2365 4663 1
2365 2119 1
2365 359 1
2365 4449 1
2365 1077 1
2365 3233 1
2365 421 1
2365 2079 1
2365 3291 1
2365 930 1
2365 3378 1
2365 1831 1
2365 997 1
2365 1954 1
2365 3866 1
2365 1902 1
2365 375 1
2365 2881 1
2365 1012 1
2365 3373 1
2368 2987 1
2368 861 1
2368 4422 1
2368 1578 1
2368 1610 1
2368 3507 1
2368 247 1
2370 1621 1
2370 1540 1
2370 1505 1
2370 3274 1
2370 3534 1
2370 3241 1
2371 3737 1
2371 1715 1
2371 3109 1
2371 1203 1
2371 4367 1
2371 1514 1
2371 3246 1
2371 1610 1
2371 1685 1
2371 1892 1
2371 1204 1
2371 3065 1
2371 4203 1
2371 4207 1
2371 1999 1
2371 402 1
2371 2578 1
2371 683 1
2371 3739 1
2371 3569 1
2371 4706 1
2371 1202 1
2371 1179 1
2371 1861 1
2371 3811 1
2371 1476 1
2371 2782 1
2371 1345 1
2371 4635 1
2371 4700 1
2371 4383 1
2371 1096 1
2371 2725 1
2371 1122 1
2371 4195 1
2371 3193 1
2371 2318 1
2371 3914 1
2372 1787 1
2373 3795 1
2378 2807 1
2381 4370 1
2381 4467 1
2381 2273 1
2381 2092 1
2381 3569 1
2381 981 1
2381 2577 1
2381 1917 1
2381 359 1
2383 985 1
2383 1825 1
2383 1593 1
2383 192 1
2383 950 1
2383 2578 1
2383 4548 1
2383 2612 1
2383 2173 1
2383 1566 1
2383 2429 1
2383 2398 1
2383 4114 1
2383 2131 1
2383 3489 1
2383 671 1
2383 359 1
2383 4401 1
2383 4570 1
2383 1879 1
2383 3011 1
2383 142 1
2383 893 1
2383 3498 1
2383 242 1
2383 930 1
2383 2402 1
2383 3452 1
2383 3887 1
2383 1954 1
2383 1945 1
2383 3617 1
2383 1286 1
2383 4765 1
2383 2443 1
2383 4509 1
2383 1455 1
2383 3267 1
2383 4540 1
2383 2973 1
2383 3866 1
2383 3241 1
2383 3513 1
2383 3274 1
2383 928 1
2383 3638 1
2383 4246 1
2383 1118 1
2383 1122 1
2383 4423 1
2383 3936 1
2383 4005 1
2383 3135 1
2383 4127 1
2383 1179 1
2383 2677 1
2383 2883 1
2383 2251 1
2383 3963 1
2383 2921 1
2383 3378 1
2385 3758 1
2385 2748 1
2391 3636 1
2391 242 1
2391 1974 1
2391 187 1
2391 4206 1
2391 4460 1
2391 2469 1
2391 4009 1
2391 393 1
2391 1879 1
2391 1077 1
2391 3459 1
2391 2618 1
2391 4546 1
2391 3967 1
2391 4600 1
2391 3230 1
2391 3455 1
2391 885 1
2391 2636 1
2391 2881 1
2391 3534 1
2391 3153 1
2391 4068 1
2391 4540 1
2391 2675 1
2391 2391 1
2391 2299 1
2391 362 1
2391 4380 1
2391 2173 1
2391 2429 1
2391 3274 1
2391 2262 1
2391 1071 1
2391 4636 1
2391 348 1
2391 4423 1
2391 1891 1
2391 1091 1
2391 2998 1
2391 1954 1
2391 2948 1
2391 4004 1
2391 3714 1
2391 74 1
2391 2219 1
2391 4484 1
2391 3164 1
2391 4127 1
2391 152 1
2391 4212 1
2391 4117 1
2391 4632 1
2391 4286 1
2391 3901 1
2391 801 1
2391 3293 1
2391 3489 1
2391 4542 1
2391 3378 1
2391 92 1
2391 1 1
2391 3155 1
2391 765 1
2391 4708 1
2391 899 1
2391 1278 1
2391 3638 1
2391 1953 1
2392 4563 1
2392 857 1
2392 1042 1
2392 3157 1
2392 2237 1
2392 3436 1
2392 483 1
2392 2118 1
2392 909 1
2392 1191 1
2392 306 1
2392 4623 1
2392 3695 1
2392 3839 1
2392 496 1
2392 1647 1
2392 3156 1
2392 4422 1
2392 3929 1
2392 276 1
2392 701 1
2392 4637 1
2392 1677 1
2392 1690 1
2392 4652 1
2392 3575 1
2393 3378 1
2393 2051 1
2393 947 1
2393 2763 1
2394 985 1
2394 3489 1
2394 3534 1
2394 1355 1
2394 3967 1
2394 3254 1
2394 1135 1
2394 2577 1
2394 2618 1
2394 417 1
2399 1373 1
2399 242 1
2399 2881 1
2399 3241 1
2399 3972 1
2401 1122 1
2405 1484 1
2405 4401 1
2405 2577 1
2405 3735 1
2405 3795 1
2406 1194 1
2406 4768 1
2406 4450 1
2408 2215 1
2408 319 1
2408 377 1
2408 1393 1
2408 2142 1
2408 4700 1
2408 1902 1
2408 3571 1
2408 1587 1
2408 781 1
2408 3866 1
2408 1798 1
2408 3109 1
2408 989 1
2408 790 1
2408 1139 1
2408 1849 1
2408 4024 1
2408 3811 1
2408 3664 1
2408 2637 1
2408 1348 1
2408 2577 1
2408 4769 1
2408 986 1
2408 2763 1
2408 997 1
2408 3999 1
2408 3246 1
2408 337 1
2408 4744 1
2408 4072 1
2408 313 1
2408 816 1
2408 2850 1
2408 1203 1
2408 683 1
2408 2677 1
2408 4548 1
2408 4345 1
2408 375 1
2408 2364 1
2408 1886 1
2408 2595 1
2408 893 1
2408 2526 1
2408 2986 1
2408 3667 1
2408 78 1
2408 4216 1
2408 3507 1
2408 2987 1
2408 1578 1
2408 2164 1
2408 3534 1
2408 1540 1
2408 3018 1
2408 3378 1
2408 541 1
2408 4617 1
2408 3450 1
2408 3559 1
2408 2382 1
2408 4159 1
2408 4401 1
2408 3713 1
2408 1610 1
2408 4651 1
2408 3447 1
2408 3871 1
2411 4401 1
2411 24 1
2412 1499 1
2412 1116 1
2412 292 1
2412 208 1
2412 1865 1
2412 838 1
2412 3460 1
2412 1476 1
2412 2005 1
2412 3488 1
2412 2604 1
2412 2459 1
2412 3537 1
2412 3438 1
2412 1902 1
2412 282 1
2412 847 1
2412 4482 1
2412 3434 1
2412 4303 1
2412 2956 1
2412 1892 1
2412 1072 1
2412 1199 1
2412 4265 1
2412 4406 1
2412 3924 1
2412 3049 1
2412 686 1
2412 248 1
2412 1547 1
2416 2675 1
2416 4422 1
2416 4460 1
2416 765 1
2416 3638 1
2416 3345 1
2416 4159 1
2416 4122 1
2416 3614 1
2416 4548 1
2416 893 1
2416 4027 1
2416 3714 1
2416 1954 1
2416 3615 1
2416 3534 1
2416 3489 1
2416 4423 1
2416 350 1
2416 3274 1
2416 4380 1
2416 427 1
2416 3628 1
2416 3135 1
2416 2152 1
2416 4401 1
2416 1869 1
2416 3378 1
2419 4380 1
2419 3489 1
2419 3963 1
2419 4511 1
2419 2881 1
2419 4423 1
2419 24 1
2419 1105 1
2419 3534 1
2419 1954 1
2422 4122 1
2422 4422 1
2422 3507 1
2422 1610 1
2422 2105 1
2422 838 1
2422 3546 1
2422 720 1
2422 1373 1
2422 1523 1
2422 3267 1
2422 4768 1
2422 2393 1
2422 2382 1
2427 4023 1
2427 3401 1
2427 1660 1
2427 732 1
2427 3426 1
2427 3021 1
2427 3464 1
2427 4345 1
2427 2219 1
2427 3841 1
2427 3566 1
2427 790 1
2427 3233 1
2427 4203 1
2427 1610 1
2427 4401 1
2427 3664 1
2427 4465 1
2427 1476 1
2427 3197 1
2427 3912 1
2427 2787 1
2427 3562 1
2427 1773 1
2427 1886 1
2427 2398 1
2427 1348 1
2427 2921 1
2427 4352 1
2427 4663 1
2427 3704 1
2427 1122 1
2427 1790 1
2429 2382 1
2429 4021 1
2430 1540 1
2430 375 1
2430 2956 1
2430 997 1
2430 4670 1
2430 1835 1
2430 8 1
2430 3154 1
2430 2493 1
2430 671 1
2430 137 1
2430 522 1
2431 304 1
2431 535 1
2431 4467 1
2431 3216 1
2431 3534 1
2431 1528 1
2431 3241 1
2431 3999 1
2431 1348 1
2434 3638 1
2434 3534 1
2434 765 1
2434 34 1
2437 2299 1
2437 2469 1
2437 2039 1
2439 941 1
2439 4467 1
2439 2142 1
2439 997 1
2439 3241 1
2439 4072 1
2439 3011 1
2439 3614 1
2439 881 1
2439 893 1
2439 1734 1
2440 2956 1
2440 1324 1
2441 3489 1
2441 4656 1
2441 3375 1
2441 2774 1
2441 505 1
2441 60 1
2446 3866 1
2446 1954 1
2446 893 1
2446 2131 1
2446 3241 1
2446 4548 1
2448 997 1
2448 3241 1
2448 4423 1
2449 2440 1
2449 358 1
2449 3927 1
2449 893 1
2449 979 1
2449 3866 1
2449 4104 1
2449 8 1
2449 4174 1
2449 1954 1
2449 3520 1
2449 1118 1
2449 378 1
2449 1092 1
2449 3546 1
2449 2234 1
2449 3293 1
2449 2956 1
2449 4632 1
2449 1348 1
2449 3366 1
2449 989 1
2449 3197 1
2449 2382 1
2449 2920 1
2449 997 1
2449 3274 1
2449 3837 1
2449 2763 1
2449 1578 1
2449 1540 1
2449 3106 1
2449 2518 1
2449 4206 1
2449 2655 1
2449 1505 1
2449 375 1
2449 3901 1
2449 1875 1
2449 4584 1
2449 4122 1
2449 1835 1
2449 1393 1
2449 24 1
2449 132 1
2449 765 1
2449 3811 1
2449 2987 1
2449 2342 1
2449 359 1
2449 2292 1
2449 1902 1
2449 562 1
2449 3133 1
2449 3667 1
2449 1324 1
2449 3246 1
2449 4548 1
2449 1616 1
2449 522 1
2449 3967 1
2449 3628 1
2449 4227 1
2449 3562 1
2449 714 1
2449 2313 1
2449 3378 1
2449 3522 1
2449 1406 1
2449 1610 1
2452 3824 1
2453 1703 1
2453 2484 1
2453 3659 1
2453 2922 1
2453 932 1
2453 1826 1
2453 2485 1
2453 4122 1
2453 2956 1
2453 2023 1
2453 1566 1
2453 1218 1
2453 4744 1
2453 198 1
2453 3291 1
2453 137 1
2453 2474 1
2453 1610 1
2453 1110 1
2453 4104 1
2453 861 1
2453 1788 1
2453 3872 1
2453 425 1
2453 2617 1
2453 4504 1
2453 2908 1
2453 2740 1
2453 522 1
2453 3105 1
2453 4051 1
2453 4566 1
2453 1578 1
2453 4267 1
2453 2251 1
2453 2612 1
2453 997 1
2453 4000 1
2453 2392 1
2453 3254 1
2453 1016 1
2453 3507 1
2453 3972 1
2453 628 1
2453 633 1
2453 3824 1
2453 3522 1
2453 3811 1
2453 4548 1
2453 2987 1
2453 886 1
2453 3992 1
2453 2920 1
2453 2173 1
2453 3329 1
2453 3740 1
2453 4201 1
2453 3241 1
2453 4203 1
2453 3267 1
2453 906 1
2453 1492 1
2453 2988 1
2453 4422 1
2453 247 1
2453 3534 1
2453 4306 1
2453 3667 1
2453 4216 1
2453 1540 1
2454 3241 1
2455 2956 1
2455 671 1
2455 1540 1
2456 1968 1
2458 3967 1
2458 437 1
2458 2293 1
2458 2067 1
2458 1169 1
2458 2850 1
2460 2850 1
2462 626 1
2462 2148 1
2462 1096 1
2462 1902 1
2462 2848 1
2462 1179 1
2462 2092 1
2462 4422 1
2462 4485 1
2462 1540 1
2462 2736 1
2462 4122 1
2462 2340 1
2462 3197 1
2462 3795 1
2462 4000 1
2463 1763 1
2463 3594 1
2463 1348 1
2464 208 1
2464 4072 1
2464 2222 1
2464 2153 1
2464 4061 1
2464 3267 1
2464 628 1
2464 2956 1
2464 3196 1
2464 3562 1
2464 2092 1
2464 1610 1
2464 997 1
2464 2305 1
2464 4122 1
2464 2105 1
2464 421 1
2464 2595 1
2464 4127 1
2464 2148 1
2464 4744 1
2464 1594 1
2464 3999 1
2464 1619 1
2464 1238 1
2464 4553 1
2464 1505 1
2464 1501 1
2464 3866 1
2464 1578 1
2464 1179 1
2464 2677 1
2464 3012 1
2464 375 1
2464 1283 1
2464 3452 1
2464 2311 1
2464 1029 1
2464 906 1
2464 3871 1
2464 1511 1
2464 4670 1
2464 4422 1
2464 3300 1
2464 3175 1
2464 2023 1
2464 4405 1
2464 3972 1
2464 950 1
2464 605 1
2464 1540 1
2464 2577 1
2464 1122 1
2466 3373 1
2466 2949 1
2466 4467 1
2466 3021 1
2466 1703 1
2467 4324 1
2468 569 1
2468 2079 1
2469 3329 1
2469 3246 1
2469 3534 1
2469 857 1
2469 1355 1
2469 2340 1
2469 3075 1
2469 137 1
2469 522 1
2469 2131 1
2469 67 1
2469 757 1
2469 3241 1
2469 456 1
2469 4422 1
2469 2335 1
2469 714 1
2469 3866 1
2469 1954 1
2469 3787 1
2469 1348 1
2469 1007 1
2469 893 1
2469 2695 1
2469 3864 1
2469 2920 1
2469 3615 1
2469 330 1
2469 535 1
2469 3912 1
2469 421 1
2475 4068 1
2475 2219 1
2475 4206 1
2475 4009 1
2475 2430 1
2475 4401 1
2475 2039 1
2475 1646 1
2475 2881 1
2475 4480 1
2475 1105 1
2475 3857 1
2475 3740 1
2475 4423 1
2475 1130 1
2475 659 1
2475 1954 1
2476 2148 1
2476 4326 1
2476 1610 1
2476 1540 1
2476 4072 1
2476 2484 1
2476 2041 1
2476 671 1
2476 714 1
2476 4557 1
2476 24 1
2476 1373 1
2476 3972 1
2476 2305 1
2476 223 1
2476 3522 1
2476 1252 1
2476 4422 1
2476 997 1
2477 3241 1
2477 3871 1
2477 2219 1
2477 1954 1
2477 2881 1
2477 1496 1
2477 475 1
2477 2730 1
2477 3967 1
2477 1945 1
2477 4068 1
2477 1071 1
2478 117 1
2478 1283 1
2478 4021 1
2479 3999 1
2479 1974 1
2479 2219 1
2479 3164 1
2479 3866 1
2484 1288 1
2486 2920 1
2486 4548 1
2486 2577 1
2486 1610 1
2486 375 1
2486 4401 1
2486 2763 1
2486 2273 1
2486 3534 1
2486 3241 1
2486 1085 1
2486 906 1
2486 1624 1
2486 1355 1
2486 3656 1
2486 3401 1
2486 4744 1
2486 1096 1
2487 2402 1
2487 3522 1
2487 765 1
2487 1902 1
2488 1578 1
2488 1203 1
2488 2328 1
2488 2299 1
2488 1507 1
2488 2920 1
2488 4434 1
2488 1516 1
2488 3498 1
2488 4072 1
2488 1502 1
2488 2987 1
2488 3859 1
2488 3281 1
2488 2061 1
2488 3233 1
2488 1285 1
2488 628 1
2488 2305 1
2488 247 1
2488 4718 1
2488 2092 1
2488 4543 1
2488 1902 1
2488 4548 1
2488 337 1
2488 2484 1
2488 1396 1
2488 3562 1
2488 816 1
2488 4159 1
2488 4751 1
2488 1879 1
2488 2039 1
2488 790 1
2488 930 1
2488 436 1
2488 1739 1
2488 3787 1
2488 3780 1
2488 2159 1
2488 4467 1
2488 3718 1
2488 3300 1
2488 1596 1
2488 3009 1
2488 3972 1
2488 3267 1
2488 4422 1
2488 3329 1
2488 1803 1
2488 2822 1
2488 2496 1
2488 1013 1
2488 3687 1
2488 3464 1
2488 3401 1
2488 4303 1
2488 2079 1
2488 3569 1
2488 3507 1
2488 3740 1
2488 1354 1
2488 1505 1
2488 1373 1
2488 1238 1
2488 1492 1
2488 2740 1
2488 535 1
2488 4405 1
2492 2633 1
2492 1139 1
2492 3999 1
2492 24 1
2492 1615 1
2492 4423 1
2492 421 1
2492 3534 1
2492 2885 1
2492 2760 1
2492 3561 1
2492 2623 1
2492 2438 1
2492 1018 1
2492 997 1
2492 3246 1
2492 3437 1
2492 2352 1
2492 1279 1
2492 1540 1
2492 3373 1
2492 4523 1
2492 2358 1
2492 638 1
2492 3521 1
2492 3972 1
2492 2827 1
2492 1135 1
2492 842 1
2492 3857 1
2492 4670 1
2492 1324 1
2492 3876 1
2492 2842 1
2492 1815 1
2492 1507 1
2492 1013 1
2492 375 1
2492 359 1
2492 427 1
2492 1578 1
2492 2577 1
2492 2921 1
2492 1606 1
2492 1757 1
2492 4215 1
2492 350 1
2492 4674 1
2492 3023 1
2492 4302 1
2492 608 1
2492 1760 1
2492 3667 1
2494 1879 1
2494 3075 1
2494 2101 1
2496 1505 1
2496 775 1
2496 161 1
2496 169 1
2496 337 1
2496 4548 1
2496 790 1
2496 4550 1
2496 893 1
2496 1013 1
2498 3871 1
2498 4562 1
2498 2577 1
2498 4548 1
2498 3274 1
2498 1540 1
2498 4401 1
2498 3329 1
2498 3815 1
2498 4423 1
2503 3713 1
2503 4584 1
2503 1763 1
2503 223 1
2503 727 1
2505 3863 1
2506 2748 1
2506 3246 1
2506 2967 1
2506 3464 1
2506 4422 1
2506 4024 1
2506 1646 1
2506 4080 1
2508 3944 1
2508 1135 1
2508 3498 1
2508 2577 1
2508 1179 1
2508 3197 1
2508 3765 1
2509 1540 1
2510 2577 1
2510 4162 1
2510 2730 1
2510 4422 1
2510 3998 1
2510 3241 1
2510 290 1
2510 3235 1
2510 2485 1
2510 4401 1
2510 4491 1
2510 4659 1
2510 906 1
2510 187 1
2510 3740 1
2510 1540 1
2510 1610 1
2510 3667 1
2510 4251 1
2510 3197 1
2510 1646 1
2510 4443 1
2511 1773 1
2511 1954 1
2511 1945 1
2511 2219 1
2511 2105 1
2511 1566 1
2511 930 1
2511 3114 1
2511 350 1
2511 2530 1
2511 2880 1
2511 2039 1
2511 4540 1
2511 4380 1
2511 767 1
2511 4206 1
2511 2395 1
2511 1077 1
2511 3246 1
2511 2142 1
2511 24 1
2511 2101 1
2511 4523 1
2511 4423 1
2511 4511 1
2511 3274 1
2511 2881 1
2511 3967 1
2511 65 1
2511 3871 1
2511 2940 1
2511 3615 1
2511 3847 1
2511 295 1
2511 869 1
2511 3011 1
2511 3972 1
2511 3714 1
2511 2443 1
2511 2342 1
2514 1375 1
2514 3356 1
2514 27 1
2514 1348 1
2516 2486 1
2516 3448 1
2516 2432 1
2516 1360 1
2516 2822 1
2516 2292 1
2516 1616 1
2518 790 1
2518 1499 1
2520 3871 1
2520 1122 1
2520 3866 1
2520 4670 1
2520 1954 1
2520 1348 1
2520 3241 1
2520 1007 1
2520 2092 1
2520 3196 1
2520 2748 1
2520 3534 1
2520 2273 1
2520 893 1
2520 1540 1
2520 4553 1
2520 2148 1
2520 3562 1
2520 3300 1
2520 985 1
2520 3023 1
2520 2173 1
2520 2311 1
2520 2612 1
2520 888 1
2527 2810 1
2527 4122 1
2527 2987 1
2527 375 1
2527 1169 1
2527 358 1
2527 3795 1
2527 4422 1
2527 2577 1
2527 1610 1
2527 3999 1
2527 4670 1
2527 1954 1
2527 1902 1
2527 3489 1
2527 857 1
2527 4727 1
2527 997 1
2527 4213 1
2527 3972 1
2527 1506 1
2527 3267 1
2527 3233 1
2527 2105 1
2527 1139 1
2527 31 1
2527 783 1
2527 1763 1
2527 628 1
2527 1085 1
2527 1835 1
2527 2092 1
2527 1096 1
2527 1231 1
2527 1355 1
2529 3778 1
2529 3450 1
2529 2683 1
2532 1224 1
2532 1902 1
2532 1544 1
2532 2484 1
2532 4266 1
2532 3561 1
2532 2474 1
2532 4548 1
2532 4000 1
2532 2920 1
2533 1400 1
2533 2382 1
2533 4088 1
2533 4090 1
2536 4158 1
2536 714 1
2536 3230 1
2536 1552 1
2536 695 1
2536 1939 1
2536 4659 1
2536 2058 1
2536 3241 1
2536 414 1
2536 3084 1
2536 3921 1
2536 2335 1
2536 1042 1
2536 1100 1
2536 4257 1
2536 286 1
2536 3064 1
2536 318 1
2536 2265 1
2536 281 1
2536 782 1
2536 2956 1
2536 4339 1
2536 2102 1
2536 2763 1
2536 1472 1
2536 4239 1
2537 3569 1
2537 1540 1
2537 997 1
2537 4584 1
2538 931 1
2538 27 1
2540 358 1
2540 844 1
2540 2148 1
2540 4669 1
2540 3972 1
2540 3952 1
2540 700 1
2540 4324 1
2540 1499 1
2540 3507 1
2540 3616 1
2540 3291 1
2540 2655 1
2540 2577 1
2540 3562 1
2540 3811 1
2540 522 1
2540 3561 1
2540 3999 1
2540 765 1
2540 3293 1
2540 4023 1
2540 3866 1
2540 1646 1
2540 97 1
2540 4122 1
2540 4000 1
2540 3254 1
2540 24 1
2540 1875 1
2540 1610 1
2540 1564 1
2540 3411 1
2540 4582 1
2540 3385 1
2540 4422 1
2540 2340 1
2540 77 1
2540 4548 1
2540 3787 1
2540 3713 1
2540 671 1
2540 1540 1
2540 3546 1
2540 893 1
2540 1507 1
2540 239 1
2540 2092 1
2540 997 1
2540 1621 1
2540 4079 1
2540 1902 1
2540 359 1
2540 3628 1
2540 782 1
2540 1505 1
2540 2364 1
2540 3246 1
2540 2612 1
2540 3667 1
2540 974 1
2540 3106 1
2540 2824 1
2540 1996 1
2540 2335 1
2540 3613 1
2540 3241 1
2540 2956 1
2540 2866 1
2540 633 1
2545 3562 1
2545 1889 1
2545 1218 1
2545 1566 1
2545 4176 1
2545 1759 1
2545 4339 1
2545 4380 1
2545 841 1
2545 1881 1
2545 4752 1
2545 2219 1
2545 2577 1
2545 3507 1
2545 139 1
2545 3967 1
2545 183 1
2545 1468 1
2545 3186 1
2545 206 1
2545 1166 1
2546 1800 1
2546 1953 1
2546 3024 1
2546 4068 1
2546 427 1
2546 3274 1
2546 4548 1
2546 2168 1
2546 801 1
2546 1218 1
2546 1879 1
2546 540 1
2546 4674 1
2546 3378 1
2549 1682 1
2549 535 1
2549 2148 1
2549 4304 1
2549 1540 1
2552 4401 1
2552 1179 1
2553 3281 1
2553 1429 1
2553 997 1
2553 4603 1
2553 64 1
2553 3656 1
2553 1502 1
2553 1139 1
2553 2375 1
2553 19 1
2557 3567 1
2557 247 1
2557 3241 1
2557 2577 1
2557 358 1
2557 3534 1
2557 2382 1
2557 1763 1
2557 3507 1
2557 535 1
2557 1954 1
2557 4122 1
2557 893 1
2557 4744 1
2557 3972 1
2557 1122 1
2557 4422 1
2557 1218 1
2557 3999 1
2557 3291 1
2558 4423 1
2558 2311 1
2558 1945 1
2558 1902 1
2558 2881 1
2558 3401 1
2558 421 1
2558 333 1
2558 1835 1
2558 2578 1
2558 4511 1
2558 48 1
2558 350 1
2558 2092 1
2560 1902 1
2563 4122 1
2563 4422 1
2563 3667 1
2563 3864 1
2563 3534 1
2563 2920 1
2563 1578 1
2563 4040 1
2569 2273 1
2569 3197 1
2570 4548 1
2570 562 1
2575 3534 1
2575 2577 1
2575 475 1
2575 2956 1
2575 3241 1
2576 157 1
2576 1879 1
2576 2469 1
2577 359 1
2577 2132 1
2578 1502 1
2578 1879 1
2578 3401 1
2580 1902 1
2580 1969 1
2580 2785 1
2580 2921 1
2580 3615 1
2580 2578 1
2580 3075 1
2581 755 1
2581 322 1
2581 3910 1
2581 367 1
2581 2577 1
2581 1857 1
2581 2359 1
2581 3408 1
2581 3267 1
2581 2943 1
2581 2197 1
2581 4659 1
2581 3999 1
2581 3887 1
2581 3382 1
2581 615 1
2581 2603 1
2581 4389 1
2581 3595 1
2584 4744 1
2584 3664 1
2586 4401 1
2586 1077 1
2586 893 1
2587 2578 1
2593 1892 1
2593 2117 1
2593 626 1
2593 3718 1
2593 685 1
2593 4744 1
2593 1169 1
2593 4449 1
2593 4674 1
2593 691 1
2593 2772 1
2593 3175 1
2593 1297 1
2593 2305 1
2593 4123 1
2593 1135 1
2593 2364 1
2593 2293 1
2593 3652 1
2593 371 1
2593 1238 1
2593 1608 1
2593 3308 1
2593 4394 1
2593 2577 1
2593 1596 1
2593 1886 1
2593 800 1
2593 377 1
2593 3300 1
2593 3613 1
2593 1348 1
2593 421 1
2593 3197 1
2593 4302 1
2593 139 1
2593 2749 1
2593 1085 1
2593 3889 1
2593 1073 1
2594 1540 1
2594 4112 1
2594 2148 1
2594 3012 1
2594 3859 1
2594 3156 1
2600 2223 1
2603 997 1
2606 2956 1
2606 4422 1
2606 3886 1
2606 350 1
2612 3999 1
2617 1540 1
2617 2235 1
2617 4054 1
2617 4018 1
2617 3016 1
2617 1334 1
2617 1763 1
2617 1406 1
2617 2385 1
2617 1610 1
2617 3110 1
2617 3795 1
2617 4584 1
2617 3831 1
2617 1041 1
2617 2578 1
2617 3522 1
2617 256 1
2617 1081 1
2617 1492 1
2617 3613 1
2617 1775 1
2617 522 1
2617 183 1
2617 1704 1
2618 3197 1
2618 1505 1
2620 3912 1
2620 1540 1
2620 3866 1
2620 3667 1
2622 4467 1
2630 1348 1
2630 3543 1
2639 359 1
2639 4380 1
2639 1012 1
2639 3562 1
2639 350 1
2639 1077 1
2639 3963 1
2639 4009 1
2639 4426 1
2639 1355 1
2639 1071 1
2639 1286 1
2639 2079 1
2639 4401 1
2639 3967 1
2642 311 1
2642 4 1
2644 3065 1
2644 1763 1
2646 2219 1
2646 659 1
2646 3489 1
2646 3866 1
2646 2299 1
2646 1071 1
2646 4460 1
2646 4511 1
2646 4401 1
2646 3241 1
2646 893 1
2646 3366 1
2648 4266 1
2648 656 1
2648 893 1
2648 4401 1
2648 3999 1
2648 4542 1
2648 2391 1
2648 3241 1
2648 67 1
2648 1890 1
2648 2767 1
2648 1286 1
2648 2573 1
2648 247 1
2648 236 1
2648 1077 1
2648 3274 1
2648 2730 1
2648 4670 1
2648 1947 1
2648 3714 1
2648 3534 1
2648 868 1
2648 2011 1
2648 1945 1
2648 802 1
2648 3880 1
2648 1954 1
2650 1794 1
2650 313 1
2650 488 1
2650 1711 1
2650 1780 1
2650 27 1
2650 3452 1
2650 4309 1
2650 4444 1
2650 208 1
2650 2484 1
2650 666 1
2650 2517 1
2650 4224 1
2650 1072 1
2650 401 1
2653 782 1
2655 1610 1
2655 4212 1
2655 3077 1
2655 790 1
2655 1438 1
2655 3233 1
2655 4562 1
2655 169 1
2655 3866 1
2655 2881 1
2655 3197 1
2655 3638 1
2655 2305 1
2655 1566 1
2655 3033 1
2655 3871 1
2655 3102 1
2655 1616 1
2655 177 1
2655 4206 1
2655 3963 1
2655 3093 1
2655 997 1
2655 3978 1
2655 24 1
2655 470 1
2655 4335 1
2655 2920 1
2655 3569 1
2655 4401 1
2655 2039 1
2657 1616 1
2657 3452 1
2657 354 1
2659 1668 1
2659 3786 1
2659 1508 1
2659 1823 1
2659 4422 1
2659 114 1
2659 3613 1
2659 1307 1
2659 456 1
2659 2548 1
2659 2848 1
2659 2031 1
2659 3531 1
2659 3318 1
2659 3837 1
2659 2577 1
2659 3797 1
2659 4423 1
2659 2336 1
2659 1840 1
2659 783 1
2659 4273 1
2659 1028 1
2659 3197 1
2659 816 1
2659 1487 1
2659 1139 1
2659 1179 1
2659 4115 1
2659 1184 1
2659 242 1
2659 4496 1
2659 4467 1
2659 623 1
2659 4713 1
2659 1059 1
2659 3866 1
2659 684 1
2661 2386 1
2661 399 1
2661 1072 1
2661 2118 1
2661 1141 1
2661 4213 1
2661 1122 1
2661 1199 1
2661 982 1
2661 2109 1
2661 3385 1
2662 282 1
2662 3853 1
2662 137 1
2662 2577 1
2662 2966 1
2662 4179 1
2662 1763 1
2662 997 1
2662 906 1
2662 1540 1
2663 4401 1
2663 2477 1
2663 2092 1
2663 223 1
2663 1763 1
2663 2059 1
2663 3269 1
2666 2628 1
2666 2495 1
2666 4542 1
2666 2496 1
2666 1793 1
2666 362 1
2666 4401 1
2666 324 1
2666 1105 1
2666 4335 1
2666 2234 1
2666 402 1
2666 4562 1
2666 2956 1
2666 3426 1
2666 801 1
2666 4358 1
2666 4523 1
2666 1404 1
2666 430 1
2666 762 1
2666 394 1
2666 3333 1
2666 790 1
2666 814 1
2666 4489 1
2666 2265 1
2666 1460 1
2666 4433 1
2666 3517 1
2667 2382 1
2667 2873 1
2667 2763 1
2667 267 1
2667 2335 1
2667 1072 1
2667 378 1
2667 1506 1
2667 760 1
2667 2706 1
2667 3450 1
2667 419 1
2667 3543 1
2667 3753 1
2667 689 1
2667 2092 1
2667 2987 1
2667 4021 1
2667 1865 1
2667 1699 1
2667 720 1
2673 4562 1
2673 540 1
2673 765 1
2673 2219 1
2673 2578 1
2673 947 1
2673 4380 1
2673 1502 1
2673 3967 1
2673 2092 1
2673 3061 1
2673 3534 1
2673 893 1
2673 3866 1
2673 4009 1
2673 295 1
2673 1071 1
2673 350 1
2673 1857 1
2673 4306 1
2673 3009 1
2673 3628 1
2673 3241 1
2673 2039 1
2673 1954 1
2673 330 1
2673 2948 1
2673 3615 1
2673 3871 1
2673 3205 1
2673 2173 1
2673 4423 1
2673 4751 1
2676 1135 1
2676 3141 1
2676 1835 1
2676 27 1
2676 4449 1
2676 436 1
2676 3197 1
2677 418 1
2677 1436 1
2677 4021 1
2678 838 1
2678 4684 1
2678 3823 1
2678 2517 1
2678 2365 1
2678 3404 1
2682 3327 1
2682 3689 1
2682 4266 1
2682 2018 1
2682 1706 1
2682 3520 1
2682 2577 1
2682 4122 1
2687 526 1
2687 2369 1
2687 3877 1
2687 3246 1
2687 3538 1
2687 3243 1
2687 1317 1
2687 1646 1
2687 282 1
2687 322 1
2687 983 1
2687 4557 1
2687 2507 1
2687 652 1
2687 2981 1
2692 4475 1
2692 2848 1
2692 3452 1
2692 703 1
2694 3999 1
2694 4380 1
2694 3534 1
2694 2469 1
2694 1954 1
2694 3401 1
2694 2299 1
2694 893 1
2694 85 1
2694 1646 1
2694 1419 1
2694 169 1
2694 3009 1
2694 4401 1
2694 1505 1
2694 2131 1
2694 1502 1
2694 501 1
2694 2474 1
2694 3871 1
2694 3241 1
2695 574 1
2695 3811 1
2695 3246 1
2698 1168 1
2698 1199 1
2698 1881 1
2698 4444 1
2698 2681 1
2698 1540 1
2699 2148 1
2699 2577 1
2699 1590 1
2699 1594 1
2701 4042 1
2701 4147 1
2701 522 1
2701 4475 1
2701 243 1
2701 1873 1
2702 816 1
2702 1566 1
2702 2159 1
2702 893 1
2702 3197 1
2702 1169 1
2702 1118 1
2702 2681 1
2702 757 1
2702 2569 1
2702 4548 1
2702 2639 1
2703 3291 1
2704 3546 1
2704 3218 1
2704 1835 1
2704 1773 1
2704 2573 1
2705 1646 1
2705 4684 1
2705 1680 1
2705 1013 1
2705 3557 1
2705 804 1
2705 1348 1
2705 1792 1
2705 1135 1
2705 3366 1
2705 2929 1
2705 4266 1
2705 3615 1
2705 2558 1
2705 1129 1
2705 2092 1
2705 350 1
2705 1218 1
2705 1502 1
2705 2025 1
2705 307 1
2708 4422 1
2708 3329 1
2708 4123 1
2708 3967 1
2708 1118 1
2708 1400 1
2708 3866 1
2708 720 1
2708 2672 1
2708 831 1
2708 3197 1
2708 2153 1
2708 3489 1
2708 671 1
2708 1902 1
2708 1355 1
2708 3241 1
2710 1095 1
2710 2730 1
2717 4339 1
2717 1879 1
2717 1122 1
2718 4246 1
2718 3336 1
2718 2577 1
2718 1594 1
2718 237 1
2718 3681 1
2718 3507 1
2718 829 1
2718 1742 1
2718 3467 1
2722 3884 1
2722 2382 1
2722 1179 1
2722 396 1
2722 4748 1
2722 3667 1
2722 169 1
2722 2031 1
2723 4422 1
2723 4021 1
2723 1835 1
2724 4423 1
2724 2239 1
2724 2612 1
2724 4113 1
2724 3267 1
2724 1610 1
2724 1594 1
2724 475 1
2724 4246 1
2724 2159 1
2724 3241 1
2724 2484 1
2724 378 1
2724 3534 1
2724 893 1
2724 3522 1
2724 1122 1
2724 4491 1
2724 1763 1
2728 906 1
2728 337 1
2728 1540 1
2730 4113 1
2730 3291 1
2730 4422 1
2730 535 1
2735 3197 1
2735 3189 1
2735 1739 1
2735 997 1
2735 2956 1
2735 4067 1
2735 2410 1
2735 3159 1
2735 2637 1
2735 1596 1
2735 1139 1
2739 2454 1
2739 1703 1
2739 2921 1
2739 3831 1
2741 2577 1
2742 3267 1
2742 676 1
2742 1823 1
2742 1780 1
2742 1273 1
2742 821 1
2742 4339 1
2742 996 1
2742 1480 1
2742 2536 1
2742 1521 1
2742 1553 1
2742 99 1
2742 4669 1
2742 2344 1
2742 653 1
2742 993 1
2742 358 1
2742 2697 1
2742 4744 1
2742 371 1
2742 1202 1
2742 1594 1
2742 4659 1
2742 720 1
2742 4088 1
2742 1393 1
2742 4467 1
2742 3018 1
2742 3837 1
2742 4751 1
2742 2731 1
2746 3450 1
2746 4422 1
2746 1326 1
2748 3241 1
2748 3539 1
2748 4122 1
2748 1540 1
2748 3246 1
2748 3534 1
2748 2153 1
2748 1519 1
2748 1588 1
2748 1139 1
2748 1179 1
2748 4339 1
2748 3464 1
2748 1542 1
2748 4401 1
2752 330 1
2752 4519 1
2752 803 1
2752 3713 1
2752 671 1
2752 4401 1
2752 4306 1
2752 1578 1
2752 247 1
2752 477 1
2752 1505 1
2752 2920 1
2752 997 1
2754 1902 1
2754 1610 1
2754 1619 1
2754 2092 1
2754 3664 1
2754 957 1
2754 1105 1
2754 2518 1
2754 1499 1
2754 1327 1
2754 3241 1
2754 2039 1
2754 2659 1
2754 1348 1
2754 3534 1
2754 2763 1
2754 2305 1
2754 930 1
2754 4001 1
2754 2511 1
2754 4670 1
2754 24 1
2754 3135 1
2754 378 1
2754 1505 1
2754 1135 1
2754 1511 1
2754 3246 1
2754 3291 1
2754 326 1
2754 3787 1
2754 4449 1
2754 4485 1
2754 2577 1
2754 4021 1
2754 3927 1
2754 2681 1
2754 4664 1
2754 1236 1
2754 535 1
2754 628 1
2754 3562 1
2754 3233 1
2754 4422 1
2754 1773 1
2754 1566 1
2754 1122 1
2754 1825 1
2754 3009 1
2754 3196 1
2754 3450 1
2754 3972 1
2754 2956 1
2754 1686 1
2754 4519 1
2754 2617 1
2754 2293 1
2754 1326 1
2754 1118 1
2754 282 1
2754 4467 1
2754 997 1
2754 1646 1
2754 816 1
2754 2340 1
2754 3098 1
2754 1110 1
2754 4216 1
2754 3522 1
2754 3328 1
2759 3196 1
2759 4037 1
2759 3173 1
2760 2911 1
2760 653 1
2761 4511 1
2761 161 1
2761 939 1
2761 1902 1
2761 1610 1
2762 1355 1
2762 801 1
2762 3154 1
2762 1540 1
2762 4749 1
2762 2577 1
2764 3032 1
2764 2542 1
2764 3693 1
2764 539 1
2764 292 1
2764 2849 1
2764 1801 1
2764 3160 1
2764 282 1
2764 2105 1
2764 4630 1
2764 1564 1
2764 546 1
2764 838 1
2764 4589 1
2764 542 1
2764 1295 1
2764 3399 1
2768 2025 1
2768 816 1
2768 535 1
2768 1024 1
2768 2577 1
2768 1423 1
2768 782 1
2768 3787 1
2768 1745 1
2768 335 1
2768 1492 1
2768 3385 1
2768 3196 1
2768 3197 1
2768 874 1
2768 1036 1
2768 3452 1
2768 2436 1
2770 790 1
2770 1943 1
2770 396 1
2770 3696 1
2771 3852 1
2772 4641 1
2773 3667 1
2773 2092 1
2773 1610 1
2775 1241 1
2775 334 1
2775 3401 1
2775 1401 1
2775 4511 1
2775 2818 1
2775 2119 1
2775 1954 1
2775 2131 1
2775 3660 1
2775 1096 1
2775 2948 1
2775 4401 1
2775 2020 1
2779 375 1
2779 2375 1
2779 358 1
2779 4246 1
2779 3795 1
2779 3196 1
2779 3012 1
2784 378 1
2784 311 1
2784 1761 1
2784 3160 1
2784 2996 1
2784 2133 1
2784 3874 1
2784 1906 1
2784 3399 1
2784 2657 1
2784 670 1
2784 320 1
2784 1702 1
2785 1499 1
2785 2382 1
2785 2251 1
2787 997 1
2787 2846 1
2789 4678 1
2789 2784 1
2789 535 1
2789 1438 1
2789 1608 1
2789 2633 1
2789 4250 1
2789 1252 1
2789 3197 1
2789 3196 1
2789 837 1
2789 2956 1
2789 4422 1
2789 78 1
2789 3246 1
2789 1139 1
2789 2710 1
2789 4751 1
2789 989 1
2789 2382 1
2789 2092 1
2789 2294 1
2789 4392 1
2789 3399 1
2790 1578 1
2790 2740 1
2790 2092 1
2790 1610 1
2790 67 1
2791 2881 1
2791 3309 1
2791 1954 1
2791 3534 1
2791 2577 1
2791 3713 1
2791 3967 1
2791 4670 1
2791 4401 1
2791 4216 1
2791 3241 1
2791 3866 1
2791 1122 1
2791 3714 1
2793 1739 1
2793 3197 1
2793 290 1
2793 1549 1
2793 4346 1
2793 419 1
2793 1868 1
2793 4422 1
2793 3385 1
2793 1711 1
2793 1540 1
2793 4309 1
2793 2012 1
2793 1072 1
2793 378 1
2793 2542 1
2793 522 1
2793 2922 1
2793 3521 1
2793 838 1
2793 2828 1
2793 1297 1
2793 760 1
2793 1620 1
2793 774 1
2793 2577 1
2793 2362 1
2793 2153 1
2794 2474 1
2795 720 1
2795 3196 1
2795 4303 1
2795 24 1
2795 2740 1
2795 1902 1
2795 3401 1
2795 535 1
2795 821 1
2795 997 1
2795 4000 1
2795 4422 1
2795 1236 1
2795 4302 1
2795 4001 1
2795 1041 1
2795 97 1
2795 1887 1
2795 4467 1
2795 4122 1
2795 4060 1
2795 116 1
2795 4088 1
2795 2484 1
2795 2681 1
2795 1273 1
2795 451 1
2795 2092 1
2795 1169 1
2795 4237 1
2795 4401 1
2795 3561 1
2795 2059 1
2795 337 1
2795 436 1
2795 1212 1
2795 421 1
2795 256 1
2795 4475 1
2795 3210 1
2795 1671 1
2795 2731 1
2795 2578 1
2795 1759 1
2795 223 1
2795 3102 1
2795 3787 1
2795 1144 1
2795 4029 1
2795 522 1
2801 4744 1
2801 2226 1
2801 4496 1
2801 2116 1
2801 4254 1
2801 1029 1
2801 2577 1
2803 1139 1
2803 522 1
2804 3241 1
2806 2612 1
2808 1004 1
2808 3615 1
2808 2163 1
2808 3866 1
2808 1285 1
2808 1315 1
2808 2035 1
2808 2565 1
2808 3442 1
2808 2180 1
2809 3197 1
2811 3837 1
2811 3947 1
2811 1540 1
2811 4029 1
2811 27 1
2811 281 1
2811 2748 1
2811 4756 1
2811 2651 1
2811 3537 1
2813 720 1
2813 4562 1
2813 239 1
2813 1699 1
2817 3410 1
2817 945 1
2817 3669 1
2817 3036 1
2817 4475 1
2817 2393 1
2817 2484 1
2817 4748 1
2817 3787 1
2817 328 1
2817 2083 1
2817 132 1
2817 501 1
2817 4446 1
2817 247 1
2817 1163 1
2817 4306 1
2817 647 1
2817 2565 1
2819 4751 1
2819 1624 1
2822 1699 1
2822 1706 1
2822 4465 1
2822 29 1
2822 1702 1
2822 421 1
2822 4306 1
2822 989 1
2822 3300 1
2822 24 1
2822 4656 1
2822 3246 1
2822 3561 1
2822 1902 1
2822 4589 1
2822 2132 1
2822 3450 1
2822 3972 1
2822 2393 1
2822 1072 1
2822 1733 1
2822 2253 1
2822 2577 1
2822 2023 1
2822 3787 1
2822 653 1
2824 27 1
2824 2922 1
2824 588 1
2824 4756 1
2824 4235 1
2824 2520 1
2824 894 1
2824 2873 1
2824 745 1
2824 4589 1
2824 760 1
2824 2936 1
2824 1300 1
2824 970 1
2833 3196 1
2833 1445 1
2833 535 1
2833 3507 1
2833 3291 1
2833 4584 1
2833 2163 1
2836 542 1
2836 3488 1
2836 399 1
2838 2173 1
2838 1699 1
2838 930 1
2840 1309 1
2841 4021 1
2841 129 1
2841 1135 1
2841 2473 1
2841 1493 1
2841 2748 1
2841 3197 1
2841 208 1
2846 4422 1
2848 2382 1
2848 4467 1
2850 2748 1
2852 3197 1
2852 3077 1
2852 4401 1
2852 2039 1
2853 4203 1
2853 1610 1
2853 1436 1
2853 3034 1
2853 3246 1
2853 2763 1
2853 3281 1
2853 3077 1
2853 2748 1
2853 2059 1
2853 4303 1
2853 1594 1
2853 930 1
2853 3050 1
2853 4647 1
2853 1085 1
2853 462 1
2853 3972 1
2853 2311 1
2853 360 1
2853 417 1
2853 4475 1
2853 282 1
2853 2848 1
2853 755 1
2853 3099 1
2853 436 1
2853 4584 1
2853 1570 1
2853 2051 1
2853 1763 1
2853 645 1
2853 2577 1
2853 1118 1
2853 3012 1
2853 3567 1
2853 328 1
2853 816 1
2856 1122 1
2857 3613 1
2857 282 1
2857 4422 1
2857 2875 1
2857 717 1
2857 1183 1
2858 1610 1
2858 2101 1
2858 1511 1
2859 3241 1
2859 3866 1
2859 3534 1
2860 3012 1
2860 1327 1
2860 3135 1
2860 378 1
2860 4751 1
2860 3197 1
2860 2305 1
2860 3664 1
2860 3985 1
2860 4426 1
2860 4050 1
2860 3385 1
2860 3154 1
2860 3837 1
2860 790 1
2860 2883 1
2860 1699 1
2860 132 1
2860 1196 1
2860 1238 1
2860 3948 1
2860 337 1
2860 359 1
2860 2153 1
2860 4584 1
2860 3561 1
2860 4744 1
2860 1373 1
2860 4072 1
2860 4423 1
2860 2392 1
2860 24 1
2860 3940 1
2860 841 1
2860 4444 1
2860 3658 1
2860 2159 1
2860 3274 1
2860 3093 1
2860 821 1
2860 950 1
2860 2763 1
2860 1825 1
2860 1224 1
2860 1601 1
2860 53 1
2860 442 1
2860 4159 1
2860 2362 1
2860 2850 1
2860 3613 1
2860 1902 1
2860 3871 1
2860 375 1
2860 2922 1
2860 3300 1
2860 3520 1
2860 247 1
2860 628 1
2860 4021 1
2860 2131 1
2860 997 1
2860 4504 1
2860 4022 1
2860 3507 1
2860 1835 1
2860 861 1
2860 1619 1
2860 2677 1
2860 1807 1
2861 4308 1
2861 1348 1
2861 2279 1
2861 1556 1
2861 42 1
2861 494 1
2861 4230 1
2861 1146 1
2861 4564 1
2861 4405 1
2861 1606 1
2861 3534 1
2861 1522 1
2861 4061 1
2861 3698 1
2861 2612 1
2861 4199 1
2861 2997 1
2861 58 1
2861 868 1
2861 1694 1
2861 4401 1
2866 3795 1
2866 2239 1
2868 4364 1
2868 45 1
2868 2069 1
2868 27 1
2868 931 1
2868 1116 1
2868 419 1
2868 833 1
2868 248 1
2868 1196 1
2868 4026 1
2868 3160 1
2870 2866 1
2870 1116 1
2870 666 1
2870 838 1
2870 970 1
2870 3434 1
2870 3539 1
2870 1196 1
2870 2484 1
2872 562 1
2872 3450 1
2872 3246 1
2872 4159 1
2876 4122 1
2876 535 1
2876 4548 1
2876 4422 1
2876 2382 1
2880 1012 1
2880 2092 1
2880 2705 1
2880 2382 1
2880 2920 1
2880 3967 1
2880 4423 1
2880 4401 1
2881 1135 1
2881 4072 1
2881 3348 1
2881 2163 1
2881 4038 1
2881 2939 1
2881 4489 1
2884 3871 1
2884 4422 1
2884 2530 1
2884 3534 1
2884 1578 1
2884 3241 1
2886 4298 1
2887 4308 1
2887 2148 1
2887 720 1
2887 436 1
2887 1236 1
2887 1135 1
2887 3329 1
2887 4670 1
2887 3866 1
2887 3787 1
2887 1118 1
2887 3534 1
2889 3291 1
2892 4061 1
2892 1154 1
2892 760 1
2894 3447 1
2894 4422 1
2894 3874 1
2894 2153 1
2894 1309 1
2894 2105 1
2895 522 1
2895 4122 1
2895 4670 1
2899 4401 1
2899 4548 1
2899 4247 1
2899 4562 1
2899 3011 1
2899 3999 1
2899 2219 1
2904 3567 1
2904 3811 1
2904 2092 1
2904 3793 1
2905 535 1
2905 3196 1
2906 1105 1
2906 3274 1
2906 1869 1
2906 161 1
2906 2219 1
2906 3241 1
2906 1077 1
2906 3534 1
2909 1586 1
2909 4302 1
2909 1139 1
2909 1324 1
2909 4744 1
2909 375 1
2909 2382 1
2909 3952 1
2909 2092 1
2909 2763 1
2909 421 1
2909 3464 1
2909 3567 1
2909 28 1
2911 1540 1
2914 2148 1
2914 2577 1
2914 1348 1
2914 137 1
2914 4389 1
2914 3329 1
2915 1916 1
2923 2092 1
2923 4113 1
2923 1761 1
2925 683 1
2925 4178 1
2925 863 1
2925 3740 1
2928 952 1
2928 3569 1
2928 2159 1
2928 1621 1
2928 816 1
2928 4299 1
2928 123 1
2928 1945 1
2928 3426 1
2928 3347 1
2928 2197 1
2928 161 1
2928 3401 1
2928 1446 1
2928 4624 1
2928 3104 1
2928 4511 1
2928 3077 1
2928 2921 1
2928 3176 1
2928 4496 1
2928 1194 1
2928 1454 1
2928 1424 1
2928 3866 1
2928 1179 1
2928 4345 1
2928 2913 1
2930 866 1
2930 4072 1
2930 282 1
2930 2089 1
2930 3546 1
2930 27 1
2930 4585 1
2930 4744 1
2936 3135 1
2936 24 1
2936 616 1
2936 4422 1
2938 1540 1
2938 2092 1
2939 1540 1
2939 4659 1
2939 3998 1
2939 358 1
2939 2484 1
2939 330 1
2939 760 1
2939 27 1
2940 67 1
2940 2755 1
2941 3399 1
2941 3291 1
2941 2358 1
2941 3154 1
2941 375 1
2941 1724 1
2941 2251 1
2942 4756 1
2942 4589 1
2942 419 1
2942 2866 1
2949 3866 1
2949 2577 1
2949 4068 1
2949 1105 1
2949 3274 1
2949 4542 1
2949 3638 1
2949 3024 1
2949 1335 1
2949 2342 1
2949 893 1
2949 1808 1
2949 67 1
2949 1373 1
2949 1077 1
2949 3241 1
2949 2618 1
2949 4511 1
2949 3164 1
2949 3197 1
2949 4231 1
2949 4423 1
2949 3376 1
2949 4004 1
2949 3534 1
2949 4401 1
2949 3455 1
2949 2067 1
2949 3871 1
2949 3615 1
2949 475 1
2949 1 1
2949 1954 1
2949 3628 1
2949 2578 1
2949 2299 1
2949 1594 1
2949 1857 1
2949 2219 1
2955 3546 1
2958 2033 1
2959 3135 1
2959 703 1
2959 1624 1
2959 3401 1
2959 1879 1
2960 1179 1
2961 2265 1
2964 3866 1
2965 4756 1
2965 1072 1
2968 3197 1
2968 1117 1
2968 2317 1
2968 118 1
2968 1170 1
2968 523 1
2968 3399 1
2972 1553 1
2972 8 1
2972 3241 1
2975 2681 1
2975 2219 1
2975 1167 1
2975 305 1
2975 4339 1
2975 2051 1
2975 3241 1
2975 2748 1
2975 2071 1
2975 1969 1
2976 535 1
2976 33 1
2976 223 1
2976 2697 1
2976 4670 1
2976 3569 1
2976 1879 1
2976 1373 1
2977 1013 1
2980 1960 1
2980 3635 1
2980 3598 1
2980 3241 1
2980 1196 1
2980 1375 1
2980 1072 1
2980 2881 1
2980 3488 1
2980 2542 1
2980 2866 1
2980 4493 1
2982 1117 1
2982 4122 1
2982 4345 1
2982 1954 1
2982 3241 1
2982 691 1
2982 3837 1
2982 2382 1
2982 2223 1
2982 1610 1
2982 4401 1
2982 3196 1
2983 4557 1
2983 4558 1
2983 3077 1
2983 2041 1
2987 3904 1
2987 4265 1
2987 1375 1
2987 1682 1
2987 2050 1
2987 1255 1
2987 281 1
2987 2105 1
2987 931 1
2987 282 1
2987 539 1
2987 2118 1
2987 966 1
2987 877 1
2987 2459 1
2987 375 1
2987 1275 1
2987 2973 1
2987 27 1
2987 3921 1
2987 833 1
2987 2517 1
2987 1769 1
2987 191 1
2987 221 1
2987 1318 1
2987 419 1
2987 4324 1
2987 2642 1
2987 1821 1
2987 1996 1
2987 968 1
2987 1594 1
2987 4031 1
2987 3049 1
2987 370 1
2987 2866 1
2987 1607 1
2987 378 1
2987 595 1
2987 2595 1
2987 2577 1
2988 2382 1
2988 4021 1
2988 3197 1
2988 4401 1
2988 2577 1
2988 3196 1
2988 3653 1
2988 27 1
2988 371 1
2988 78 1
2995 816 1
2996 3765 1
2996 522 1
2998 1105 1
2998 1540 1
2998 3241 1
2998 2921 1
2998 1637 1
2998 4333 1
2998 1699 1
3000 1825 1
3003 2219 1
3003 955 1
3003 4422 1
3003 1121 1
3003 4511 1
3003 1077 1
3003 1505 1
3004 3787 1
3004 1238 1
3004 3841 1
3004 4266 1
3004 2624 1
3006 2299 1
3006 1110 1
3007 2335 1
3007 256 1
3007 2044 1
3007 2996 1
3007 1107 1
3007 1566 1
3007 4339 1
3007 4485 1
3007 2763 1
3007 1480 1
3007 535 1
3007 1366 1
3007 2748 1
3007 295 1
3007 4170 1
3007 930 1
3007 1999 1
3007 3241 1
3007 2092 1
3007 3561 1
3007 3960 1
3007 3669 1
3007 4171 1
3007 714 1
3007 4072 1
3007 1820 1
3007 756 1
3007 2577 1
3007 3186 1
3007 3154 1
3007 4358 1
3007 46 1
3007 816 1
3007 3197 1
3007 3534 1
3007 2846 1
3007 2043 1
3007 3864 1
3007 2612 1
3007 1327 1
3007 1790 1
3007 4449 1
3007 1902 1
3007 2518 1
3007 1505 1
3007 371 1
3007 4764 1
3007 1085 1
3007 1348 1
3008 2981 1
3008 4624 1
3008 2365 1
3008 931 1
3008 2484 1
3008 4606 1
3008 3567 1
3008 2547 1
3008 4526 1
3008 49 1
3008 3462 1
3008 694 1
3008 1283 1
3008 2223 1
3008 3400 1
3008 3104 1
3008 2149 1
3010 1947 1
3010 4422 1
3017 27 1
3017 2793 1
3017 1276 1
3017 2642 1
3017 898 1
3019 1954 1
3019 3287 1
3019 1798 1
3019 1763 1
3019 2775 1
3019 3161 1
3019 4171 1
3019 1887 1
3019 3044 1
3019 3900 1
3019 3088 1
3019 3199 1
3019 3569 1
3019 3675 1
3019 888 1
3019 2748 1
3019 1499 1
3019 288 1
3019 1742 1
3019 1999 1
3019 2213 1
3019 2625 1
3019 1203 1
3019 2406 1
3019 3329 1
3019 714 1
3019 362 1
3019 1348 1
3019 3094 1
3019 2071 1
3019 94 1
3019 18 1
3019 3655 1
3019 3660 1
3020 3291 1
3020 4332 1
3020 4422 1
3020 1348 1
3020 2956 1
3020 2577 1
3024 4482 1
3024 1958 1
3024 1769 1
3024 4083 1
3024 4478 1
3024 3094 1
3024 2748 1
3024 4422 1
3024 1686 1
3024 2250 1
3024 27 1
3024 833 1
3025 1832 1
3026 2305 1
3026 1392 1
3026 3267 1
3026 821 1
3026 1540 1
3026 4422 1
3026 4702 1
3026 2573 1
3028 989 1
3028 152 1
3028 8 1
3028 1852 1
3030 2484 1
3030 3930 1
3030 314 1
3030 2023 1
3030 2920 1
3030 294 1
3030 893 1
3030 1719 1
3030 3972 1
3030 801 1
3030 1763 1
3030 2956 1
3031 2092 1
3031 522 1
3031 4670 1
3031 997 1
3031 1540 1
3031 3999 1
3037 3660 1
3037 1071 1
3037 2683 1
3037 2039 1
3037 1699 1
3037 2044 1
3037 1969 1
3037 1012 1
3037 161 1
3037 1077 1
3037 947 1
3037 4306 1
3037 930 1
3037 4548 1
3041 421 1
3047 1203 1
3047 3197 1
3047 3713 1
3047 33 1
3047 1956 1
3047 1759 1
3047 4313 1
3047 3452 1
3047 4104 1
3047 2761 1
3047 2474 1
3047 3825 1
3047 3562 1
3047 118 1
3047 4242 1
3047 2131 1
3047 1008 1
3047 4203 1
3047 1157 1
3047 4674 1
3047 3718 1
3047 4748 1
3047 2763 1
3047 1505 1
3047 863 1
3047 1096 1
3047 247 1
3047 1414 1
3047 77 1
3047 1502 1
3047 3075 1
3047 663 1
3047 2163 1
3047 1610 1
3047 3102 1
3047 2142 1
3047 3487 1
3047 3660 1
3047 4605 1
3047 3281 1
3047 1860 1
3047 4383 1
3047 3109 1
3047 1170 1
3047 3740 1
3047 1897 1
3047 4548 1
3047 4306 1
3047 2920 1
3048 294 1
3050 3197 1
3050 2305 1
3050 2159 1
3050 4467 1
3050 2092 1
3050 3866 1
3050 436 1
3050 821 1
3050 378 1
3050 1139 1
3053 139 1
3053 2577 1
3053 4401 1
3053 4540 1
3053 4422 1
3053 4674 1
3053 3866 1
3060 997 1
3060 1739 1
3060 4380 1
3060 1151 1
3060 4562 1
3060 663 1
3062 4422 1
3062 2956 1
3062 4449 1
3062 3197 1
3065 1199 1
3065 4324 1
3065 1594 1
3065 4189 1
3065 2697 1
3065 1135 1
3065 2929 1
3065 2695 1
3065 4241 1
3065 281 1
3065 3399 1
3065 419 1
3065 404 1
3065 1505 1
3065 3667 1
3065 3450 1
3065 89 1
3065 2956 1
3066 906 1
3066 2362 1
3072 765 1
3072 3135 1
3072 2577 1
3072 1105 1
3072 1891 1
3072 4401 1
3072 1954 1
3072 3489 1
3072 4744 1
3072 1071 1
3072 3241 1
3072 1077 1
3072 1733 1
3072 2382 1
3072 3011 1
3072 2578 1
3075 4394 1
3075 1540 1
3076 4070 1
3076 1396 1
3076 4011 1
3076 237 1
3076 3246 1
3076 1297 1
3076 4459 1
3076 33 1
3076 4700 1
3076 4744 1
3076 3837 1
3076 4605 1
3076 2777 1
3076 4389 1
3077 2273 1
3077 3155 1
3077 1105 1
3077 3241 1
3077 4542 1
3077 947 1
3077 2618 1
3077 2577 1
3077 4467 1
3077 3880 1
3077 3023 1
3077 1890 1
3077 3615 1
3077 4009 1
3077 3534 1
3077 2148 1
3081 4605 1
3081 2131 1
3081 3049 1
3081 1739 1
3081 2956 1
3081 2411 1
3081 1986 1
3084 3373 1
3086 3871 1
3086 3241 1
3086 4326 1
3086 2335 1
3086 765 1
3086 2273 1
3086 375 1
3086 2747 1
3086 3489 1
3086 2382 1
3086 1236 1
3086 1139 1
3086 3254 1
3086 350 1
3086 1539 1
3086 522 1
3086 1077 1
3086 2173 1
3086 3534 1
3086 4122 1
3086 1540 1
3086 947 1
3086 24 1
3086 1835 1
3086 4744 1
3086 1879 1
3088 3281 1
3088 1499 1
3088 1594 1
3090 4021 1
3090 2382 1
3090 4629 1
3090 535 1
3090 1325 1
3090 2784 1
3090 1760 1
3090 2295 1
3090 4001 1
3090 3246 1
3090 4458 1
3090 2035 1
3090 3948 1
3090 2163 1
3090 3375 1
3092 2956 1
3092 1275 1
3092 1540 1
3092 4665 1
3092 2028 1
3092 162 1
3096 1466 1
3096 4423 1
3096 2920 1
3096 290 1
3096 1517 1
3096 653 1
3097 4422 1
3097 337 1
3097 3601 1
3097 2730 1
3097 3912 1
3097 1535 1
3097 4122 1
3100 2881 1
3100 4306 1
3101 1578 1
3101 3972 1
3101 2092 1
3103 878 1
3103 2148 1
3105 3478 1
3105 1945 1
3105 352 1
3105 3714 1
3105 1105 1
3105 3935 1
3105 2824 1
3105 350 1
3105 3241 1
3105 1691 1
3105 1594 1
3105 2061 1
3105 1567 1
3105 4380 1
3105 3441 1
3105 3464 1
3109 1105 1
3109 1071 1
3109 4423 1
3109 1077 1
3109 1540 1
3109 4401 1
3114 3138 1
3114 201 1
3114 4631 1
3114 143 1
3114 1029 1
3114 769 1
3114 3145 1
3114 4743 1
3114 631 1
3114 2748 1
3114 3703 1
3114 3197 1
3114 3833 1
3114 2595 1
3114 4584 1
3114 1507 1
3114 3446 1
3114 3802 1
3115 1179 1
3115 3667 1
3115 4346 1
3115 4422 1
3115 2482 1
3115 247 1
3115 1835 1
3116 304 1
3116 1594 1
3118 1502 1
3118 3075 1
3122 3399 1
3122 2969 1
3122 1601 1
3122 1313 1
3122 4422 1
3122 2305 1
3122 2956 1
3122 2184 1
3122 2118 1
3122 2273 1
3122 948 1
3122 3443 1
3122 378 1
3122 3006 1
3126 1761 1
3126 4756 1
3126 2517 1
3126 2520 1
3127 4744 1
3127 657 1
3127 2577 1
3127 4467 1
3127 3821 1
3127 1105 1
3127 1983 1
3127 4465 1
3127 2681 1
3127 1717 1
3129 4422 1
3129 986 1
3129 864 1
3129 1593 1
3129 562 1
3129 2212 1
3129 4075 1
3129 358 1
3129 2148 1
3129 1157 1
3129 2124 1
3129 3569 1
3129 1359 1
3129 3143 1
3129 3464 1
3129 4744 1
3129 2718 1
3132 2577 1
3132 4107 1
3139 628 1
3139 337 1
3139 3160 1
3146 790 1
3148 2180 1
3148 1499 1
3148 4467 1
3148 522 1
3148 421 1
3148 493 1
3148 2748 1
3148 1309 1
3148 3144 1
3148 1601 1
3148 997 1
3148 4302 1
3148 1324 1
3148 3011 1
3148 4080 1
3148 2393 1
3148 1179 1
3148 436 1
3148 616 1
3148 2493 1
3148 2612 1
3148 3196 1
3148 1835 1
3148 4040 1
3152 4122 1
3152 1540 1
3152 3912 1
3152 4422 1
3152 3507 1
3152 1501 1
3152 2987 1
3152 3034 1
3152 1594 1
3152 2059 1
3152 24 1
3152 3241 1
3153 4189 1
3153 3919 1
3153 2132 1
3153 2873 1
3153 542 1
3153 2092 1
3153 4553 1
3158 1875 1
3158 1203 1
3158 1309 1
3158 4122 1
3158 337 1
3158 4755 1
3158 3196 1
3158 1507 1
3158 3507 1
3158 247 1
3160 1348 1
3160 4153 1
3160 3864 1
3160 149 1
3160 818 1
3160 2259 1
3160 3246 1
3171 3246 1
3171 4557 1
3171 78 1
3171 2041 1
3171 1610 1
3173 3464 1
3173 1324 1
3173 2920 1
3173 4303 1
3173 1750 1
3173 950 1
3173 2305 1
3173 525 1
3173 4690 1
3173 1601 1
3173 2029 1
3173 2578 1
3173 3197 1
3173 4686 1
3173 1696 1
3173 1499 1
3173 2061 1
3173 1752 1
3173 1373 1
3174 1524 1
3174 4056 1
3174 371 1
3174 4496 1
3174 1827 1
3174 633 1
3174 628 1
3174 2484 1
3174 3837 1
3174 605 1
3179 666 1
3179 4193 1
3179 2730 1
3179 2512 1
3179 874 1
3179 3446 1
3179 4250 1
3179 2188 1
3179 656 1
3179 2922 1
3179 1936 1
3179 282 1
3179 174 1
3179 3574 1
3179 223 1
3179 1915 1
3179 3713 1
3179 708 1
3179 1378 1
3179 4194 1
3179 3539 1
3179 833 1
3179 3631 1
3179 1016 1
3179 423 1
3179 1996 1
3179 3667 1
3179 1375 1
3179 2092 1
3179 617 1
3179 1949 1
3179 27 1
3179 456 1
3179 878 1
3179 267 1
3179 1566 1
3179 4736 1
3179 1865 1
3179 679 1
3179 4585 1
3179 1365 1
3179 292 1
3179 951 1
3179 3291 1
3179 2050 1
3179 1536 1
3179 2883 1
3179 4083 1
3179 1578 1
3179 3200 1
3179 1525 1
3179 1064 1
3179 9 1
3179 4553 1
3179 2132 1
3179 2875 1
3179 4325 1
3179 1116 1
3181 3374 1
3183 4562 1
3183 1118 1
3183 3866 1
3185 3714 1
3185 714 1
3185 4423 1
3185 3154 1
3185 2881 1
3185 4401 1
3185 1230 1
3185 930 1
3185 2748 1
3185 1499 1
3185 24 1
3189 4422 1
3189 3241 1
3189 398 1
3192 3580 1
3195 4422 1
3195 838 1
3197 3951 1
3204 1945 1
3204 2219 1
3204 4009 1
3204 3714 1
3204 3967 1
3205 4467 1
3205 3462 1
3205 4526 1
3205 893 1
3205 4213 1
3205 3066 1
3208 1571 1
3208 790 1
3209 74 1
3209 2881 1
3209 274 1
3209 3811 1
3209 3597 1
3209 1071 1
3209 2940 1
3209 4284 1
3209 1955 1
3209 667 1
3209 152 1
3209 2299 1
3209 3378 1
3209 989 1
3211 1954 1
3211 3507 1
3212 1252 1
3212 139 1
3216 3565 1
3216 2276 1
3216 2193 1
3216 208 1
3216 1179 1
3216 874 1
3217 2410 1
3217 436 1
3217 2883 1
3217 3021 1
3217 291 1
3217 3787 1
3217 123 1
3217 4690 1
3217 3065 1
3217 1597 1
3217 2449 1
3217 375 1
3217 1892 1
3217 4674 1
3217 1805 1
3230 3534 1
3230 945 1
3230 1540 1
3230 3459 1
3230 906 1
3230 4548 1
3230 4670 1
3230 4401 1
3230 2148 1
3230 888 1
3230 1578 1
3230 4422 1
3230 2577 1
3230 4546 1
3230 3562 1
3230 893 1
3230 1122 1
3230 3241 1
3230 46 1
3232 350 1
3232 3714 1
3232 1945 1
3232 3164 1
3232 3401 1
3232 1077 1
3232 3967 1
3232 3011 1
3233 2577 1
3235 3011 1
3235 2092 1
3235 2278 1
3237 1610 1
3237 1295 1
3237 3399 1
3237 3433 1
3237 45 1
3237 3547 1
3237 4589 1
3237 3329 1
3237 708 1
3237 1096 1
3237 1179 1
3237 4659 1
3237 3385 1
3238 4023 1
3238 4122 1
3238 1139 1
3241 2382 1
3241 1192 1
3241 3713 1
3241 3026 1
3241 3999 1
3241 930 1
3241 4339 1
3242 1835 1
3242 626 1
3242 4104 1
3242 4467 1
3242 4112 1
3242 3795 1
3242 1122 1
3244 2159 1
3244 3999 1
3244 3615 1
3244 57 1
3244 3708 1
3244 893 1
3244 1292 1
3244 4102 1
3244 3952 1
3244 4389 1
3244 3787 1
3244 1540 1
3244 3241 1
3244 3811 1
3244 940 1
3246 2769 1
3246 247 1
3246 3216 1
3246 4744 1
3246 4381 1
3248 821 1
3248 3950 1
3252 816 1
3252 1646 1
3255 3091 1
3255 2681 1
3255 3817 1
3255 1486 1
3255 1085 1
3255 1440 1
3255 883 1
3255 3306 1
3255 714 1
3255 3653 1
3255 2612 1
3255 254 1
3255 3387 1
3255 2448 1
3255 1122 1
3255 3270 1
3255 3554 1
3255 1550 1
3255 4405 1
3255 4088 1
3255 727 1
3255 1750 1
3255 2577 1
3255 3629 1
3257 1952 1
3257 1750 1
3257 959 1
3257 2037 1
3257 838 1
3257 3488 1
3257 1254 1
3257 2010 1
3257 3145 1
3257 1865 1
3257 3404 1
3257 399 1
3257 847 1
3257 2994 1
3258 997 1
3260 2219 1
3260 4000 1
3260 2577 1
3260 3963 1
3260 4670 1
3260 3967 1
3260 1953 1
3260 1826 1
3260 3011 1
3260 4380 1
3260 3714 1
3260 1825 1
3260 3162 1
3260 1763 1
3260 4523 1
3260 46 1
3260 3452 1
3260 2881 1
3260 893 1
3260 1954 1
3260 24 1
3260 4423 1
3260 3972 1
3260 1890 1
3260 1566 1
3260 4548 1
3260 1945 1
3260 3638 1
3260 4540 1
3260 3164 1
3260 4511 1
3260 3241 1
3260 4542 1
3260 4460 1
3260 3534 1
3260 1891 1
3260 3378 1
3261 3154 1
3261 3197 1
3261 3999 1
3261 4072 1
3261 3943 1
3261 3450 1
3262 1578 1
3262 2153 1
3264 3866 1
3264 3489 1
3264 4422 1
3264 3241 1
3264 27 1
3264 1610 1
3264 4548 1
3266 4405 1
3266 3915 1
3268 950 1
3268 2577 1
3268 3233 1
3268 1327 1
3269 3197 1
3269 3233 1
3269 840 1
3269 2431 1
3269 3067 1
3269 1070 1
3271 3866 1
3271 4548 1
3271 1540 1
3271 1105 1
3271 1825 1
3271 893 1
3271 4401 1
3271 1954 1
3272 1624 1
3273 2299 1
3273 3401 1
3273 1886 1
3273 2275 1
3273 1891 1
3273 2921 1
3273 1945 1
3273 3164 1
3273 3967 1
3273 1348 1
3273 765 1
3273 2219 1
3273 2167 1
3273 2402 1
3273 4631 1
3273 1025 1
3273 2173 1
3273 3714 1
3273 1775 1
3273 2131 1
3273 3638 1
3273 2053 1
3273 2340 1
3273 2578 1
3273 482 1
3273 123 1
3273 4380 1
3273 1194 1
3278 2484 1
3279 4023 1
3279 4459 1
3279 3075 1
3281 3399 1
3284 3197 1
3284 3175 1
3284 3411 1
3284 1596 1
3284 1179 1
3284 1566 1
3286 3281 1
3286 290 1
3286 4751 1
3289 116 1
3289 4422 1
3294 1319 1
3294 2035 1
3294 402 1
3294 3102 1
3294 2713 1
3294 2748 1
3294 2039 1
3294 2487 1
3294 78 1
3294 3373 1
3294 4405 1
3294 4302 1
3294 3197 1
3294 4001 1
3294 436 1
3294 1540 1
3294 4072 1
3301 774 1
3301 1540 1
3301 3246 1
3301 2681 1
3301 1578 1
3301 358 1
3301 2279 1
3308 2763 1
3308 4251 1
3308 1331 1
3308 3710 1
3308 3831 1
3308 1499 1
3308 1610 1
3308 29 1
3308 4345 1
3308 2356 1
3308 2748 1
3308 1706 1
3308 3197 1
3308 2075 1
3308 3065 1
3308 1601 1
3308 2956 1
3308 4364 1
3308 3348 1
3308 2681 1
3308 4422 1
3308 1410 1
3308 2305 1
3312 1540 1
3312 3291 1
3314 4585 1
3314 1072 1
3314 4043 1
3325 285 1
3325 1179 1
3325 4266 1
3325 1544 1
3327 4338 1
3327 1540 1
3327 3469 1
3327 4097 1
3327 898 1
3327 27 1
3327 2118 1
3327 3948 1
3327 2345 1
3335 1085 1
3335 13 1
3335 2956 1
3335 4659 1
3335 3578 1
3335 562 1
3335 4339 1
3336 997 1
3336 4548 1
3336 3378 1
3336 3450 1
3336 3489 1
3336 3866 1
3336 4401 1
3336 3196 1
3336 3534 1
3337 3373 1
3337 4744 1
3337 2548 1
3337 2850 1
3340 535 1
3340 4460 1
3340 3241 1
3340 893 1
3340 4706 1
3340 2741 1
3340 3489 1
3340 3638 1
3340 4000 1
3340 3857 1
3340 3893 1
3340 4670 1
3340 947 1
3340 1105 1
3340 2763 1
3340 2577 1
3341 2578 1
3341 4717 1
3341 3154 1
3341 2577 1
3341 3629 1
3341 2342 1
3341 3534 1
3341 2897 1
3341 3164 1
3341 375 1
3341 3967 1
3341 1540 1
3343 3241 1
3343 2920 1
3343 3557 1
3343 4523 1
3343 3843 1
3343 801 1
3343 274 1
3343 2219 1
3343 350 1
3343 2881 1
3343 1077 1
3343 1699 1
3343 3009 1
3343 4460 1
3343 2092 1
3343 3866 1
3343 1224 1
3343 1502 1
3343 3489 1
3343 36 1
3347 2251 1
3347 941 1
3347 1129 1
3347 3704 1
3352 4302 1
3352 2155 1
3352 1348 1
3355 2092 1
3355 1696 1
3355 2430 1
3359 350 1
3362 4504 1
3362 1954 1
3362 535 1
3362 1105 1
3362 3241 1
3362 4422 1
3362 1540 1
3362 4670 1
3364 1505 1
3364 2518 1
3364 3252 1
3364 2920 1
3364 4422 1
3364 4594 1
3364 1703 1
3364 893 1
3368 247 1
3368 1566 1
3368 941 1
3374 2187 1
3374 2577 1
3374 535 1
3374 1540 1
3376 3514 1
3376 2873 1
3376 2817 1
3376 1196 1
3376 3329 1
3376 3592 1
3376 3072 1
3376 4270 1
3376 970 1
3376 2296 1
3376 2807 1
3376 951 1
3376 3827 1
3376 2960 1
3376 1707 1
3376 248 1
3376 2325 1
3376 2869 1
3376 1031 1
3376 4498 1
3376 715 1
3376 2132 1
3376 4086 1
3376 4200 1
3376 3103 1
3376 3686 1
3376 2069 1
3376 1582 1
3376 2188 1
3376 10 1
3376 2820 1
3376 588 1
3376 3094 1
3376 1865 1
3376 3923 1
3376 931 1
3376 1794 1
3376 1583 1
3376 505 1
3376 282 1
3376 3488 1
3376 2257 1
3376 4416 1
3376 1005 1
3376 645 1
3376 1613 1
3376 3434 1
3377 4584 1
3379 3267 1
3379 1696 1
3382 4422 1
3382 4401 1
3382 4023 1
3382 765 1
3382 3866 1
3382 3378 1
3382 985 1
3382 350 1
3382 1122 1
3383 8 1
3384 3444 1
3384 1544 1
3384 720 1
3384 3384 1
3387 2391 1
3387 3216 1
3387 3153 1
3387 92 1
3387 3615 1
3387 1891 1
3387 3378 1
3387 2067 1
3387 4266 1
3387 1105 1
3387 3104 1
3387 4423 1
3387 4068 1
3387 3241 1
3387 4548 1
3387 1 1
3387 350 1
3387 4552 1
3387 1236 1
3387 4021 1
3387 3871 1
3387 3534 1
3387 2219 1
3387 1355 1
3387 1077 1
3387 4401 1
3387 4231 1
3389 4001 1
3389 3972 1
3389 2484 1
3389 3866 1
3389 821 1
3389 4122 1
3390 1077 1
3390 3612 1
3390 4036 1
3390 362 1
3390 3505 1
3390 4266 1
3390 1619 1
3390 2850 1
3390 4542 1
3390 783 1
3390 1135 1
3390 3967 1
3390 3309 1
3390 4346 1
3390 3535 1
3390 2299 1
3390 1241 1
3390 2731 1
3390 3660 1
3390 2763 1
3390 2251 1
3390 269 1
3390 535 1
3390 3245 1
3390 3714 1
3390 3104 1
3390 2079 1
3390 3871 1
3390 3255 1
3390 3241 1
3390 4548 1
3390 1078 1
3390 3328 1
3390 4290 1
3390 3667 1
3390 3781 1
3390 247 1
3390 1891 1
3390 2578 1
3390 1125 1
3390 358 1
3390 137 1
3390 1917 1
3390 906 1
3390 4171 1
3390 421 1
3390 947 1
3390 147 1
3390 2530 1
3390 3819 1
3390 3857 1
3390 1484 1
3390 1071 1
3390 1779 1
3390 1095 1
3390 3837 1
3390 868 1
3390 1105 1
3390 1953 1
3390 1236 1
3390 2342 1
3390 24 1
3390 1947 1
3390 3963 1
3390 199 1
3390 4570 1
3390 2998 1
3390 350 1
3390 4422 1
3390 3489 1
3391 3930 1
3391 4064 1
3391 1122 1
3391 2148 1
3391 1890 1
3391 947 1
3391 4401 1
3391 1077 1
3391 2612 1
3391 706 1
3391 3866 1
3391 3534 1
3391 2023 1
3405 3399 1
3405 4086 1
3405 3197 1
3405 1196 1
3405 4744 1
3405 4029 1
3405 1236 1
3405 2989 1
3405 4401 1
3405 782 1
3405 4021 1
3405 1702 1
3405 2130 1
3405 1007 1
3405 2617 1
3405 2598 1
3405 3273 1
3405 1835 1
3405 2655 1
3405 3052 1
3405 113 1
3405 2335 1
3405 682 1
3405 27 1
3405 4670 1
3405 3126 1
3405 3254 1
3406 3866 1
3406 2342 1
3412 3011 1
3412 4401 1
3412 8 1
3412 359 1
3412 765 1
3414 4389 1
3415 1931 1
3415 838 1
3415 782 1
3415 3399 1
3415 2577 1
3415 3462 1
3415 2440 1
3417 3267 1
3417 1835 1
3417 4422 1
3417 535 1
3417 378 1
3417 3713 1
3417 3669 1
3417 4238 1
3417 3538 1
3417 4744 1
3417 1197 1
3417 2639 1
3417 1507 1
3417 3972 1
3417 4266 1
3417 1856 1
3417 2846 1
3417 2577 1
3417 3269 1
3417 3714 1
3417 3586 1
3417 2041 1
3417 1628 1
3417 1759 1
3417 2362 1
3419 1033 1
3419 4079 1
3419 3664 1
3419 2305 1
3421 801 1
3421 3455 1
3421 4009 1
3421 3871 1
3421 2219 1
3421 350 1
3421 2039 1
3421 4523 1
3421 765 1
3421 4401 1
3421 4511 1
3421 3534 1
3421 3378 1
3421 2020 1
3422 720 1
3422 4122 1
3422 3714 1
3422 3086 1
3422 2351 1
3426 1181 1
3426 653 1
3426 562 1
3426 2519 1
3426 378 1
3426 2250 1
3426 3373 1
3427 1446 1
3427 4000 1
3427 2148 1
3433 3366 1
3433 989 1
3433 2705 1
3433 3401 1
3437 3241 1
3439 3693 1
3439 1348 1
3439 2573 1
3439 2617 1
3439 2577 1
3439 2219 1
3439 4206 1
3439 645 1
3439 1196 1
3439 2174 1
3439 2697 1
3439 1566 1
3439 2452 1
3439 2173 1
3439 1568 1
3439 3241 1
3439 1054 1
3440 2946 1
3440 882 1
3440 1582 1
3440 1396 1
3440 2657 1
3440 10 1
3440 3514 1
3442 3967 1
3442 4422 1
3442 4523 1
3442 3241 1
3442 4670 1
3442 3562 1
3442 2219 1
3443 2987 1
3443 1540 1
3445 1218 1
3445 1373 1
3445 1393 1
3445 1944 1
3445 1863 1
3445 3684 1
3445 24 1
3445 3698 1
3445 3291 1
3445 421 1
3445 2979 1
3445 1139 1
3445 1523 1
3445 1236 1
3445 714 1
3445 475 1
3445 4122 1
3447 1229 1
3447 2873 1
3450 350 1
3450 1902 1
3450 4548 1
3450 3274 1
3450 2577 1
3450 3615 1
3450 1077 1
3453 2092 1
3453 3246 1
3453 3713 1
3453 3464 1
3457 1578 1
3457 4422 1
3457 1505 1
3457 3522 1
3457 4562 1
3457 3972 1
3457 337 1
3457 1610 1
3458 3291 1
3458 2748 1
3458 3329 1
3458 3092 1
3458 4266 1
3458 3917 1
3458 2573 1
3458 4422 1
3458 475 1
3458 3197 1
3458 1218 1
3458 2311 1
3462 842 1
3462 562 1
3462 1340 1
3462 3498 1
3462 4485 1
3462 1610 1
3462 223 1
3462 1763 1
3462 3329 1
3462 1236 1
3462 3567 1
3462 429 1
3468 2250 1
3468 3306 1
3468 2714 1
3468 874 1
3469 421 1
3469 1954 1
3469 348 1
3469 988 1
3469 1118 1
3469 1324 1
3469 4117 1
3469 2827 1
3469 3154 1
3469 2612 1
3469 1122 1
3469 253 1
3469 3357 1
3469 547 1
3469 2921 1
3469 3464 1
3469 3567 1
3469 2335 1
3469 952 1
3469 4076 1
3469 1575 1
3469 4053 1
3469 350 1
3469 4184 1
3471 2846 1
3471 4040 1
3471 3822 1
3471 2023 1
3474 1759 1
3474 1179 1
3479 3507 1
3479 4422 1
3479 4372 1
3479 1203 1
3479 979 1
3481 765 1
3481 3197 1
3481 204 1
3485 4735 1
3485 1985 1
3485 3104 1
3485 1621 1
3485 970 1
3485 3693 1
3485 3565 1
3485 4498 1
3485 878 1
3485 388 1
3485 1960 1
3485 3292 1
3485 588 1
3485 2069 1
3486 893 1
3486 4401 1
3486 1122 1
3486 4423 1
3486 1071 1
3486 1354 1
3486 2578 1
3486 378 1
3486 790 1
3486 4744 1
3486 3866 1
3486 2039 1
3486 765 1
3486 3164 1
3486 3241 1
3486 3534 1
3486 1879 1
3490 3452 1
3490 375 1
3490 1348 1
3490 1578 1
3490 4422 1
3490 4029 1
3490 27 1
3490 2577 1
3490 3874 1
3490 1769 1
3490 838 1
3490 539 1
3490 2305 1
3490 3280 1
3490 4756 1
3490 1564 1
3490 1610 1
3490 3562 1
3490 535 1
3490 2364 1
3490 358 1
3490 1594 1
3490 3534 1
3490 4401 1
3490 4519 1
3490 782 1
3490 1931 1
3490 3521 1
3490 1295 1
3490 24 1
3490 3241 1
3490 2118 1
3490 3669 1
3490 1902 1
3490 906 1
3490 1122 1
3490 4088 1
3490 3328 1
3490 3160 1
3490 2542 1
3490 162 1
3490 2922 1
3490 3667 1
3490 2956 1
3490 282 1
3490 3450 1
3490 4122 1
3490 546 1
3490 893 1
3490 3267 1
3490 1644 1
3490 20 1
3490 3866 1
3490 4043 1
3490 4444 1
3490 1118 1
3490 2484 1
3490 419 1
3490 3154 1
3490 2929 1
3490 1236 1
3490 1540 1
3490 3546 1
3490 591 1
3490 4306 1
3490 2105 1
3490 45 1
3490 1835 1
3490 628 1
3490 4744 1
3494 4422 1
3494 4401 1
3496 2305 1
3496 78 1
3498 4206 1
3498 4465 1
3498 3272 1
3498 4036 1
3498 757 1
3498 237 1
3498 4055 1
3500 419 1
3500 3878 1
3500 2364 1
3500 1769 1
3500 3452 1
3500 27 1
3500 3160 1
3500 2577 1
3500 292 1
3500 1540 1
3503 4519 1
3503 1553 1
3503 1594 1
3503 3053 1
3503 4749 1
3503 2025 1
3503 3500 1
3503 1839 1
3503 3376 1
3503 1799 1
3505 493 1
3507 3534 1
3507 893 1
3507 4659 1
3507 838 1
3507 2092 1
3507 2612 1
3507 2681 1
3507 4203 1
3507 1594 1
3507 282 1
3507 3562 1
3507 3233 1
3507 2695 1
3507 4548 1
3507 1118 1
3507 4467 1
3507 247 1
3507 3782 1
3507 2956 1
3507 4744 1
3507 3267 1
3507 1540 1
3507 3831 1
3507 4394 1
3507 4001 1
3507 1499 1
3507 2153 1
3507 1578 1
3507 1763 1
3507 3034 1
3507 1825 1
3507 1610 1
3507 2577 1
3507 3196 1
3510 3241 1
3510 1077 1
3512 3197 1
3512 2152 1
3512 3534 1
3512 1691 1
3512 4380 1
3512 2697 1
3512 3686 1
3512 4511 1
3512 869 1
3512 4670 1
3512 3569 1
3512 475 1
3512 893 1
3512 1945 1
3512 4548 1
3512 2092 1
3512 67 1
3512 362 1
3512 3205 1
3512 1566 1
3512 4542 1
3512 4523 1
3512 1071 1
3512 540 1
3512 3811 1
3512 2920 1
3512 3857 1
3512 1624 1
3512 1139 1
3512 3638 1
3512 2219 1
3512 3241 1
3512 3075 1
3512 4122 1
3512 3274 1
3512 4206 1
3512 3866 1
3512 1067 1
3512 4422 1
3512 4238 1
3512 4401 1
3513 1832 1
3513 2142 1
3516 1954 1
3516 3246 1
3516 947 1
3516 4401 1
3516 3055 1
3516 2335 1
3516 1646 1
3516 2513 1
3516 1243 1
3518 714 1
3521 267 1
3521 2132 1
3521 1009 1
3521 3998 1
3521 1101 1
3521 370 1
3521 1793 1
3521 3863 1
3521 1918 1
3521 1902 1
3521 1839 1
3521 221 1
3521 878 1
3521 1005 1
3521 4017 1
3521 846 1
3521 791 1
3521 4553 1
3521 2290 1
3521 1780 1
3521 2334 1
3521 1769 1
3521 292 1
3521 1217 1
3521 724 1
3521 4043 1
3521 3433 1
3521 2446 1
3521 1457 1
3521 2922 1
3521 1865 1
3521 4340 1
3521 1254 1
3521 3921 1
3521 3924 1
3521 1002 1
3521 419 1
3521 4432 1
3521 3742 1
3521 2916 1
3521 3103 1
3521 4565 1
3521 1123 1
3521 931 1
3521 838 1
3523 2595 1
3523 2552 1
3524 1321 1
3526 3021 1
3526 2340 1
3526 2820 1
3526 2577 1
3526 1110 1
3526 2542 1
3526 122 1
3526 2996 1
3526 4315 1
3526 838 1
3526 8 1
3527 2484 1
3527 1376 1
3527 790 1
3527 774 1
3527 2569 1
3527 3525 1
3527 1803 1
3529 3291 1
3529 4744 1
3529 360 1
3529 2740 1
3529 4548 1
3529 1650 1
3529 2131 1
3529 893 1
3529 981 1
3529 2240 1
3529 2981 1
3529 1917 1
3529 161 1
3530 4665 1
3530 1196 1
3530 1996 1
3530 123 1
3530 1446 1
3530 2553 1
3530 893 1
3530 311 1
3530 4548 1
3530 1069 1
3530 2105 1
3530 4511 1
3530 4498 1
3533 2219 1
3534 1578 1
3534 2616 1
3534 291 1
3534 2382 1
3534 3197 1
3534 4755 1
3534 2023 1
3534 816 1
3534 4467 1
3534 4401 1
3537 1390 1
3544 1945 1
3547 1610 1
3556 950 1
3556 3972 1
3558 4326 1
3558 4293 1
3558 1117 1
3558 2731 1
3558 487 1
3558 3411 1
3558 3960 1
3558 1410 1
3558 3767 1
3558 4560 1
3558 1760 1
3558 4423 1
3558 295 1
3558 4346 1
3558 1961 1
3558 1807 1
3558 1127 1
3558 68 1
3558 3075 1
3558 1050 1
3558 1302 1
3558 247 1
3558 1681 1
3558 4459 1
3558 378 1
3558 4049 1
3558 1449 1
3558 933 1
3558 3561 1
3558 3718 1
3558 4036 1
3558 2002 1
3558 80 1
3558 2101 1
3558 2400 1
3558 237 1
3558 3282 1
3558 737 1
3558 2516 1
3558 4687 1
3558 3507 1
3558 3197 1
3558 4669 1
3558 4744 1
3559 1589 1
3559 2484 1
3559 161 1
3559 2577 1
3559 885 1
3559 456 1
3559 1283 1
3559 645 1
3559 426 1
3564 2831 1
3564 4512 1
3564 3774 1
3564 1693 1
3564 3698 1
3564 4024 1
3564 4389 1
3564 816 1
3564 475 1
3564 837 1
3564 39 1
3564 4738 1
3564 399 1
3564 3329 1
3564 44 1
3564 3754 1
3564 3897 1
3564 1413 1
3564 1496 1
3568 2577 1
3568 1891 1
3568 3546 1
3568 1020 1
3568 4206 1
3568 2898 1
3568 1540 1
3568 3871 1
3568 95 1
3568 92 1
3569 3534 1
3569 2484 1
3569 3400 1
3569 3999 1
3569 4426 1
3569 4562 1
3569 4548 1
3569 2340 1
3569 1077 1
3569 2578 1
3569 1945 1
3569 3128 1
3569 3197 1
3569 3011 1
3572 4122 1
3572 3999 1
3572 247 1
3572 3452 1
3572 535 1
3575 1594 1
3575 1373 1
3576 375 1
3576 1950 1
3576 3775 1
3576 2382 1
3576 2182 1
3576 1845 1
3577 1122 1
3577 1948 1
3577 1413 1
3577 821 1
3577 671 1
3577 4670 1
3577 4159 1
3577 3546 1
3577 2853 1
3577 4422 1
3577 2987 1
3577 1835 1
3577 2612 1
3577 1325 1
3577 2681 1
3577 4122 1
3577 720 1
3577 628 1
3577 1377 1
3577 375 1
3577 1825 1
3577 359 1
3577 3267 1
3580 1954 1
3580 981 1
3584 3197 1
3584 1139 1
3586 3241 1
3586 3272 1
3586 947 1
3586 4542 1
3587 2092 1
3587 493 1
3587 3972 1
3587 4122 1
3587 535 1
3587 3241 1
3587 4422 1
3589 3821 1
3589 2092 1
3589 1052 1
3589 2901 1
3589 1122 1
3589 72 1
3589 57 1
3589 4345 1
3589 2131 1
3589 4422 1
3589 2875 1
3589 2971 1
3589 2826 1
3589 1646 1
3589 3676 1
3589 2573 1
3589 571 1
3589 1503 1
3589 4104 1
3589 3864 1
3589 1348 1
3589 2568 1
3589 4656 1
3589 2089 1
3589 3811 1
3589 2637 1
3589 3758 1
3589 284 1
3589 2223 1
3589 1606 1
3589 4039 1
3589 4352 1
3589 3055 1
3589 2153 1
3589 2577 1
3589 680 1
3589 4744 1
3589 3246 1
3589 4445 1
3589 4700 1
3589 417 1
3589 4720 1
3589 4203 1
3589 2842 1
3589 2360 1
3589 4755 1
3589 981 1
3589 3873 1
3589 3819 1
3589 26 1
3589 3787 1
3589 1763 1
3589 199 1
3589 2496 1
3589 1129 1
3589 4266 1
3589 2033 1
3589 1118 1
3589 779 1
3589 4383 1
3589 3399 1
3589 2251 1
3589 2094 1
3589 783 1
3589 1591 1
3589 2127 1
3589 2485 1
3589 4465 1
3589 3952 1
3589 522 1
3590 1373 1
3590 1578 1
3590 4494 1
3590 4562 1
3590 3546 1
3591 1540 1
3591 2039 1
3591 1324 1
3591 790 1
3591 1628 1
3591 3498 1
3591 3133 1
3591 2770 1
3591 1834 1
3591 3175 1
3591 1616 1
3592 1375 1
3592 1601 1
3592 1373 1
3596 3795 1
3596 997 1
3596 1578 1
3596 906 1
3596 1540 1
3597 1499 1
3597 2681 1
3597 1535 1
3597 4717 1
3597 3464 1
3598 4122 1
3598 2092 1
3600 421 1
3600 1578 1
3600 3366 1
3600 765 1
3600 350 1
3600 2092 1
3600 2881 1
3602 4122 1
3606 45 1
3606 258 1
3606 1165 1
3606 4444 1
3606 2028 1
3606 1116 1
3606 1064 1
3606 9 1
3606 782 1
3607 2965 1
3607 2956 1
3607 3537 1
3607 399 1
3610 4423 1
3610 4004 1
3610 4009 1
3610 247 1
3610 2881 1
3610 242 1
3610 1071 1
3610 3534 1
3610 3241 1
3610 92 1
3612 2092 1
3612 4511 1
3612 442 1
3612 3401 1
3612 3371 1
3612 1393 1
3612 1505 1
3612 2770 1
3612 2131 1
3612 3378 1
3612 3255 1
3612 4401 1
3612 1118 1
3612 1945 1
3612 1502 1
3612 3714 1
3612 4540 1
3612 3291 1
3612 3411 1
3612 2219 1
3612 3450 1
3612 661 1
3612 2275 1
3612 3164 1
3613 2695 1
3613 1610 1
3613 1085 1
3613 2577 1
3613 633 1
3613 985 1
3613 3498 1
3613 4748 1
3613 2697 1
3613 535 1
3613 2153 1
3613 469 1
3613 2748 1
3613 3713 1
3613 2372 1
3613 2740 1
3613 118 1
3613 3740 1
3613 417 1
3613 4475 1
3613 247 1
3619 1332 1
3619 2748 1
3624 1496 1
3624 3258 1
3633 4250 1
3633 2542 1
3633 3713 1
3634 1594 1
3634 1540 1
3635 378 1
3635 2332 1
3635 4122 1
3635 2148 1
3635 3520 1
3635 4427 1
3635 2832 1
3635 4121 1
3635 2153 1
3635 3936 1
3635 3075 1
3635 2956 1
3635 1357 1
3635 3562 1
3635 1606 1
3635 433 1
3635 3119 1
3635 1197 1
3635 2743 1
3642 358 1
3642 378 1
3643 3116 1
3643 2542 1
3643 3291 1
3643 546 1
3643 45 1
3643 1835 1
3643 4422 1
3643 3260 1
3643 833 1
3643 475 1
3643 1048 1
3643 708 1
3647 1113 1
3647 2163 1
3647 4114 1
3647 40 1
3647 1377 1
3647 1760 1
3647 1285 1
3647 118 1
3647 3210 1
3647 4423 1
3647 1951 1
3647 3102 1
3647 2184 1
3647 2454 1
3647 4558 1
3647 3957 1
3647 2039 1
3647 637 1
3647 3498 1
3647 377 1
3647 1391 1
3647 1879 1
3647 2070 1
3648 1429 1
3648 1610 1
3648 522 1
3654 1327 1
3661 258 1
3661 4122 1
3661 1958 1
3661 4422 1
3661 2364 1
3661 3522 1
3661 1535 1
3662 2142 1
3662 842 1
3662 821 1
3662 4024 1
3662 2209 1
3662 4755 1
3662 1179 1
3662 3464 1
3662 1759 1
3664 1505 1
3664 4580 1
3664 4548 1
3664 33 1
3664 3662 1
3664 893 1
3664 1892 1
3665 2028 1
3666 4423 1
3666 2039 1
3666 2851 1
3666 1706 1
3667 1865 1
3667 4756 1
3667 4043 1
3667 838 1
3667 4553 1
3668 3009 1
3668 3401 1
3668 161 1
3670 1116 1
3676 1578 1
3677 2039 1
3677 4755 1
3677 3628 1
3680 3871 1
3680 1740 1
3680 1566 1
3680 2573 1
3680 3081 1
3680 4466 1
3680 2614 1
3680 2577 1
3689 1610 1
3689 4615 1
3689 421 1
3689 1578 1
3689 2740 1
3689 2092 1
3689 4072 1
3689 1324 1
3689 3197 1
3689 1179 1
3689 2136 1
3689 4422 1
3689 247 1
3689 1169 1
3689 2748 1
3691 3401 1
3691 2136 1
3691 4744 1
3691 2131 1
3691 76 1
3691 941 1
3691 1016 1
3691 1646 1
3691 2275 1
3691 4616 1
3691 1556 1
3691 3075 1
3691 4009 1
3691 3912 1
3691 2039 1
3691 314 1
3691 893 1
3693 2577 1
3694 3197 1
3694 3571 1
3694 1628 1
3694 2393 1
3696 350 1
3696 2219 1
3696 3564 1
3696 4380 1
3699 2577 1
3699 1105 1
3699 700 1
3699 3787 1
3699 2362 1
3699 4422 1
3702 1601 1
3702 2956 1
3703 4548 1
3703 3291 1
3703 67 1
3703 223 1
3703 2509 1
3703 3824 1
3703 1554 1
3703 2748 1
3703 1505 1
3703 2920 1
3703 4122 1
3703 4541 1
3704 2148 1
3704 3567 1
3704 1553 1
3704 4158 1
3704 3446 1
3704 1616 1
3704 1425 1
3707 2577 1
3707 4690 1
3707 1267 1
3707 2273 1
3707 4273 1
3707 782 1
3710 4122 1
3710 3245 1
3710 3824 1
3710 3241 1
3710 3327 1
3710 1540 1
3719 1122 1
3719 997 1
3721 4744 1
3721 1540 1
3721 421 1
3721 2148 1
3721 3669 1
3721 3866 1
3721 337 1
3721 906 1
3721 2536 1
3721 2061 1
3721 24 1
3721 3450 1
3721 1179 1
3721 3664 1
3721 487 1
3721 1773 1
3721 1752 1
3721 2956 1
3721 1893 1
3721 2731 1
3721 1902 1
3723 4324 1
3723 1785 1
3723 3857 1
3723 3999 1
3723 1540 1
3723 2922 1
3723 161 1
3723 1105 1
3723 45 1
3723 1355 1
3724 3175 1
3724 1273 1
3724 436 1
3724 3544 1
3724 27 1
3724 3196 1
3724 2283 1
3725 2273 1
3725 1795 1
3725 2522 1
3725 1763 1
3725 3546 1
3725 3197 1
3725 3871 1
3725 358 1
3725 4449 1
3725 3210 1
3730 2262 1
3730 2039 1
3730 2299 1
3733 3241 1
3733 2978 1
3733 3534 1
3733 1578 1
3733 3739 1
3733 2987 1
3733 247 1
3733 3192 1
3733 4751 1
3733 3197 1
3733 1954 1
3733 288 1
3733 2484 1
3733 3866 1
3733 305 1
3733 4761 1
3733 1654 1
3733 3999 1
3733 3291 1
3733 2577 1
3733 4744 1
3733 658 1
3733 417 1
3733 1835 1
3733 322 1
3733 2740 1
3733 2920 1
3733 1646 1
3735 3011 1
3735 4542 1
3735 2881 1
3735 1857 1
3735 3628 1
3735 1067 1
3735 1945 1
3735 2921 1
3735 3534 1
3735 350 1
3735 4523 1
3735 3274 1
3735 4423 1
3735 3076 1
3735 1105 1
3735 3329 1
3735 3164 1
3735 1953 1
3735 4380 1
3735 4068 1
3735 4511 1
3735 1077 1
3735 4206 1
3735 3963 1
3735 765 1
3735 2219 1
3735 4540 1
3735 3871 1
3735 2342 1
3735 1566 1
3742 3049 1
3742 1072 1
3742 27 1
3742 2866 1
3742 3450 1
3742 907 1
3742 399 1
3742 825 1
3742 4346 1
3742 45 1
3742 4422 1
3742 3827 1
3742 475 1
3742 2517 1
3743 989 1
3743 997 1
3743 522 1
3743 4383 1
3743 247 1
3743 1610 1
3743 4246 1
3743 2092 1
3743 3353 1
3743 4475 1
3743 2763 1
3743 3452 1
3743 1118 1
3743 3522 1
3743 3787 1
3744 326 1
3744 4744 1
3744 1540 1
3744 2219 1
3744 3004 1
3744 2382 1
3744 3489 1
3744 775 1
3744 3606 1
3744 1566 1
3744 2920 1
3745 538 1
3745 3811 1
3745 1502 1
3745 1650 1
3745 4423 1
3745 3837 1
3745 291 1
3745 3795 1
3745 2689 1
3745 4105 1
3745 482 1
3745 1803 1
3745 1203 1
3745 3656 1
3745 1892 1
3745 3401 1
3745 2041 1
3745 1505 1
3745 3718 1
3745 4401 1
3745 3011 1
3745 3914 1
3745 4511 1
3745 2299 1
3745 1130 1
3745 2469 1
3745 2187 1
3747 3534 1
3747 1122 1
3752 3241 1
3752 952 1
3752 1600 1
3752 2173 1
3752 3999 1
3752 3912 1
3752 2636 1
3752 4426 1
3752 3857 1
3752 3843 1
3752 3714 1
3752 1286 1
3752 4000 1
3752 2382 1
3752 1891 1
3752 1825 1
3752 4122 1
3752 2881 1
3752 3357 1
3752 2577 1
3752 1624 1
3752 3023 1
3752 1505 1
3752 893 1
3752 1118 1
3752 8 1
3752 2219 1
3752 3638 1
3752 3011 1
3752 3866 1
3752 4394 1
3752 350 1
3752 1077 1
3752 3628 1
3752 3787 1
3752 1511 1
3752 4511 1
3752 1236 1
3752 2131 1
3752 1699 1
3752 3489 1
3752 2987 1
3752 2578 1
3753 2748 1
3753 2761 1
3753 2577 1
3753 1610 1
3753 375 1
3753 1348 1
3753 4122 1
3759 337 1
3759 72 1
3765 4504 1
3765 3197 1
3767 3990 1
3767 1931 1
3767 3998 1
3767 4208 1
3767 648 1
3767 1295 1
3767 2473 1
3767 838 1
3767 1116 1
3767 4133 1
3767 1652 1
3767 3783 1
3767 2973 1
3767 2388 1
3769 1540 1
3769 3534 1
3769 4422 1
3769 4122 1
3769 3241 1
3771 2029 1
3771 4751 1
3771 1842 1
3771 4449 1
3771 1995 1
3771 4548 1
3771 364 1
3771 893 1
3771 3397 1
3771 3884 1
3772 322 1
3772 402 1
3772 1965 1
3772 2519 1
3772 261 1
3772 1540 1
3772 4484 1
3772 2043 1
3772 2044 1
3772 3952 1
3772 2100 1
3772 1373 1
3772 3597 1
3772 930 1
3772 823 1
3772 4212 1
3772 774 1
3772 4367 1
3772 1578 1
3772 2748 1
3772 902 1
3772 182 1
3772 3787 1
3772 3281 1
3772 2956 1
3772 375 1
3772 2656 1
3772 1555 1
3772 3305 1
3772 2293 1
3772 766 1
3772 4303 1
3772 1203 1
3772 3464 1
3772 2124 1
3772 3468 1
3772 3077 1
3772 4302 1
3772 3081 1
3772 3291 1
3772 1987 1
3772 2200 1
3772 3805 1
3772 1110 1
3772 756 1
3772 2474 1
3772 4676 1
3772 4517 1
3772 3960 1
3772 2159 1
3772 3145 1
3772 2092 1
3772 4422 1
3772 4058 1
3772 1324 1
3772 3423 1
3772 3861 1
3772 3197 1
3772 1805 1
3772 1238 1
3772 1902 1
3772 2496 1
3775 3839 1
3775 341 1
3775 2624 1
3775 1610 1
3775 8 1
3775 2382 1
3780 1085 1
3780 522 1
3781 1610 1
3781 4562 1
3781 2763 1
3781 893 1
3781 1584 1
3781 1238 1
3781 3154 1
3781 359 1
3782 417 1
3782 1825 1
3785 3999 1
3785 4401 1
3785 2051 1
3785 4467 1
3785 3972 1
3785 4562 1
3785 3489 1
3785 1169 1
3785 3534 1
3785 4670 1
3785 893 1
3787 295 1
3787 4000 1
3787 4422 1
3787 3761 1
3787 4548 1
3787 3561 1
3787 3075 1
3787 4485 1
3793 2577 1
3797 790 1
3797 4000 1
3798 765 1
3798 1077 1
3798 350 1
3798 1071 1
3803 4145 1
3805 3328 1
3805 4465 1
3805 2612 1
3805 3137 1
3805 1117 1
3805 1348 1
3805 375 1
3805 1122 1
3806 3396 1
3806 2223 1
3806 3567 1
3807 3233 1
3807 2180 1
3807 3714 1
3807 1735 1
3807 1894 1
3807 1961 1
3807 2031 1
3807 816 1
3807 3197 1
3807 4302 1
3807 3713 1
3807 24 1
3807 1943 1
3807 1096 1
3807 1668 1
3807 1203 1
3807 4024 1
3807 1139 1
3807 3711 1
3807 375 1
3807 3569 1
3807 3142 1
3810 930 1
3810 1954 1
3813 419 1
3813 4408 1
3813 2866 1
3813 2132 1
3813 1761 1
3813 1395 1
3813 4438 1
3813 3921 1
3813 3276 1
3813 2484 1
3813 292 1
3813 1165 1
3813 353 1
3813 113 1
3813 1313 1
3813 4054 1
3813 4553 1
3813 3452 1
3813 1711 1
3813 577 1
3813 404 1
3813 2542 1
3813 874 1
3813 2996 1
3813 1640 1
3821 1983 1
3821 1373 1
3821 1578 1
3821 1816 1
3821 169 1
3821 2577 1
3821 1332 1
3821 375 1
3821 1505 1
3821 4422 1
3821 2092 1
3821 3566 1
3821 4672 1
3821 3543 1
3821 3348 1
3821 1179 1
3821 2219 1
3828 2092 1
3828 760 1
3828 421 1
3833 3841 1
3837 1540 1
3837 2543 1
3837 4489 1
3837 874 1
3837 4655 1
3837 1007 1
3837 1104 1
3838 4001 1
3838 1773 1
3838 4467 1
3838 4714 1
3838 2577 1
3838 1540 1
3838 4422 1
3838 4449 1
3844 897 1
3844 1763 1
3844 3866 1
3844 1950 1
3844 4467 1
3844 3534 1
3844 3960 1
3844 3241 1
3844 4548 1
3844 3291 1
3844 3196 1
3844 3338 1
3844 893 1
3844 535 1
3844 1492 1
3844 4159 1
3844 1540 1
3853 313 1
3853 2340 1
3853 2577 1
3853 3690 1
3853 2362 1
3853 652 1
3853 3816 1
3853 1540 1
3854 1540 1
3854 1105 1
3854 344 1
3854 4422 1
3854 2956 1
3854 1135 1
3855 3281 1
3856 3241 1
3856 2920 1
3856 4401 1
3856 893 1
3856 2092 1
3856 3972 1
3856 1578 1
3856 1224 1
3856 3507 1
3858 1122 1
3858 3153 1
3859 4422 1
3859 930 1
3864 2351 1
3864 133 1
3864 2577 1
3864 378 1
3864 1521 1
3864 4124 1
3864 1841 1
3866 1251 1
3866 1578 1
3866 4422 1
3873 1754 1
3874 997 1
3874 2489 1
3874 4039 1
3874 4554 1
3874 1535 1
3874 4434 1
3874 2920 1
3874 4489 1
3874 4678 1
3874 24 1
3874 3889 1
3874 511 1
3874 3442 1
3874 927 1
3874 2715 1
3874 1224 1
3874 2044 1
3874 2305 1
3874 2039 1
3874 189 1
3874 442 1
3874 1088 1
3874 1309 1
3874 242 1
3874 3965 1
3874 3866 1
3874 1739 1
3874 1987 1
3874 1071 1
3874 413 1
3874 1788 1
3874 3274 1
3874 2187 1
3874 2173 1
3874 4072 1
3874 1784 1
3874 2092 1
3874 4627 1
3875 3667 1
3875 3450 1
3875 3233 1
3875 1566 1
3875 2148 1
3875 375 1
3875 3581 1
3875 4670 1
3875 4266 1
3875 4422 1
3875 1619 1
3875 4306 1
3875 1763 1
3875 2987 1
3875 2270 1
3875 247 1
3875 2251 1
3875 2362 1
3875 1610 1
3875 3972 1
3875 1348 1
3875 2273 1
3875 628 1
3875 2612 1
3877 809 1
3877 2598 1
3877 1547 1
3877 2651 1
3877 1878 1
3877 3742 1
3878 4511 1
3878 4467 1
3878 2577 1
3878 4401 1
3878 3787 1
3878 4394 1
3878 2159 1
3878 989 1
3879 3562 1
3879 1902 1
3879 3291 1
3879 3206 1
3879 1886 1
3879 1135 1
3879 3196 1
3879 631 1
3879 2159 1
3879 3529 1
3879 3871 1
3879 493 1
3879 2777 1
3879 1578 1
3882 3972 1
3883 2809 1
3883 2148 1
3883 378 1
3883 4744 1
3883 1179 1
3887 1954 1
3887 3522 1
3888 1879 1
3888 3489 1
3888 4206 1
3888 1891 1
3888 930 1
3888 187 1
3888 4670 1
3888 4523 1
3888 4004 1
3888 1499 1
3891 3831 1
3891 3267 1
3891 3569 1
3891 2153 1
3891 421 1
3891 4467 1
3891 3972 1
3891 2111 1
3891 4112 1
3891 1540 1
3893 4565 1
3893 3434 1
3893 4309 1
3893 2388 1
3893 3742 1
3893 2069 1
3893 3197 1
3893 2956 1
3893 1711 1
3893 627 1
3893 3399 1
3893 293 1
3893 4585 1
3893 3300 1
3893 3049 1
3893 4086 1
3893 510 1
3893 3077 1
3893 842 1
3893 248 1
3893 2589 1
3894 888 1
3894 3957 1
3894 77 1
3894 2578 1
3894 2881 1
3894 2484 1
3894 2092 1
3894 3837 1
3894 1540 1
3894 4122 1
3894 1170 1
3894 406 1
3894 3841 1
3894 307 1
3894 3241 1
3894 1492 1
3894 2865 1
3894 3011 1
3894 99 1
3895 3864 1
3895 4465 1
3895 535 1
3895 1566 1
3895 3638 1
3895 1252 1
3895 350 1
3895 1373 1
3896 874 1
3896 3543 1
3896 1202 1
3896 1594 1
3896 4179 1
3896 2307 1
3896 4374 1
3896 1835 1
3896 3536 1
3896 4072 1
3896 4065 1
3896 2001 1
3896 378 1
3896 3522 1
3896 1902 1
3896 2987 1
3896 1122 1
3896 3164 1
3896 4496 1
3896 4122 1
3896 1605 1
3896 2871 1
3896 46 1
3896 4195 1
3896 3650 1
3896 4725 1
3896 507 1
3896 2577 1
3896 2223 1
3896 3713 1
3896 1143 1
3896 3837 1
3896 2738 1
3896 2956 1
3896 3629 1
3896 4734 1
3896 4519 1
3896 1508 1
3896 920 1
3896 893 1
3896 2273 1
3896 2044 1
3896 3507 1
3896 137 1
3896 1423 1
3896 2934 1
3896 237 1
3896 2631 1
3896 3714 1
3896 2881 1
3896 3546 1
3896 1578 1
3896 2612 1
3896 714 1
3896 1610 1
3896 1839 1
3896 4717 1
3898 1566 1
3898 4467 1
3898 4670 1
3898 3871 1
3898 4000 1
3898 2612 1
3899 2275 1
3899 3104 1
3899 775 1
3899 2092 1
3899 1169 1
3899 1621 1
3899 1121 1
3908 1835 1
3908 2573 1
3908 3667 1
3908 1429 1
3908 1954 1
3908 475 1
3908 3534 1
3908 838 1
3914 2985 1
3916 378 1
3916 1540 1
3916 4043 1
3916 4443 1
3916 2460 1
3916 1196 1
3916 1116 1
3916 3669 1
3917 3467 1
3917 1619 1
3917 2981 1
3917 1621 1
3917 3999 1
3917 1897 1
3917 2484 1
3917 3548 1
3917 3267 1
3917 3669 1
3917 27 1
3922 3857 1
3922 993 1
3924 2571 1
3924 421 1
3924 4394 1
3924 1297 1
3924 1623 1
3924 3019 1
3929 2612 1
3929 3399 1
3929 774 1
3930 421 1
3930 3241 1
3930 223 1
3930 3562 1
3930 3534 1
3930 4356 1
3932 2881 1
3932 3401 1
3932 4562 1
3935 1972 1
3935 1488 1
3935 873 1
3935 1085 1
3935 1801 1
3935 4541 1
3935 1021 1
3935 3643 1
3935 2677 1
3935 4195 1
3935 4198 1
3935 2853 1
3935 4213 1
3935 175 1
3935 3984 1
3935 854 1
3935 4393 1
3935 929 1
3935 4670 1
3935 4489 1
3935 4248 1
3935 2264 1
3935 1403 1
3935 3845 1
3935 4100 1
3935 2627 1
3935 4185 1
3935 3108 1
3935 2643 1
3935 113 1
3935 2018 1
3935 3398 1
3935 4622 1
3935 1579 1
3935 2532 1
3935 2823 1
3935 544 1
3935 3281 1
3935 3303 1
3935 2557 1
3935 848 1
3935 2078 1
3935 3898 1
3935 4251 1
3935 2346 1
3935 2423 1
3935 2387 1
3935 1622 1
3935 2533 1
3935 678 1
3935 4400 1
3935 2601 1
3935 1796 1
3935 4054 1
3935 3691 1
3935 2337 1
3935 3440 1
3935 864 1
3935 3051 1
3935 3594 1
3935 2026 1
3935 1271 1
3935 2668 1
3935 3038 1
3935 4010 1
3935 1385 1
3935 1125 1
3935 1236 1
3935 4122 1
3935 3151 1
3938 3197 1
3938 1238 1
3938 1540 1
3938 4422 1
3938 2092 1
3938 3450 1
3938 4160 1
3938 1122 1
3938 3267 1
3938 3972 1
3938 1373 1
3938 4122 1
3939 1398 1
3939 4523 1
3939 4160 1
3939 247 1
3939 2362 1
3939 4542 1
3940 3534 1
3940 4122 1
3940 2697 1
3940 522 1
3940 1763 1
3940 3241 1
3940 24 1
3940 4519 1
3940 4422 1
3940 2848 1
3942 2010 1
3944 3669 1
3944 3866 1
3944 4401 1
3944 3452 1
3944 2125 1
3947 4339 1
3947 2881 1
3947 1105 1
3947 4423 1
3947 2131 1
3947 765 1
3947 2079 1
3947 947 1
3947 1699 1
3947 1540 1
3947 1252 1
3947 2148 1
3947 2921 1
3947 3401 1
3947 4542 1
3947 3638 1
3947 1566 1
3947 3011 1
3947 3871 1
3947 1879 1
3947 1825 1
3947 2299 1
3947 1071 1
3947 3615 1
3947 3053 1
3947 3714 1
3947 3164 1
3947 1857 1
3947 2577 1
3947 1077 1
3953 3085 1
3953 4422 1
3953 1482 1
3953 2357 1
3953 3197 1
3953 3281 1
3953 997 1
3953 1681 1
3953 3401 1
3953 1773 1
3957 27 1
3957 790 1
3957 1505 1
3957 2372 1
3957 857 1
3957 24 1
3957 3546 1
3957 1759 1
3957 893 1
3957 2725 1
3958 568 1
3958 3246 1
3958 3197 1
3958 1715 1
3958 371 1
3958 1499 1
3959 2092 1
3959 475 1
3959 3200 1
3959 1540 1
3959 501 1
3959 2911 1
3959 2590 1
3959 3164 1
3959 1594 1
3960 2612 1
3960 3348 1
3960 4422 1
3960 4159 1
3964 2577 1
3964 1947 1
3965 1379 1
3965 421 1
3965 1096 1
3965 2966 1
3965 2844 1
3965 1568 1
3965 703 1
3965 2697 1
3965 835 1
3965 4405 1
3965 985 1
3965 2850 1
3965 1999 1
3965 3433 1
3965 4659 1
3965 2625 1
3965 1981 1
3965 3667 1
3965 1619 1
3965 2695 1
3965 1610 1
3965 1835 1
3965 2364 1
3965 137 1
3965 3129 1
3967 1179 1
3967 1409 1
3967 821 1
3967 997 1
3967 4475 1
3967 1687 1
3967 3261 1
3967 1645 1
3967 3300 1
3967 3399 1
3967 1601 1
3967 3233 1
3967 2577 1
3967 4642 1
3967 1624 1
3967 3934 1
3967 436 1
3967 2305 1
3967 803 1
3967 4467 1
3969 1727 1
3969 2239 1
3970 1950 1
3970 3291 1
3970 2450 1
3970 3487 1
3970 2577 1
3970 1654 1
3970 1540 1
3970 2253 1
3971 2092 1
3971 1122 1
3971 765 1
3972 4548 1
3972 3241 1
3972 4401 1
3975 419 1
3975 4621 1
3975 375 1
3975 161 1
3976 2981 1
3976 2660 1
3976 4526 1
3976 3450 1
3976 3462 1
3976 4486 1
3976 34 1
3976 526 1
3976 1283 1
3976 2683 1
3976 4744 1
3976 4345 1
3976 265 1
3976 713 1
3976 1317 1
3976 1703 1
3976 358 1
3976 2659 1
3976 2448 1
3976 1224 1
3976 816 1
3977 3241 1
3977 3534 1
3980 893 1
3980 1610 1
3980 4401 1
3980 4511 1
3980 997 1
3980 3164 1
3980 4422 1
3980 2881 1
3980 1122 1
3981 27 1
3983 893 1
3983 4401 1
3983 1341 1
3983 1835 1
3983 3853 1
3983 2403 1
3991 3197 1
3991 1139 1
3991 1879 1
3991 4558 1
3991 2148 1
3991 1105 1
3992 2578 1
3997 1179 1
3997 2382 1
3997 1575 1
3997 2761 1
3997 2578 1
3997 2577 1
3997 535 1
4000 3011 1
4004 1135 1
4004 4308 1
4004 3667 1
4004 1835 1
4004 3522 1
4004 2092 1
4004 3450 1
4004 997 1
4007 2092 1
4012 169 1
4012 2599 1
4012 247 1
4012 1505 1
4012 3884 1
4012 4562 1
4015 3534 1
4015 4306 1
4015 1489 1
4015 4542 1
4015 4401 1
4015 2881 1
4015 3871 1
4015 2270 1
4015 1598 1
4015 3967 1
4015 4423 1
4015 79 1
4020 3144 1
4020 3133 1
4020 4670 1
4020 4423 1
4020 3829 1
4020 2215 1
4020 3396 1
4020 1759 1
4020 2713 1
4020 9 1
4020 947 1
4020 1678 1
4020 3102 1
4020 2748 1
4020 1169 1
4020 997 1
4020 2763 1
4020 4339 1
4020 1451 1
4020 2410 1
4020 1113 1
4020 3992 1
4020 2358 1
4020 2293 1
4020 3740 1
4020 4614 1
4020 2059 1
4020 4584 1
4020 3308 1
4020 2305 1
4020 377 1
4020 2677 1
4020 3871 1
4020 2018 1
4020 4641 1
4020 2039 1
4020 3882 1
4020 3562 1
4020 3811 1
4020 3544 1
4020 2051 1
4020 4212 1
4020 1084 1
4020 3567 1
4020 95 1
4020 3267 1
4020 3687 1
4020 2921 1
4020 3197 1
4020 3329 1
4020 322 1
4020 358 1
4020 132 1
4020 4263 1
4020 4001 1
4020 3109 1
4020 1798 1
4020 3534 1
4020 3566 1
4020 183 1
4020 4298 1
4020 475 1
4020 436 1
4020 652 1
4020 3135 1
4020 2617 1
4020 535 1
4020 2842 1
4020 4615 1
4020 1257 1
4023 2023 1
4023 2092 1
4023 3479 1
4023 4449 1
4023 3367 1
4023 4273 1
4023 1646 1
4031 838 1
4031 595 1
4031 4019 1
4037 1954 1
4037 1553 1
4037 2984 1
4037 2469 1
4037 3060 1
4037 996 1
4037 1122 1
4037 4690 1
4037 4748 1
4037 1621 1
4047 2994 1
4047 755 1
4047 4024 1
4047 4389 1
4047 21 1
4047 27 1
4047 2999 1
4047 3291 1
4047 760 1
4047 2426 1
4047 4344 1
4047 3537 1
4047 3019 1
4047 2414 1
4047 4449 1
4047 1665 1
4047 1732 1
4047 838 1
4047 1686 1
4047 3263 1
4047 3116 1
4047 4128 1
4047 4080 1
4047 2118 1
4047 282 1
4047 2435 1
4047 1952 1
4047 1702 1
4047 1874 1
4047 909 1
4047 1996 1
4047 3839 1
4047 3521 1
4047 2363 1
4047 3385 1
4048 4422 1
4049 4422 1
4049 3450 1
4049 4548 1
4049 2092 1
4049 3241 1
4054 1054 1
4054 77 1
4054 402 1
4056 1267 1
4056 3450 1
4056 376 1
4056 535 1
4056 3447 1
4056 3077 1
4056 1835 1
4065 4422 1
4065 2443 1
4065 3954 1
4065 2277 1
4065 616 1
4072 893 1
4074 1139 1
4074 3040 1
4074 2773 1
4074 378 1
4074 4553 1
4074 1072 1
4074 931 1
4074 4519 1
4074 1493 1
4074 4758 1
4074 1952 1
4074 3277 1
4074 27 1
4074 2484 1
4074 2945 1
4074 1499 1
4074 3399 1
4074 1711 1
4074 2922 1
4074 3921 1
4074 1759 1
4074 3281 1
4074 3148 1
4074 3103 1
4074 4262 1
4074 4122 1
4074 4159 1
4074 4756 1
4074 2763 1
4074 4391 1
4077 2956 1
4077 2577 1
4077 475 1
4078 3291 1
4078 3300 1
4078 1122 1
4078 3687 1
4078 4670 1
4078 350 1
4078 2173 1
4078 1831 1
4078 765 1
4078 3254 1
4078 1733 1
4078 1699 1
4078 4380 1
4078 930 1
4078 3241 1
4078 3628 1
4078 2881 1
4078 3871 1
4078 1505 1
4078 1540 1
4081 1902 1
4087 2956 1
4087 765 1
4087 3522 1
4087 1594 1
4087 1619 1
4087 3546 1
4087 2201 1
4087 3241 1
4087 2362 1
4087 3489 1
4087 4744 1
4087 2577 1
4092 4449 1
4092 1846 1
4092 4151 1
4092 1553 1
4092 3952 1
4092 2493 1
4092 2982 1
4092 1447 1
4092 827 1
4092 3370 1
4092 893 1
4093 2910 1
4093 2866 1
4093 3864 1
4093 1365 1
4093 1511 1
4095 2173 1
4095 4480 1
4095 955 1
4095 349 1
4095 4004 1
4095 3967 1
4095 3459 1
4095 2578 1
4095 3489 1
4095 3714 1
4095 3677 1
4095 2079 1
4095 2763 1
4095 1954 1
4095 2636 1
4095 4423 1
4095 3378 1
4095 2881 1
4095 2039 1
4095 2443 1
4095 3871 1
4095 2926 1
4095 4009 1
4095 4027 1
4095 4211 1
4095 893 1
4095 2092 1
4095 3963 1
4095 3011 1
4095 3999 1
4095 2067 1
4096 1008 1
4096 4664 1
4096 3686 1
4096 3337 1
4096 2098 1
4096 4250 1
4096 3399 1
4096 3715 1
4096 3529 1
4096 1016 1
4096 945 1
4096 1827 1
4096 350 1
4096 920 1
4096 2272 1
4096 2748 1
4096 3122 1
4096 1866 1
4096 3246 1
4096 501 1
4096 1476 1
4096 3637 1
4096 4367 1
4096 169 1
4096 3233 1
4096 4218 1
4096 2187 1
4096 3914 1
4096 2920 1
4096 817 1
4096 2577 1
4096 2911 1
4096 2203 1
4096 2278 1
4096 3557 1
4096 2778 1
4096 1096 1
4096 3569 1
4096 3544 1
4096 1505 1
4097 3779 1
4097 2319 1
4097 4097 1
4097 2577 1
4097 435 1
4097 4417 1
4097 2333 1
4097 3154 1
4102 3507 1
4102 1540 1
4105 4422 1
4105 1122 1
4105 2577 1
4105 3241 1
4106 4422 1
4108 3329 1
4108 1504 1
4108 539 1
4108 4158 1
4108 2873 1
4108 878 1
4108 3197 1
4108 4086 1
4108 1931 1
4108 2105 1
4108 815 1
4108 1616 1
4108 2908 1
4108 3379 1
4108 4756 1
4110 893 1
4110 628 1
4110 1739 1
4110 3999 1
4114 1384 1
4115 3952 1
4115 3233 1
4116 3197 1
4116 2039 1
4116 2092 1
4116 4000 1
4116 1646 1
4118 3135 1
4118 2612 1
4118 893 1
4118 4467 1
4118 3241 1
4118 1077 1
4118 2867 1
4122 2577 1
4122 4467 1
4122 3562 1
4123 2131 1
4123 1540 1
4123 669 1
4123 1348 1
4123 24 1
4123 4401 1
4123 3246 1
4123 4523 1
4123 1043 1
4123 3241 1
4123 2307 1
4123 1117 1
4123 961 1
4123 3464 1
4123 2578 1
4123 2227 1
4123 3255 1
4123 893 1
4123 118 1
4123 4484 1
4123 4159 1
4124 2148 1
4124 2577 1
4124 2340 1
4124 2299 1
4124 1954 1
4124 3714 1
4124 4548 1
4124 4562 1
4124 4009 1
4124 893 1
4124 3241 1
4125 2446 1
4125 3233 1
4128 1499 1
4128 1315 1
4128 3566 1
4128 3972 1
4128 1118 1
4128 522 1
4128 3216 1
4128 2474 1
4128 3291 1
4128 3426 1
4128 1954 1
4128 1950 1
4128 1083 1
4128 790 1
4128 3810 1
4128 1224 1
4129 4401 1
4129 2968 1
4129 2578 1
4129 3137 1
4132 350 1
4132 1945 1
4132 3011 1
4132 362 1
4132 4380 1
4132 3714 1
4132 739 1
4132 1139 1
4136 2219 1
4138 350 1
4138 4187 1
4142 3281 1
4142 719 1
4142 4751 1
4142 4422 1
4142 4467 1
4142 4335 1
4142 3192 1
4143 4001 1
4143 375 1
4143 3620 1
4143 417 1
4143 4467 1
4143 4465 1
4143 132 1
4147 3714 1
4147 3164 1
4147 1691 1
4148 1110 1
4148 24 1
4148 647 1
4148 3241 1
4148 2173 1
4148 3994 1
4148 662 1
4148 1348 1
4148 3291 1
4148 3669 1
4149 3967 1
4150 4080 1
4150 1505 1
4150 3972 1
4150 4659 1
4150 3197 1
4150 4021 1
4150 4422 1
4150 1540 1
4152 1041 1
4152 3154 1
4152 3999 1
4152 1950 1
4152 1593 1
4152 3482 1
4152 4122 1
4152 2994 1
4152 1426 1
4152 768 1
4152 3992 1
4152 4083 1
4152 1621 1
4152 4350 1
4152 2549 1
4152 4401 1
4152 535 1
4153 4498 1
4153 4758 1
4153 1906 1
4153 3520 1
4153 2965 1
4153 2069 1
4155 4751 1
4155 3075 1
4155 1610 1
4155 4054 1
4155 4422 1
4155 2730 1
4155 893 1
4155 3507 1
4156 1041 1
4156 1499 1
4156 3534 1
4156 1430 1
4156 2407 1
4156 421 1
4156 2703 1
4156 522 1
4156 1693 1
4156 765 1
4156 1742 1
4156 985 1
4156 4659 1
4156 1848 1
4156 3089 1
4156 378 1
4156 3180 1
4156 628 1
4156 1010 1
4156 3569 1
4156 4004 1
4156 4021 1
4156 764 1
4156 3197 1
4156 2071 1
4157 31 1
4159 981 1
4161 3787 1
4161 830 1
4161 4212 1
4161 1835 1
4161 4302 1
4161 711 1
4161 3197 1
4161 821 1
4161 3248 1
4161 2142 1
4161 4423 1
4161 4558 1
4161 2835 1
4161 375 1
4163 1540 1
4163 1179 1
4163 838 1
4163 1348 1
4163 784 1
4163 3291 1
4163 358 1
4163 1902 1
4164 1392 1
4164 2697 1
4164 3921 1
4164 3972 1
4164 2772 1
4164 4615 1
4164 3300 1
4164 4043 1
4164 4001 1
4164 1881 1
4164 734 1
4164 3308 1
4164 3593 1
4164 3088 1
4164 2908 1
4164 2151 1
4164 4670 1
4164 4216 1
4164 1660 1
4164 4086 1
4164 1203 1
4164 2163 1
4164 2023 1
4164 256 1
4164 2028 1
4164 658 1
4164 2018 1
4164 1696 1
4164 3026 1
4164 4072 1
4164 4768 1
4164 1780 1
4164 522 1
4164 3644 1
4164 3452 1
4164 649 1
4164 1952 1
4164 3150 1
4164 1166 1
4164 1759 1
4164 1835 1
4164 3567 1
4164 4422 1
4164 1341 1
4164 208 1
4164 977 1
4164 4688 1
4164 1768 1
4164 732 1
4164 3338 1
4164 3196 1
4164 1169 1
4164 2748 1
4164 2738 1
4164 3992 1
4164 613 1
4164 2105 1
4164 502 1
4164 2954 1
4164 2763 1
4164 2320 1
4164 887 1
4164 3749 1
4164 2082 1
4164 855 1
4164 4467 1
4164 997 1
4165 1763 1
4165 3615 1
4165 2292 1
4165 2382 1
4165 4346 1
4165 893 1
4165 4422 1
4165 535 1
4165 3399 1
4165 3843 1
4165 2148 1
4169 3291 1
4169 4497 1
4169 284 1
4172 1610 1
4172 1540 1
4172 3507 1
4172 3546 1
4172 3267 1
4172 139 1
4172 4122 1
4172 2092 1
4172 3522 1
4172 4422 1
4172 1373 1
4172 714 1
4172 2131 1
4172 3972 1
4172 2178 1
4172 475 1
4172 2305 1
4172 2573 1
4172 4670 1
4172 493 1
4172 2655 1
4172 2956 1
4172 997 1
4172 1505 1
4172 3329 1
4172 4744 1
4172 2631 1
4172 1835 1
4172 2372 1
4172 1122 1
4172 1699 1
4172 2746 1
4172 3930 1
4172 375 1
4172 1550 1
4172 1523 1
4172 3197 1
4172 2969 1
4172 4001 1
4178 3866 1
4178 1600 1
4178 3771 1
4178 3291 1
4178 2987 1
4178 3246 1
4178 1624 1
4178 330 1
4178 3452 1
4178 375 1
4178 842 1
4178 434 1
4178 3543 1
4178 4401 1
4178 2484 1
4178 247 1
4178 1578 1
4178 1505 1
4178 3507 1
4178 3972 1
4178 2577 1
4178 3669 1
4178 861 1
4178 1646 1
4178 4548 1
4178 4562 1
4178 3241 1
4178 893 1
4178 3534 1
4178 46 1
4178 4000 1
4178 24 1
4178 4519 1
4183 2578 1
4183 4401 1
4183 3999 1
4183 350 1
4183 997 1
4183 2530 1
4183 4670 1
4183 4104 1
4183 1077 1
4183 2092 1
4183 3241 1
4183 3534 1
4184 3866 1
4184 782 1
4184 1540 1
4184 2092 1
4184 3824 1
4184 1002 1
4184 358 1
4184 3736 1
4184 3452 1
4188 865 1
4188 3841 1
4188 4659 1
4188 2039 1
4190 2248 1
4190 3912 1
4190 1759 1
4195 3561 1
4197 4214 1
4197 94 1
4197 3154 1
4197 3126 1
4197 700 1
4197 24 1
4197 1803 1
4197 3197 1
4197 1505 1
4197 1827 1
4197 1414 1
4197 1252 1
4198 2779 1
4198 3848 1
4198 897 1
4198 3160 1
4198 2558 1
4198 3839 1
4198 208 1
4198 3034 1
4198 874 1
4201 1835 1
4201 169 1
4201 4306 1
4202 3664 1
4202 3972 1
4202 3450 1
4202 2092 1
4202 2748 1
4202 3507 1
4202 1117 1
4202 3787 1
4202 2577 1
4202 4302 1
4202 4324 1
4202 3291 1
4202 417 1
4202 3246 1
4202 997 1
4202 326 1
4202 3739 1
4202 420 1
4202 2153 1
4202 4080 1
4202 1309 1
4202 3375 1
4202 459 1
4202 2911 1
4202 2681 1
4202 2948 1
4202 1441 1
4202 3197 1
4203 1815 1
4203 3936 1
4203 2920 1
4203 4744 1
4203 2131 1
4203 3144 1
4203 3291 1
4203 2270 1
4203 2153 1
4203 1118 1
4211 1954 1
4211 3743 1
4213 3614 1
4213 4480 1
4213 2443 1
4213 4286 1
4213 481 1
4213 3278 1
4213 3236 1
4213 65 1
4213 1757 1
4213 4765 1
4213 3239 1
4213 2073 1
4213 3376 1
4213 1333 1
4213 4130 1
4213 2358 1
4213 1077 1
4213 4231 1
4213 3857 1
4213 4206 1
4213 36 1
4213 3866 1
4213 4148 1
4213 4008 1
4213 3345 1
4213 3843 1
4213 1808 1
4213 1071 1
4213 1699 1
4213 2402 1
4213 4548 1
4213 844 1
4213 302 1
4213 2173 1
4213 742 1
4213 4632 1
4215 4215 1
4215 2273 1
4215 4266 1
4217 3866 1
4220 27 1
4220 4189 1
4220 1902 1
4220 4553 1
4221 4028 1
4221 95 1
4221 3102 1
4221 2148 1
4221 1396 1
4229 4148 1
4229 1879 1
4229 2039 1
4230 3464 1
4238 2612 1
4238 2956 1
4238 3562 1
4238 3866 1
4238 1902 1
4238 2105 1
4238 1122 1
4238 1835 1
4238 861 1
4238 2920 1
4238 4422 1
4238 3669 1
4238 2577 1
4238 628 1
4238 3522 1
4238 2092 1
4238 2299 1
4238 1578 1
4238 2740 1
4238 3561 1
4238 1118 1
4238 358 1
4238 4659 1
4238 3972 1
4238 24 1
4238 1540 1
4238 2393 1
4238 456 1
4238 3197 1
4238 1105 1
4238 3300 1
4238 3837 1
4238 2362 1
4238 2697 1
4238 1825 1
4238 522 1
4238 3740 1
4238 1077 1
4238 2273 1
4238 2987 1
4238 2148 1
4238 132 1
4238 714 1
4238 1610 1
4238 4339 1
4238 223 1
4238 782 1
4238 765 1
4238 3241 1
4238 3507 1
4238 4744 1
4238 4401 1
4238 1139 1
4238 417 1
4238 1179 1
4238 493 1
4238 1879 1
4238 930 1
4238 2251 1
4239 2393 1
4245 2382 1
4245 1116 1
4245 3145 1
4245 3154 1
4246 2092 1
4246 4122 1
4247 2073 1
4247 3843 1
4247 3628 1
4247 2798 1
4247 1879 1
4247 3489 1
4247 801 1
4247 3963 1
4247 2391 1
4247 1071 1
4247 3714 1
4247 1355 1
4247 892 1
4247 1505 1
4247 2152 1
4247 765 1
4247 4460 1
4247 3866 1
4247 3153 1
4247 4401 1
4247 3241 1
4247 1891 1
4247 3534 1
4247 1825 1
4248 421 1
4248 516 1
4248 4299 1
4248 2982 1
4248 2881 1
4248 2092 1
4248 1393 1
4248 4001 1
4248 4122 1
4248 157 1
4248 3944 1
4248 3932 1
4248 3145 1
4248 2762 1
4248 4659 1
4248 1568 1
4248 4449 1
4248 118 1
4248 4028 1
4248 4491 1
4248 1596 1
4248 3498 1
4248 1236 1
4248 4593 1
4248 2511 1
4248 1507 1
4248 2957 1
4248 3866 1
4248 4080 1
4248 2305 1
4248 4168 1
4248 3687 1
4248 3897 1
4248 1354 1
4248 2850 1
4248 4514 1
4248 1405 1
4248 1683 1
4248 2544 1
4248 3996 1
4248 1575 1
4248 3269 1
4248 3443 1
4248 3694 1
4248 2956 1
4248 1462 1
4248 1373 1
4249 893 1
4249 3241 1
4249 2577 1
4250 931 1
4250 4589 1
4250 45 1
4250 4703 1
4251 2612 1
4251 2382 1
4251 2362 1
4251 2092 1
4251 1373 1
4251 4122 1
4251 522 1
4251 4744 1
4251 3196 1
4251 535 1
4251 3972 1
4251 3562 1
4251 4670 1
4251 3291 1
4251 3267 1
4251 4422 1
4251 1578 1
4253 4405 1
4254 3669 1
4254 893 1
4254 4380 1
4254 4423 1
4254 3871 1
4254 1077 1
4254 4401 1
4254 2219 1
4256 861 1
4256 893 1
4256 2273 1
4256 2148 1
4256 3787 1
4256 653 1
4256 3241 1
4256 1357 1
4256 4422 1
4256 3375 1
4256 2219 1
4256 3866 1
4256 3669 1
4256 4339 1
4256 3507 1
4256 4401 1
4256 1540 1
4256 3967 1
4256 1241 1
4256 4029 1
4256 3628 1
4256 4059 1
4256 1958 1
4256 371 1
4256 161 1
4256 1293 1
4256 4548 1
4256 3291 1
4256 3999 1
4256 2612 1
4256 4380 1
4256 4744 1
4257 3972 1
4257 2131 1
4257 2092 1
4257 3871 1
4257 4548 1
4257 4396 1
4257 535 1
4257 1954 1
4257 4422 1
4257 2944 1
4257 1578 1
4257 893 1
4257 3667 1
4257 765 1
4257 4380 1
4257 24 1
4257 4467 1
4257 2577 1
4257 358 1
4257 3866 1
4257 1835 1
4257 1224 1
4257 4401 1
4258 3869 1
4262 2577 1
4262 546 1
4262 1702 1
4262 2850 1
4262 1179 1
4262 2719 1
4262 846 1
4262 1850 1
4262 838 1
4262 2956 1
4262 4659 1
4262 3014 1
4262 1506 1
4262 4324 1
4265 371 1
4265 3102 1
4265 4107 1
4265 3367 1
4265 4467 1
4285 247 1
4285 1958 1
4285 950 1
4285 2577 1
4285 4467 1
4289 2305 1
4289 273 1
4289 782 1
4289 4309 1
4289 10 1
4289 2994 1
4289 3457 1
4289 4482 1
4289 1139 1
4289 931 1
4289 539 1
4289 2132 1
4289 2069 1
4289 378 1
4289 4498 1
4289 2883 1
4289 1196 1
4289 2151 1
4289 2595 1
4289 4240 1
4289 997 1
4289 959 1
4289 3300 1
4289 3450 1
4289 4589 1
4289 3860 1
4289 3787 1
4289 1996 1
4289 4585 1
4289 3565 1
4289 3411 1
4289 821 1
4289 2473 1
4289 4553 1
4289 3118 1
4289 1759 1
4289 3687 1
4289 2340 1
4289 750 1
4289 1578 1
4289 3281 1
4289 1867 1
4289 4086 1
4289 2133 1
4289 4467 1
4289 1383 1
4289 1636 1
4289 3460 1
4289 258 1
4289 2570 1
4289 4325 1
4289 2922 1
4289 4756 1
4289 358 1
4289 1683 1
4289 2476 1
4289 951 1
4289 3197 1
4289 3105 1
4289 4043 1
4289 3818 1
4289 4115 1
4289 2605 1
4289 3729 1
4289 2590 1
4289 2296 1
4289 1396 1
4289 2105 1
4289 4615 1
4289 1794 1
4290 1540 1
4290 2092 1
4292 1863 1
4295 157 1
4295 3606 1
4295 522 1
4295 4485 1
4298 1439 1
4298 1140 1
4298 3897 1
4298 1236 1
4298 3196 1
4298 3563 1
4298 3507 1
4298 3154 1
4298 1218 1
4298 651 1
4298 3089 1
4298 1340 1
4298 3014 1
4298 4490 1
4298 4122 1
4298 616 1
4298 4633 1
4298 4519 1
4298 1624 1
4298 1863 1
4298 421 1
4298 3921 1
4298 1540 1
4298 3669 1
4298 2595 1
4298 744 1
4299 1594 1
4299 295 1
4299 4000 1
4299 1476 1
4299 767 1
4299 4036 1
4299 3075 1
4299 3267 1
4299 3329 1
4299 1773 1
4299 3065 1
4300 3546 1
4300 2402 1
4300 2530 1
4300 940 1
4300 3291 1
4300 1540 1
4300 350 1
4300 2219 1
4300 3534 1
4300 3011 1
4301 1610 1
4305 671 1
4305 1499 1
4305 3164 1
4305 765 1
4307 3241 1
4308 1071 1
4308 4542 1
4308 3044 1
4308 2187 1
4308 3615 1
4308 1954 1
4308 4548 1
4308 649 1
4308 2173 1
4308 893 1
4308 3401 1
4309 4422 1
4313 3546 1
4314 3454 1
4314 350 1
4314 1953 1
4314 3011 1
4314 490 1
4314 2578 1
4314 1071 1
4314 3241 1
4314 4460 1
4314 947 1
4314 4523 1
4314 3489 1
4314 4548 1
4314 4187 1
4314 3866 1
4314 1825 1
4314 2987 1
4314 2073 1
4314 3795 1
4314 2275 1
4314 3534 1
4314 4562 1
4314 2173 1
4314 2067 1
4314 2881 1
4314 3114 1
4314 3274 1
4314 4401 1
4314 3714 1
4314 372 1
4314 3513 1
4314 2530 1
4314 3614 1
4314 2187 1
4314 3660 1
4314 2402 1
4318 2577 1
4320 2484 1
4320 2901 1
4320 4422 1
4320 27 1
4320 945 1
4320 796 1
4320 3241 1
4320 1931 1
4320 1196 1
4320 700 1
4320 679 1
4320 333 1
4320 419 1
4320 1780 1
4320 1993 1
4320 782 1
4320 4213 1
4320 3105 1
4320 417 1
4322 1077 1
4322 2299 1
4322 4521 1
4322 1763 1
4322 4540 1
4322 1954 1
4322 3241 1
4322 4422 1
4322 4504 1
4322 1827 1
4325 4273 1
4325 4072 1
4325 2681 1
4325 2273 1
4325 72 1
4325 1540 1
4325 2092 1
4325 2153 1
4325 24 1
4325 3196 1
4325 1578 1
4325 997 1
4325 3795 1
4325 1355 1
4330 4335 1
4330 3272 1
4330 3196 1
4330 169 1
4330 3869 1
4330 997 1
4330 2920 1
4330 3999 1
4330 299 1
4330 4674 1
4330 3562 1
4330 3787 1
4330 1218 1
4330 4029 1
4330 3795 1
4330 1619 1
4330 4582 1
4330 732 1
4330 3534 1
4330 2311 1
4330 3866 1
4330 1122 1
4330 1282 1
4330 4548 1
4330 3291 1
4330 3353 1
4330 4562 1
4330 4422 1
4330 2921 1
4330 4459 1
4330 421 1
4330 893 1
4330 3978 1
4330 1902 1
4335 1355 1
4335 765 1
4335 3489 1
4335 2582 1
4335 1699 1
4335 2402 1
4335 893 1
4335 790 1
4335 4744 1
4335 4158 1
4335 1960 1
4335 2639 1
4335 3378 1
4335 906 1
4335 4548 1
4335 1447 1
4335 3567 1
4335 242 1
4335 3431 1
4335 3967 1
4335 2866 1
4335 1252 1
4335 27 1
4335 1616 1
4335 2219 1
4335 2033 1
4335 161 1
4335 1071 1
4335 1518 1
4335 3468 1
4335 1129 1
4335 2763 1
4335 2275 1
4335 2039 1
4335 24 1
4335 3534 1
4335 3361 1
4335 838 1
4335 2251 1
4335 1283 1
4335 1566 1
4335 1077 1
4335 1297 1
4335 2159 1
4335 3597 1
4335 1899 1
4335 1304 1
4335 2187 1
4335 2382 1
4335 3241 1
4335 3866 1
4335 3778 1
4335 3863 1
4335 3669 1
4335 378 1
4335 1726 1
4335 1986 1
4335 247 1
4335 1857 1
4335 2956 1
4335 3714 1
4335 4206 1
4335 4401 1
4335 604 1
4335 2921 1
4335 1196 1
4335 841 1
4335 426 1
4335 2299 1
4335 714 1
4337 2577 1
4337 4422 1
4337 647 1
4337 3196 1
4337 358 1
4338 4725 1
4338 2188 1
4338 420 1
4338 2048 1
4338 4045 1
4338 833 1
4338 4273 1
4338 454 1
4338 3457 1
4338 842 1
4339 4562 1
4339 3267 1
4339 3963 1
4339 1105 1
4339 4380 1
4339 1077 1
4339 242 1
4339 1945 1
4339 3378 1
4339 4401 1
4339 3967 1
4339 4187 1
4339 4548 1
4340 1053 1
4340 326 1
4340 844 1
4340 1610 1
4340 378 1
4340 2577 1
4343 4744 1
4343 4422 1
4343 2577 1
4343 1143 1
4346 3426 1
4346 4345 1
4346 2534 1
4346 3145 1
4346 3197 1
4346 2283 1
4346 1160 1
4346 2451 1
4346 2956 1
4346 3111 1
4346 1489 1
4350 2810 1
4350 2250 1
4350 3952 1
4350 1373 1
4350 1583 1
4350 24 1
4350 3797 1
4350 3698 1
4350 139 1
4350 4422 1
4350 2577 1
4350 812 1
4350 3507 1
4350 4152 1
4350 2382 1
4350 3246 1
4350 842 1
4350 2839 1
4350 3232 1
4354 720 1
4354 4744 1
4354 1503 1
4354 2577 1
4354 3565 1
4354 1835 1
4354 1236 1
4355 487 1
4355 3521 1
4355 295 1
4355 2024 1
4355 3770 1
4355 1077 1
4355 2731 1
4358 4458 1
4358 2118 1
4358 4545 1
4358 2048 1
4361 4061 1
4363 4467 1
4363 4088 1
4363 1348 1
4363 1578 1
4363 2092 1
4363 4548 1
4364 1507 1
4364 3055 1
4364 4273 1
4364 4467 1
4364 24 1
4364 1466 1
4364 1540 1
4364 2159 1
4364 4562 1
4364 2705 1
4364 1502 1
4364 2273 1
4364 421 1
4364 3401 1
4364 2039 1
4364 3854 1
4364 322 1
4364 4339 1
4364 1224 1
4364 3450 1
4364 2148 1
4365 631 1
4367 2484 1
4370 161 1
4371 4177 1
4374 4422 1
4374 893 1
4374 3246 1
4374 2659 1
4377 4684 1
4377 27 1
4382 535 1
4382 1218 1
4382 1835 1
4382 4422 1
4382 4475 1
4382 3522 1
4382 2697 1
4384 4422 1
4384 1373 1
4384 3399 1
4384 1007 1
4384 1761 1
4384 2092 1
4384 1540 1
4384 2920 1
4384 782 1
4387 1631 1
4387 4401 1
4390 2305 1
4390 874 1
4390 3385 1
4397 1295 1
4397 159 1
4397 648 1
4397 4180 1
4397 4756 1
4397 378 1
4397 4059 1
4397 4565 1
4397 591 1
4397 566 1
4397 3547 1
4397 2873 1
4397 4633 1
4397 1547 1
4397 3469 1
4397 521 1
4397 931 1
4397 2109 1
4397 3945 1
4397 2981 1
4397 4620 1
4397 3049 1
4397 4557 1
4397 595 1
4397 2866 1
4397 3246 1
4397 419 1
4397 1882 1
4397 2642 1
4397 833 1
4397 3526 1
4397 4361 1
4397 2333 1
4403 4072 1
4403 1678 1
4403 3196 1
4403 3866 1
4403 535 1
4403 3670 1
4404 3166 1
4404 3260 1
4404 9 1
4404 3631 1
4404 1275 1
4404 1196 1
4404 3580 1
4404 1116 1
4404 4250 1
4406 2542 1
4411 304 1
4411 2219 1
4411 3267 1
4411 223 1
4411 4467 1
4411 647 1
4411 98 1
4411 989 1
4411 1566 1
4411 3272 1
4411 4401 1
4411 3197 1
4411 252 1
4411 862 1
4411 3024 1
4411 2283 1
4411 1570 1
4415 3507 1
4415 4401 1
4415 2484 1
4415 782 1
4415 3740 1
4415 2375 1
4415 169 1
4415 3241 1
4415 2219 1
4415 2474 1
4419 1790 1
4420 2983 1
4420 1540 1
4420 3507 1
4421 359 1
4421 1236 1
4421 1954 1
4421 4542 1
4421 3089 1
4421 3241 1
4423 1578 1
4423 1373 1
4423 421 1
4426 1400 1
4427 3450 1
4427 3267 1
4427 730 1
4433 4467 1
4433 1902 1
4433 2748 1
4433 1759 1
4433 2153 1
4433 4584 1
4435 2577 1
4435 1902 1
4435 2025 1
4435 4342 1
4435 1624 1
4435 4548 1
4435 1540 1
4438 782 1
4438 4159 1
4438 2763 1
4438 2305 1
4438 1324 1
4438 4422 1
4438 2697 1
4438 4573 1
4438 4217 1
4438 3077 1
4440 2618 1
4440 1954 1
4440 4068 1
4440 2079 1
4440 2362 1
4440 3011 1
4440 1071 1
4440 2578 1
4440 1566 1
4440 4734 1
4440 372 1
4440 4401 1
4440 4186 1
4445 4250 1
4445 565 1
4445 1775 1
4446 1711 1
4446 4553 1
4446 3399 1
4446 3214 1
4446 4572 1
4446 1540 1
4446 682 1
4446 120 1
4446 3385 1
4446 378 1
4446 3446 1
4446 3160 1
4446 838 1
4446 3998 1
4446 1375 1
4446 931 1
4451 1763 1
4451 3431 1
4451 782 1
4451 1865 1
4451 27 1
4451 616 1
4451 2276 1
4452 4306 1
4452 3857 1
4452 1105 1
4452 4238 1
4452 3788 1
4452 3590 1
4452 247 1
4452 2541 1
4461 3534 1
4461 893 1
4461 3489 1
4461 3857 1
4461 3884 1
4461 4286 1
4461 3205 1
4461 3999 1
4461 1505 1
4461 2270 1
4461 3241 1
4461 3866 1
4461 958 1
4463 4422 1
4463 3569 1
4463 1540 1
4463 535 1
4463 330 1
4463 2148 1
4463 3329 1
4464 2273 1
4464 1540 1
4464 4213 1
4465 4401 1
4465 893 1
4465 4122 1
4465 4422 1
4465 337 1
4466 1644 1
4466 67 1
4466 3246 1
4466 816 1
4471 2250 1
4471 1540 1
4471 456 1
4471 350 1
4471 3318 1
4471 616 1
4471 1578 1
4471 2987 1
4471 4401 1
4471 3011 1
4471 2577 1
4471 3999 1
4472 1236 1
4472 3534 1
4472 1122 1
4472 1105 1
4472 282 1
4472 1702 1
4472 3034 1
4472 1540 1
4472 1780 1
4472 2577 1
4473 1502 1
4473 3401 1
4481 1610 1
4481 540 1
4481 1578 1
4481 3241 1
4481 2932 1
4481 4422 1
4482 4072 1
4482 3009 1
4482 3197 1
4482 1502 1
4483 3378 1
4483 3866 1
4483 2345 1
4483 714 1
4484 1505 1
4484 765 1
4484 4401 1
4484 2063 1
4484 790 1
4484 3811 1
4484 2577 1
4484 4535 1
4484 3707 1
4484 2956 1
4484 3546 1
4484 2079 1
4484 2362 1
4484 3155 1
4484 1891 1
4484 1355 1
4484 2039 1
4484 1646 1
4484 2403 1
4484 1540 1
4484 3211 1
4484 3518 1
4484 2419 1
4484 893 1
4484 2933 1
4484 2054 1
4484 2407 1
4484 3241 1
4484 1945 1
4484 1739 1
4484 3235 1
4484 2273 1
4484 3310 1
4484 4100 1
4484 1806 1
4484 1224 1
4484 3930 1
4484 4674 1
4484 2467 1
4484 132 1
4484 2987 1
4484 3972 1
4484 3022 1
4484 1610 1
4484 3459 1
4484 1071 1
4484 2921 1
4484 1079 1
4486 1610 1
4486 3444 1
4487 3787 1
4487 2709 1
4487 2031 1
4487 406 1
4490 3241 1
4491 3763 1
4492 4088 1
4492 2131 1
4492 3444 1
4493 2251 1
4493 1377 1
4493 2402 1
4493 4216 1
4493 478 1
4493 4004 1
4493 558 1
4493 4212 1
4493 4523 1
4493 2049 1
4493 4491 1
4493 4369 1
4493 2345 1
4493 2921 1
4493 4183 1
4493 375 1
4493 2293 1
4493 3378 1
4493 4135 1
4493 170 1
4493 2884 1
4494 27 1
4494 1179 1
4494 1540 1
4494 4303 1
4494 782 1
4494 3367 1
4494 2807 1
4494 2133 1
4494 3175 1
4494 3452 1
4494 358 1
4494 2069 1
4494 788 1
4494 2799 1
4494 931 1
4494 1073 1
4494 542 1
4494 2901 1
4494 4504 1
4494 2873 1
4494 2351 1
4494 2092 1
4494 3933 1
4494 10 1
4494 3939 1
4494 1144 1
4498 350 1
4498 2153 1
4508 631 1
4511 930 1
4511 4242 1
4511 1466 1
4511 1374 1
4511 4000 1
4511 2677 1
4511 1012 1
4511 4552 1
4511 2092 1
4511 1502 1
4511 2857 1
4511 821 1
4511 2023 1
4511 4422 1
4511 2590 1
4511 1110 1
4511 1540 1
4511 2039 1
4511 3740 1
4512 1046 1
4512 2577 1
4512 1612 1
4512 958 1
4512 522 1
4512 3267 1
4512 3498 1
4512 3216 1
4512 3482 1
4512 816 1
4512 1285 1
4512 1309 1
4512 223 1
4512 3221 1
4512 535 1
4520 535 1
4520 4512 1
4520 3126 1
4520 1498 1
4520 997 1
4520 1218 1
4520 821 1
4523 1773 1
4523 1621 1
4523 3948 1
4523 1521 1
4523 3422 1
4523 4000 1
4523 3305 1
4523 735 1
4523 2996 1
4523 3696 1
4523 2910 1
4523 3664 1
4528 2920 1
4528 3566 1
4528 1446 1
4528 4249 1
4528 2913 1
4528 4306 1
4528 2131 1
4529 1769 1
4529 2305 1
4529 3569 1
4529 3968 1
4529 2180 1
4529 3012 1
4529 1478 1
4529 2043 1
4529 3567 1
4529 2542 1
4529 4631 1
4529 1610 1
4529 931 1
4529 2422 1
4529 4478 1
4529 3260 1
4529 1359 1
4529 434 1
4529 4303 1
4529 27 1
4529 1073 1
4529 3653 1
4529 4606 1
4529 3798 1
4529 1476 1
4529 2069 1
4529 1763 1
4529 3218 1
4529 546 1
4529 4530 1
4529 3555 1
4529 2135 1
4529 45 1
4529 4097 1
4529 2552 1
4529 1196 1
4529 2101 1
4529 4095 1
4529 1179 1
4529 701 1
4529 3309 1
4529 1764 1
4529 3399 1
4529 3372 1
4529 2296 1
4529 3874 1
4529 1697 1
4529 3618 1
4529 2505 1
4529 3175 1
4529 3869 1
4529 732 1
4529 863 1
4529 2250 1
4529 2142 1
4529 4589 1
4529 1427 1
4529 2167 1
4529 3568 1
4529 3964 1
4529 3150 1
4529 2092 1
4529 4218 1
4529 4002 1
4529 4212 1
4529 1960 1
4529 2059 1
4529 2382 1
4529 3514 1
4529 3650 1
4530 3628 1
4530 3866 1
4530 1502 1
4530 893 1
4530 1056 1
4530 1071 1
4530 3241 1
4530 1286 1
4530 2079 1
4530 3401 1
4530 24 1
4530 4401 1
4535 535 1
4535 223 1
4535 1169 1
4537 3781 1
4537 4434 1
4537 2141 1
4537 2321 1
4537 4401 1
4537 3740 1
4539 1973 1
4539 2748 1
4539 3291 1
4539 1822 1
4539 1759 1
4539 522 1
4539 1339 1
4539 2612 1
4539 3872 1
4539 3569 1
4539 1578 1
4539 1873 1
4539 493 1
4539 3267 1
4539 734 1
4539 2577 1
4539 3197 1
4539 436 1
4539 3567 1
4539 3944 1
4539 816 1
4539 997 1
4539 1169 1
4539 358 1
4539 2099 1
4539 1041 1
4539 1742 1
4539 68 1
4539 3300 1
4539 2695 1
4539 3269 1
4539 3126 1
4539 720 1
4539 4303 1
4539 2763 1
4539 3713 1
4539 1348 1
4539 4339 1
4539 2753 1
4539 37 1
4539 2364 1
4547 375 1
4548 2273 1
4549 316 1
4549 3456 1
4549 2275 1
4549 247 1
4549 3401 1
4549 62 1
4549 3009 1
4549 187 1
4550 4744 1
4550 436 1
4550 3241 1
4552 3489 1
4552 2577 1
4552 3241 1
4552 4548 1
4552 3197 1
4552 535 1
4552 3871 1
4553 4467 1
4555 2873 1
4555 1540 1
4561 2250 1
4561 3513 1
4561 2033 1
4561 242 1
4561 2174 1
4561 2041 1
4561 1169 1
4561 3897 1
4561 3464 1
4561 4422 1
4561 4024 1
4561 3916 1
4561 92 1
4561 4206 1
4561 1733 1
4561 3164 1
4561 1578 1
4561 4345 1
4561 837 1
4561 2678 1
4561 4423 1
4563 1179 1
4566 3399 1
4566 2577 1
4566 4738 1
4566 2681 1
4566 4275 1
4566 2656 1
4566 2439 1
4566 3797 1
4566 421 1
4567 4021 1
4567 1118 1
4567 893 1
4567 4422 1
4567 421 1
4569 842 1
4569 2590 1
4569 4422 1
4569 3154 1
4569 3281 1
4569 3233 1
4569 2536 1
4571 1610 1
4571 3562 1
4572 1450 1
4572 2748 1
4577 3241 1
4583 1196 1
4583 2542 1
4583 3693 1
4583 2069 1
4583 45 1
4584 973 1
4584 4422 1
4584 3197 1
4584 4043 1
4584 4401 1
4584 4548 1
4584 2578 1
4586 1540 1
4590 4422 1
4592 3752 1
4592 3112 1
4592 1692 1
4592 1551 1
4592 282 1
4592 1365 1
4592 2595 1
4592 2089 1
4592 2214 1
4592 1548 1
4592 4043 1
4592 539 1
4592 3088 1
4592 4756 1
4592 457 1
4592 16 1
4592 4422 1
4592 9 1
4592 3385 1
4592 2660 1
4592 1936 1
4592 191 1
4592 3921 1
4592 1780 1
4592 3360 1
4594 375 1
4594 2883 1
4594 1827 1
4594 4324 1
4594 1182 1
4594 799 1
4594 2577 1
4594 1073 1
4599 4237 1
4599 1139 1
4599 4080 1
4599 804 1
4599 4306 1
4599 2748 1
4599 3026 1
4599 3102 1
4599 2735 1
4599 1886 1
4599 1759 1
4599 318 1
4599 4001 1
4599 90 1
4599 2092 1
4599 2740 1
4599 522 1
4599 247 1
4599 2351 1
4599 256 1
4599 4367 1
4599 4631 1
4599 3232 1
4599 4060 1
4599 3267 1
4599 3197 1
4599 816 1
4599 4153 1
4599 291 1
4599 4266 1
4599 1505 1
4599 997 1
4599 3077 1
4599 3498 1
4599 4584 1
4599 2785 1
4599 1763 1
4599 2071 1
4599 3246 1
4599 4475 1
4599 4533 1
4599 3841 1
4599 4345 1
4599 4072 1
4599 79 1
4600 2577 1
4600 3795 1
4600 1902 1
4600 4203 1
4600 3077 1
4600 27 1
4600 4195 1
4600 2763 1
4600 118 1
4600 3567 1
4600 350 1
4600 2531 1
4600 1285 1
4600 3811 1
4600 4422 1
4600 1238 1
4600 3667 1
4600 342 1
4600 955 1
4600 1825 1
4600 4751 1
4600 559 1
4600 1169 1
4600 3196 1
4600 2631 1
4600 874 1
4601 4212 1
4602 1889 1
4602 3866 1
4602 2432 1
4607 223 1
4608 2854 1
4608 2748 1
4608 1252 1
4612 3399 1
4612 3547 1
4612 1849 1
4612 146 1
4612 3492 1
4612 1569 1
4612 3567 1
4612 2866 1
4612 407 1
4612 2132 1
4612 878 1
4612 3160 1
4612 2706 1
4612 2873 1
4612 1002 1
4612 2521 1
4612 689 1
4612 1619 1
4612 2577 1
4612 4171 1
4612 2849 1
4612 3469 1
4612 102 1
4612 3565 1
4612 3049 1
4612 3555 1
4612 1169 1
4612 3749 1
4612 2951 1
4612 4180 1
4612 670 1
4612 2037 1
4612 3353 1
4612 419 1
4612 3385 1
4612 1217 1
4618 77 1
4618 2748 1
4618 3569 1
4618 4140 1
4618 2180 1
4618 1879 1
4618 33 1
4618 3197 1
4618 1650 1
4618 3714 1
4619 2577 1
4619 223 1
4619 2092 1
4619 3866 1
4619 4159 1
4632 1902 1
4632 4238 1
4632 1505 1
4632 3999 1
4632 493 1
4632 1839 1
4632 3972 1
4634 419 1
4634 3399 1
4634 783 1
4634 588 1
4634 2473 1
4634 1794 1
4636 3291 1
4636 304 1
4636 4306 1
4636 3656 1
4636 2059 1
4636 3254 1
4636 1600 1
4636 1414 1
4636 4631 1
4636 2850 1
4636 18 1
4636 2777 1
4636 1902 1
4636 1575 1
4636 1759 1
4636 1429 1
4636 152 1
4636 1555 1
4636 1603 1
4636 3109 1
4636 402 1
4636 3498 1
4636 3192 1
4636 371 1
4636 1129 1
4636 981 1
4636 4298 1
4636 2753 1
4636 1803 1
4636 4171 1
4636 2681 1
4636 247 1
4636 3271 1
4636 2127 1
4636 3992 1
4641 997 1
4641 3196 1
4642 4401 1
4642 3795 1
4642 2881 1
4642 4548 1
4643 2430 1
4643 4301 1
4643 291 1
4643 2167 1
4643 1086 1
4643 814 1
4643 4627 1
4643 1972 1
4643 1646 1
4643 3811 1
4643 2891 1
4643 989 1
4643 2238 1
4643 4678 1
4643 3197 1
4643 402 1
4643 1886 1
4643 1587 1
4643 1833 1
4643 4140 1
4643 955 1
4643 3784 1
4643 4060 1
4643 2000 1
4643 2590 1
4643 2697 1
4643 247 1
4643 1441 1
4643 304 1
4643 2748 1
4644 3452 1
4644 208 1
4644 3197 1
4644 27 1
4645 3547 1
4645 3460 1
4645 847 1
4645 3197 1
4645 399 1
4645 221 1
4645 1780 1
4645 107 1
4645 106 1
4645 1072 1
4645 3300 1
4645 405 1
4645 4340 1
4645 1868 1
4645 1652 1
4645 3446 1
4648 4756 1
4648 974 1
4648 4553 1
4648 1295 1
4648 878 1
4648 1019 1
4648 4659 1
4648 3385 1
4648 2688 1
4648 1540 1
4649 2367 1
4649 942 1
4649 764 1
4649 2604 1
4649 1860 1
4649 3530 1
4649 1773 1
4649 4266 1
4649 3785 1
4649 3826 1
4649 44 1
4649 997 1
4649 2979 1
4649 1610 1
4649 1121 1
4649 3601 1
4649 2856 1
4649 1793 1
4649 2913 1
4649 1122 1
4649 95 1
4649 1839 1
4649 4670 1
4649 4564 1
4649 1663 1
4649 671 1
4649 4239 1
4649 256 1
4649 2740 1
4649 2747 1
4649 374 1
4649 2577 1
4649 3972 1
4649 893 1
4649 4467 1
4649 3274 1
4649 943 1
4649 656 1
4649 425 1
4649 2541 1
4649 2972 1
4649 3164 1
4649 1439 1
4649 1274 1
4649 3507 1
4649 345 1
4649 3113 1
4649 475 1
4649 67 1
4649 1306 1
4649 1324 1
4649 3075 1
4649 4460 1
4649 2763 1
4649 2176 1
4649 2561 1
4649 1540 1
4649 3088 1
4649 2701 1
4649 2149 1
4649 3562 1
4649 2956 1
4649 3426 1
4652 378 1
4652 1122 1
4652 3665 1
4652 3196 1
4652 2577 1
4652 2219 1
4652 1109 1
4652 3967 1
4652 1540 1
4652 375 1
4653 3049 1
4653 3172 1
4653 3545 1
4653 1865 1
4653 4416 1
4653 1115 1
4653 748 1
4653 4538 1
4653 1072 1
4653 3503 1
4653 3399 1
4653 1636 1
4653 4744 1
4653 1524 1
4653 607 1
4653 3567 1
4653 833 1
4653 2866 1
4653 1252 1
4653 2674 1
4653 3160 1
4653 4585 1
4653 4091 1
4658 4335 1
4658 3246 1
4658 1172 1
4658 284 1
4658 3522 1
4658 3193 1
4658 3211 1
4659 1238 1
4659 2956 1
4659 57 1
4659 1309 1
4659 2921 1
4659 703 1
4659 673 1
4659 753 1
4659 3615 1
4662 3972 1
4662 2577 1
4662 3534 1
4662 3254 1
4662 2578 1
4666 2305 1
4666 3693 1
4666 2294 1
4666 1996 1
4666 1864 1
4666 404 1
4666 4444 1
4666 1865 1
4666 4213 1
4666 1199 1
4666 3273 1
4666 622 1
4666 1537 1
4666 16 1
4669 4335 1
4669 2023 1
4669 3241 1
4669 3489 1
4669 4401 1
4669 985 1
4669 4422 1
4669 2697 1
4669 3197 1
4669 417 1
4670 3241 1
4670 378 1
4670 893 1
4670 888 1
4671 1540 1
4671 1203 1
4671 3667 1
4672 2148 1
4672 4122 1
4672 2740 1
4672 2903 1
4672 3950 1
4672 1218 1
4672 247 1
4672 4485 1
4672 1578 1
4672 2987 1
4672 337 1
4672 3507 1
4672 997 1
4672 2577 1
4673 2845 1
4673 1149 1
4673 4659 1
4673 4072 1
4681 2319 1
4682 118 1
4684 1610 1
4684 3291 1
4684 2677 1
4684 3725 1
4689 2956 1
4689 1499 1
4689 375 1
4691 4423 1
4691 4401 1
4691 3615 1
4696 893 1
4696 350 1
4696 4744 1
4696 1542 1
4696 1572 1
4696 3720 1
4696 535 1
4696 1301 1
4696 4475 1
4696 2922 1
4696 2484 1
4696 539 1
4696 2981 1
4696 4422 1
4696 3241 1
4696 3197 1
4696 2163 1
4696 3668 1
4696 27 1
4696 1283 1
4700 584 1
4700 2576 1
4700 2910 1
4700 3598 1
4700 874 1
4700 546 1
4700 2908 1
4700 4729 1
4700 3053 1
4700 419 1
4700 2257 1
4700 4036 1
4700 3046 1
4700 4021 1
4700 4148 1
4700 358 1
4700 2781 1
4700 599 1
4700 2542 1
4700 153 1
4700 475 1
4700 3693 1
4700 67 1
4700 4565 1
4700 2660 1
4700 4756 1
4700 4732 1
4700 3019 1
4700 3379 1
4700 1295 1
4700 4467 1
4700 588 1
4700 2130 1
4700 714 1
4700 3753 1
4700 3546 1
4700 4159 1
4700 326 1
4700 2517 1
4700 1761 1
4700 2922 1
4700 1794 1
4700 2126 1
4700 399 1
4700 4035 1
4700 2577 1
4700 2118 1
4700 2605 1
4700 201 1
4700 1855 1
4700 4589 1
4700 4512 1
4700 3863 1
4700 2820 1
4700 760 1
4700 555 1
4700 2529 1
4700 2706 1
4700 745 1
4700 122 1
4700 898 1
4700 1581 1
4700 3948 1
4700 1703 1
4700 1939 1
4700 3729 1
4700 591 1
4700 195 1
4700 4324 1
4700 885 1
4703 1348 1
4703 2273 1
4703 247 1
4703 1619 1
4709 681 1
4709 305 1
4709 4754 1
4709 1117 1
4709 1760 1
4709 3807 1
4709 375 1
4709 4303 1
4709 8 1
4709 1026 1
4709 4346 1
4709 251 1
4709 2850 1
4709 4162 1
4709 4661 1
4709 3982 1
4709 4473 1
4709 2105 1
4709 3593 1
4709 244 1
4709 55 1
4709 821 1
4709 3718 1
4709 2780 1
4709 3841 1
4709 3713 1
4709 3498 1
4709 3888 1
4709 1765 1
4709 2382 1
4709 3836 1
4709 4509 1
4709 3050 1
4709 444 1
4709 4567 1
4709 1752 1
4709 4155 1
4709 3830 1
4709 3743 1
4709 166 1
4709 1886 1
4709 3920 1
4709 816 1
4709 3192 1
4709 2800 1
4709 1285 1
4709 3537 1
4709 3411 1
4709 4345 1
4710 3197 1
4710 421 1
4710 2921 1
4710 1633 1
4710 2035 1
4710 3667 1
4711 111 1
4711 2382 1
4711 3522 1
4711 2763 1
4711 2577 1
4712 1122 1
4712 3507 1
4717 685 1
4717 2846 1
4719 3972 1
4721 185 1
4721 1358 1
4721 4100 1
4721 2901 1
4721 1135 1
4721 4401 1
4721 3137 1
4721 2484 1
4721 188 1
4721 1157 1
4721 4497 1
4721 2219 1
4721 1406 1
4721 1331 1
4721 1203 1
4721 772 1
4721 3967 1
4721 2067 1
4721 2148 1
4721 343 1
4721 4197 1
4721 4036 1
4721 1593 1
4721 4055 1
4721 4490 1
4721 522 1
4724 3353 1
4724 2092 1
4724 3281 1
4724 2148 1
4724 3787 1
4724 2848 1
4724 2962 1
4724 2748 1
4724 4422 1
4724 1578 1
4724 367 1
4724 2944 1
4724 4471 1
4725 2572 1
4725 1039 1
4725 3268 1
4725 3385 1
4725 1968 1
4725 9 1
4725 4 1
4725 1196 1
4725 782 1
4725 3904 1
4725 838 1
4725 4422 1
4726 2153 1
4726 4553 1
4726 2305 1
4726 1492 1
4726 1763 1
4726 3434 1
4726 4021 1
4726 4422 1
4726 2966 1
4726 1506 1
4726 1950 1
4726 3972 1
4726 1835 1
4726 1436 1
4726 3399 1
4728 4122 1
4728 2148 1
4728 3534 1
4728 3615 1
4728 3241 1
4728 1954 1
4728 2245 1
4728 1105 1
4728 1815 1
4728 2173 1
4728 326 1
4728 3999 1
4728 58 1
4730 2219 1
4730 3241 1
4730 2020 1
4730 893 1
4730 2299 1
4730 1105 1
4730 3628 1
4730 187 1
4730 3963 1
4730 4423 1
4730 3513 1
4730 3534 1
4730 3401 1
4730 4380 1
4731 2578 1
4731 1077 1
4731 3348 1
4731 4246 1
4731 4401 1
4731 4557 1
4731 4467 1
4731 2219 1
4731 3241 1
4731 2649 1
4731 2362 1
4731 2577 1
4732 3871 1
4732 1857 1
4732 893 1
4732 2148 1
4732 2618 1
4732 1071 1
4732 3963 1
4732 2079 1
4732 3562 1
4732 1077 1
4732 3401 1
4732 1879 1
4732 3423 1
4732 2299 1
4732 1355 1
4732 2399 1
4732 4401 1
4732 3274 1
4732 1236 1
4732 1953 1
4732 2881 1
4733 3584 1
4733 1140 1
4743 215 1
4743 1013 1
4743 3713 1
4747 4339 1
4747 4707 1
4750 2759 1
4750 2612 1
4750 4523 1
4750 2530 1
4750 616 1
4750 2342 1
4750 1355 1
4750 1071 1
4750 1236 1
4750 4401 1
4750 147 1
4750 359 1
4750 1333 1
4750 765 1
4750 3328 1
4750 371 1
4750 3901 1
4750 3489 1
4750 2655 1
4750 2173 1
4750 3378 1
4750 940 1
4750 2577 1
4754 386 1
4754 4764 1
4754 2522 1
4757 930 1
4757 274 1
4757 4401 1
4757 4562 1
4757 4068 1
4757 1879 1
4757 1540 1
4757 869 1
4758 2577 1
4758 2484 1
4758 3601 1
4760 4069 1
4760 1540 1
4760 4422 1
4760 3629 1
4762 350 1
4762 1945 1
4762 1077 1
4762 3274 1
4762 3513 1
4762 1105 1
4762 576 1
4762 3714 1
4762 3961 1
4762 3011 1
4762 2399 1
4762 4381 1
4762 4717 1
4762 378 1
4762 2429 1
4762 4366 1
4762 4009 1
4762 1954 1
4762 3489 1
4762 1903 1
4762 1071 1
4762 1825 1
4762 3154 1
4762 2427 1
4762 765 1
4762 4423 1
4762 2067 1
4762 24 1
4762 3615 1
4762 3628 1
4762 3638 1
4762 3241 1
4762 3857 1
4762 2262 1
4762 2402 1
4762 4523 1
4762 362 1
4762 2020 1
4762 2187 1
4762 2152 1
4762 947 1
4762 1286 1
4762 2299 1
4762 893 1
4763 1958 1
4763 3291 1
4763 4345 1
4763 378 1
4763 1236 1
4763 857 1
4763 4122 1
4763 1759 1
4763 1593 1
4763 337 1
4763 1902 1
4763 816 1
4765 622 1
4767 1621 1
4767 1506 1
4767 4389 1
4767 2577 1
4767 3874 1
4767 1902 1
4767 2153 1
4767 1572 1
4767 3813 1
4767 3165 1
4767 1702 1
4767 67 1
4767 4444 1
4767 3385 1
4767 326 1
4767 358 1
4767 4043 1
4767 223 1
4767 997 1
4767 3680 1
4767 1073 1
4767 3824 1
4767 4266 1
4767 1540 1
4767 3452 1
4767 1153 1
4767 267 1
4767 1105 1
4767 1110 1
4767 2735 1
4767 4564 1
4767 1007 1
4767 404 1
4767 2605 1
4767 1610 1
4767 371 1
4767 4408 1
4767 2362 1
4767 3197 1
4767 429 1
4767 1780 1
4767 4029 1
4767 4122 1
4767 3305 1
4767 1218 1
4767 4213 1
4767 3896 1
4767 3196 1
4767 3338 1
4767 3924 1
4767 2922 1
4767 2340 1
4767 1096 1
4767 3104 1
4767 399 1
4767 1761 1
4767 4684 1
4767 2018 1
4767 89 1
4767 2883 1
4767 282 1
4767 1326 1
4767 436 1
4767 1616 1
4767 3012 1
4767 1383 1
4767 2484 1
4767 1920 1
4767 419 1
4767 1835 1
4772 2382 1
4773 4744 1
4773 2117 1
4773 3300 1
4773 1759 1
4773 4467 1
4773 1596 1
4773 3196 1
4776 1207 1
4776 968 1
4776 2404 1
4776 1236 1
4776 3917 1
4776 282 1
4776 399 1
4776 1985 1
4776 1865 1
4776 3896 1
4776 3537 1
4777 4475 1
4777 2695 1
4777 4657 1
4777 2577 1
4777 3960 1
4777 765 1
4777 1588 1
4777 2219 1
4777 997 1
4777 375 1
4777 4303 1
4777 4748 1
4777 945 1
4777 3620 1
4777 3755 1
4777 3105 1
4777 2305 1
4777 3513 1
4777 24 1
4777 4319 1
4777 754 1
4777 2763 1
4777 4364 1
4777 1596 1
4777 689 1
4777 223 1
4777 2320 1
4777 2484 1
4777 1696 1
4777 816 1
4777 3011 1
4777 3399 1
4777 4733 1
4777 4302 1
4777 1212 1
4777 3714 1
4777 1324 1
4777 3281 1
4777 3713 1
4777 1289 1
4777 1902 1
4777 3972 1
4777 4356 1
4777 1179 1
4777 27 1
4777 4029 1
4777 4491 1
4777 1505 1
4777 3918 1
4777 605 1
4777 421 1
4777 2364 1
4777 2059 1
4777 1968 1
4777 3866 1
4777 3967 1
4777 2731 1
4777 539 1
4777 4064 1
4777 2921 1
4777 4550 1
4777 78 1
4777 1752 1
4777 4467 1
4777 3791 1
4777 2176 1
4779 2987 1
4781 522 1
4781 3507 1
4781 1610 1
4781 4422 1
4781 4670 1
4781 2577 1
4786 1954 1
4794 3489 1
4794 375 1
4794 3546 1
4794 1862 1
4795 3232 1
4797 631 1
4797 1544 1
4807 1153 1
4807 1129 1
4809 1989 1
4809 4242 1
4809 1373 1
4809 4266 1
4809 4303 1
4809 419 1
4809 318 1
4809 3197 1
4809 3102 1
4809 3453 1
4809 667 1
4809 1773 1
4810 4401 1
4810 18 1
4810 535 1
4810 1610 1
4810 4422 1
4810 3205 1
4810 130 1
4810 3562 1
4810 3191 1
4810 1945 1
4810 567 1
4810 3866 1
4810 633 1
4810 4605 1
4810 3245 1
4810 3175 1
4810 3012 1
4810 4407 1
4810 1012 1
4810 4061 1
4810 4308 1
4810 1222 1
4810 1348 1
4810 2469 1
4810 2577 1
4810 2573 1
4810 4242 1
4810 247 1
4810 296 1
4810 2299 1
4810 1083 1
4810 1879 1
4810 274 1
4810 837 1
4810 2031 1
4810 326 1
4810 3095 1
4810 3246 1
4810 1095 1
4810 3740 1
4810 3912 1
4810 436 1
4815 18 1
4815 2382 1
4815 1540 1
4819 4661 1
4819 4465 1
4819 223 1
4819 522 1
4819 4467 1
4819 217 1
4819 816 1
4819 4422 1
4819 3667 1
4822 4122 1
4822 888 1
4822 2092 1
4822 703 1
4822 3241 1
4822 2474 1
4822 2148 1
4825 1610 1
4825 4422 1
4825 1492 1
4825 2695 1
4828 2219 1
4828 3241 1
4828 3135 1
4828 4009 1
4828 3196 1
4828 3638 1
4828 2578 1
4828 3164 1
4828 1071 1
4828 1077 1
4828 3871 1
4828 3857 1
4828 1954 1
4828 947 1
4828 765 1
4828 3967 1
4828 3489 1
4828 1857 1
4828 4542 1
4828 1945 1
4828 893 1
4828 2131 1
4828 4021 1
4828 2881 1
4828 3714 1
4830 1954 1
4830 1324 1
4830 2697 1
4834 4000 1
4834 3507 1
4834 2299 1
4834 893 1
4836 24 1
4842 2305 1
4842 4467 1
4842 1983 1
4842 2382 1
4842 2577 1
4842 1499 1
4842 3567 1
4842 3197 1
4843 2525 1
4844 68 1
4844 3197 1
4844 4021 1
4844 378 1
4844 4449 1
4844 326 1
4844 4676 1
4844 3300 1
4844 4059 1
4844 4744 1
4844 3450 1
4844 3399 1
4844 3669 1
4844 1236 1
4844 4465 1
4851 3291 1
4851 3246 1
4851 3197 1
4851 1122 1
4851 2577 1
4851 1110 1
4851 3787 1
4851 4422 1
4851 2273 1
4851 1621 1
4851 24 1
4851 1540 1
4851 997 1
4851 2092 1
4854 1179 1
4854 1540 1
4854 1643 1
4856 1578 1
4856 3291 1
4856 1540 1
4856 2612 1
4858 522 1
4858 2092 1
4858 653 1
4858 2577 1
4858 1483 1
4858 4751 1
4859 4465 1
4859 761 1
4859 1013 1
4860 37 1
4860 4239 1
4860 256 1
4863 4311 1
4863 1644 1
4863 4098 1
4863 1996 1
4863 3631 1
4863 2946 1
4863 3693 1
4863 1985 1
4863 248 1
4863 45 1
4863 4444 1
4863 4488 1
4863 1936 1
4865 2351 1
4865 378 1
4865 842 1
4865 2170 1
4865 27 1
4865 3399 1
4865 3567 1
4868 3871 1
4868 92 1
4868 2577 1
4868 3196 1
4868 95 1
4868 1169 1
4868 3562 1
4868 3567 1
4868 742 1
4868 4068 1
4868 3967 1
4868 3386 1
4868 997 1
4868 326 1
4868 930 1
4868 2275 1
4868 1122 1
4868 3588 1
4868 4423 1
4868 1523 1
4868 3866 1
4868 2881 1
4868 988 1
4868 3489 1
4868 1575 1
4868 3197 1
4868 358 1
4868 4690 1
4868 4511 1
4868 1610 1
4868 651 1
4869 1578 1
4869 3837 1
4869 247 1
4869 535 1
4869 2092 1
4869 821 1
4869 1924 1
4869 1218 1
4869 1835 1
4869 3233 1
4869 1516 1
4869 2987 1
4869 522 1
4869 4122 1
4869 930 1
4869 2577 1
4869 964 1
4869 1861 1
4869 1499 1
4869 893 1
4869 1920 1
4869 1122 1
4869 2777 1
4869 1540 1
4870 4102 1
4871 3075 1
4871 295 1
4871 487 1
4871 4459 1
4871 3561 1
4871 1505 1
4871 3787 1
4874 4706 1
4874 493 1
4874 4273 1
4874 2382 1
4874 3246 1
4874 3367 1
4874 1759 1
4874 1610 1
4874 2577 1
4874 3291 1
4874 4584 1
4874 2987 1
4874 4557 1
4874 3831 1
4874 3960 1
4874 1073 1
4874 1179 1
4875 2590 1
4875 766 1
4875 3864 1
4875 1772 1
4875 456 1
4875 4072 1
4875 2577 1
4875 62 1
4875 3246 1
4875 3291 1
4875 1357 1
4875 4000 1
4875 1135 1
4875 3329 1
4875 4751 1
4875 3811 1
4875 1646 1
4875 2986 1
4875 3916 1
4875 2987 1
4875 3866 1
4875 1902 1
4875 291 1
4875 4401 1
4875 4422 1
4875 3507 1
4876 3135 1
4876 861 1
4877 3960 1
4878 3930 1
4878 1835 1
4878 3291 1
4878 4727 1
4878 3135 1
4878 4548 1
4878 3810 1
4878 3175 1
4878 816 1
4878 3329 1
4878 3507 1
4878 350 1
4878 3267 1
4878 2484 1
4878 4273 1
4878 1179 1
4878 4422 1
4878 1505 1
4878 4237 1
4878 1499 1
4879 3241 1
4879 3871 1
4883 3546 1
4883 1934 1
4888 793 1
4888 2873 1
4888 2175 1
4888 3385 1
4888 3238 1
4888 9 1
4888 546 1
4888 4633 1
4888 2657 1
4889 3246 1
4889 4504 1
4889 3241 1
4889 522 1
4892 1931 1
4892 3035 1
4892 3385 1
4892 109 1
4892 162 1
4892 281 1
4892 723 1
4892 4432 1
4892 2629 1
4892 2608 1
4892 370 1
4892 1769 1
4892 595 1
4892 521 1
4892 1353 1
4892 120 1
4892 479 1
4892 3465 1
4892 2965 1
4892 755 1
4892 2904 1
4892 1996 1
4892 503 1
4895 1516 1
4895 138 1
4895 3543 1
4895 2362 1
4896 1203 1
4896 3615 1
4896 3567 1
4896 4021 1
4896 1688 1
4896 1365 1
4896 4475 1
4896 20 1
4896 3095 1
4896 1647 1
4896 3794 1
4896 2533 1
4896 2886 1
4896 4700 1
4896 32 1
4896 4102 1
4896 70 1
4896 602 1
4896 2092 1
4896 1356 1
4896 4339 1
4896 3505 1
4896 194 1
4896 3151 1
4896 1179 1
4896 2863 1
4899 2647 1
4902 2105 1
4902 3281 1
4902 2176 1
4902 1096 1
4902 3264 1
4902 652 1
4902 1802 1
4902 2577 1
4902 3718 1
4902 2365 1
4902 2763 1
4902 2875 1
4902 273 1
4902 1621 1
4902 3478 1
4902 1270 1
4902 2709 1
4902 27 1
4902 4449 1
4902 838 1
4902 2870 1
4902 4213 1
4902 857 1
4909 3752 1
4909 2612 1
4909 1246 1
4909 838 1
4909 419 1
4909 4325 1
4909 475 1
4909 4029 1
4909 582 1
4909 4043 1
4909 1780 1
4909 3200 1
4909 2512 1
4911 947 1
4911 3638 1
4911 3241 1
4911 2675 1
4911 4523 1
4911 3274 1
4911 2262 1
4911 869 1
4911 3866 1
4911 1105 1
4911 4506 1
4911 3963 1
4911 4422 1
4911 242 1
4911 3871 1
4911 765 1
4911 4401 1
4911 3114 1
4911 1879 1
4911 147 1
4911 1954 1
4911 4009 1
4911 1891 1
4911 2039 1
4911 3534 1
4911 1077 1
4911 2881 1
4914 1295 1
4914 2014 1
4914 1480 1
4914 2807 1
4914 4565 1
4914 1115 1
4914 3072 1
4914 2558 1
4914 3902 1
4914 3742 1
4914 248 1
4914 3433 1
4914 479 1
4914 499 1
4914 2661 1
4914 2866 1
4914 2484 1
4915 1525 1
4921 1122 1
4921 3999 1
4921 359 1
4921 3241 1
4921 46 1
4921 1825 1
4921 4401 1
4924 3197 1
4926 2748 1
4926 24 1
4926 3930 1
4926 3154 1
4926 4001 1
4926 3267 1
4926 3831 1
4926 3787 1
4926 3450 1
4926 1540 1
4926 2273 1
4926 2612 1
4926 522 1
4926 3795 1
4926 3562 1
4926 930 1
4926 4659 1
4926 3197 1
4926 4422 1
4926 3254 1
4926 375 1
4926 3291 1
4926 1902 1
4929 2770 1
4930 3329 1
4930 1635 1
4930 3291 1
4930 1835 1
4930 1540 1
4930 3197 1
4930 4422 1
4930 4266 1
4930 3233 1
4937 3160 1
4939 3197 1
4941 3021 1
4941 399 1
4941 1480 1
4941 1190 1
4941 1542 1
4941 503 1
4941 1051 1
4941 874 1
4941 1843 1
4941 782 1
4941 2971 1
4941 1762 1
4941 2826 1
4941 3399 1
4941 542 1
4941 4200 1
4941 1960 1
4941 2333 1
4941 419 1
4941 3067 1
4941 311 1
4941 1504 1
4941 4146 1
4941 3072 1
4941 1049 1
4941 3879 1
4941 2267 1
4941 1032 1
4941 9 1
4941 925 1
4941 2551 1
4941 2873 1
4941 1993 1
4941 2965 1
4941 2589 1
4941 2210 1
4941 3178 1
4941 2807 1
4941 1064 1
4941 3860 1
4941 1766 1
4941 682 1
4941 1869 1
4941 4103 1
4947 1179 1
4948 1357 1
4948 3567 1
4948 2577 1
4948 2092 1
4948 535 1
4948 774 1
4948 3871 1
4948 371 1
4948 1540 1
4948 1824 1
4948 3508 1
4948 2131 1
4950 715 1
4950 2965 1
4950 2542 1
4950 2883 1
4950 907 1
4950 794 1
4950 4235 1
4950 2908 1
4950 3693 1
4950 1821 1
4950 1461 1
4950 201 1
4950 3444 1
4950 1601 1
4950 282 1
4950 3329 1
4950 2866 1
4950 2677 1
4950 1116 1
4950 4564 1
4950 1631 1
4950 2056 1
4950 4422 1
4950 2484 1
4950 1721 1
4950 3492 1
4950 2651 1
4950 1915 1
4950 882 1
4950 1791 1
4950 3427 1
4950 358 1
4950 292 1
4950 3154 1
4950 45 1
4950 1640 1
4950 110 1
4950 2674 1
4950 4398 1
4950 1960 1
4950 4590 1
4951 1007 1
4951 523 1
4951 3871 1
4951 590 1
4951 4405 1
4951 4024 1
4951 2787 1
4951 2827 1
4951 4049 1
4951 1467 1
4951 1902 1
4951 3972 1
4951 653 1
4951 2573 1
4951 4465 1
4951 4730 1
4951 1578 1
4951 3562 1
4951 4345 1
4951 3569 1
4951 816 1
4951 2148 1
4951 3704 1
4951 4496 1
4951 4459 1
4951 134 1
4951 330 1
4951 814 1
4951 493 1
4951 3669 1
4951 1018 1
4951 2365 1
4951 831 1
4951 2036 1
4951 1280 1
4951 1122 1
4951 2362 1
4951 2364 1
4951 1204 1
4951 3083 1
4951 2487 1
4951 3811 1
4951 628 1
4951 927 1
4951 4422 1
4951 3546 1
4951 4526 1
4951 4383 1
4951 1621 1
4951 1248 1
4951 1362 1
4956 1451 1
4956 166 1
4956 989 1
4956 1648 1
4962 359 1
4962 893 1
4962 2402 1
4965 653 1
4965 1790 1
4965 4459 1
4965 1624 1
4965 237 1
4965 1773 1
4965 3075 1
4965 3561 1
4965 283 1
4965 4751 1
4966 3245 1
4966 139 1
4966 417 1
4969 3667 1
4969 2251 1
4969 3300 1
4969 1610 1
4969 2484 1
4969 3241 1
4969 2149 1
4969 1122 1
4969 4422 1
4969 4504 1
4971 3795 1
4971 4422 1
4971 1540 1
4971 2092 1
4971 2697 1
4971 1752 1
4971 3053 1
4971 751 1
4971 2577 1
4973 3967 1
4973 1657 1
4973 4423 1
4973 4040 1
4973 3378 1
4973 4511 1
4978 2731 1
4982 1540 1
4987 34 1
4987 2051 1
4989 421 1
4990 2875 1
4990 276 1
4992 1600 1
4992 3291 1
4992 4422 1
4992 4519 1
4992 3853 1
4992 4122 1
4992 3866 1
4992 1624 1
4992 1540 1
4992 535 1
4992 4670 1
4992 2092 1
4992 46 1
4992 1835 1
4993 3196 1
4993 3401 1
4993 247 1
4995 1540 1
4995 662 1
4995 1954 1
4998 1357 1
4998 2039 1
4998 1502 1
4998 3197 1
4998 3534 1
4998 4273 1
4998 2362 1
5000 3863 1
5000 3450 1
5001 2382 1
5001 1122 1
5002 1540 1
5002 3967 1
5002 2920 1
5002 1470 1
5002 1446 1
5002 2044 1
5002 4687 1
5002 4465 1
5002 20 1
5002 1825 1
5008 3468 1
5008 570 1
5008 176 1
5008 1072 1
5008 57 1
5008 1165 1
5008 490 1
5008 3561 1
5008 2294 1
5008 4511 1
5008 375 1
5008 3075 1
5008 1027 1
5008 4000 1
5008 772 1
5008 4466 1
5008 4565 1
5008 3752 1
5008 1790 1
5008 3453 1
5008 4731 1
5008 1193 1
5008 317 1
5008 2068 1
5008 199 1
5008 4690 1
5008 1825 1
5008 4373 1
5008 3352 1
5008 4448 1
5008 2131 1
5009 893 1
5009 1012 1
5009 4467 1
5009 2092 1
5009 3093 1
5009 1610 1
5009 1578 1
5009 930 1
5009 4422 1
5009 1902 1
5010 1116 1
5010 248 1
5014 1763 1
5014 1540 1
5015 1817 1
5026 1954 1
5026 3871 1
5026 1969 1
5026 421 1
5030 4744 1
5030 2987 1
5030 169 1
5030 2577 1
5030 714 1
5030 3176 1
5030 3075 1
5030 522 1
5030 1706 1
5030 2092 1
5030 4485 1
5030 1773 1
5030 3936 1
5030 3453 1
5030 1902 1
5030 139 1
5030 4422 1
5030 1825 1
5031 3154 1
5031 1711 1
5031 419 1
5031 4097 1
5039 482 1
5042 2092 1
5042 2748 1
5042 3534 1
5043 4744 1
5043 734 1
5043 3196 1
5043 3507 1
5043 4401 1
5043 1181 1
5043 3912 1
5043 535 1
5043 2382 1
5043 3866 1
5043 826 1
5043 2753 1
5044 893 1
5044 2079 1
5044 1428 1
5044 78 1
5044 1505 1
5044 2920 1
5044 501 1
5044 4548 1
5044 2092 1
5044 596 1
5044 161 1
5044 3196 1
5044 362 1
5044 2677 1
5044 3525 1
5044 4744 1
5044 2697 1
5044 3882 1
5044 4624 1
5044 3667 1
5044 4562 1
5046 3011 1
5046 350 1
5046 2577 1
5049 4744 1
5049 2148 1
5049 2307 1
5050 1670 1
5050 4371 1
5050 3042 1
5050 4547 1
5050 853 1
5050 2969 1
5050 1834 1
5051 727 1
5051 3372 1
5051 189 1
5051 1540 1
5051 2920 1
5051 1945 1
5051 291 1
5051 2987 1
5051 2677 1
5051 2577 1
5051 2358 1
5053 1179 1
5053 4238 1
5053 3567 1
5053 997 1
5053 775 1
5053 2697 1
5053 1540 1
5053 139 1
5053 893 1
5053 2474 1
5055 2285 1
5061 4401 1
5061 3241 1
5061 4562 1
5061 4548 1
5061 893 1
5061 3999 1
5062 535 1
5062 3196 1
5066 2382 1
5066 28 1
5066 1236 1
5066 3197 1
5066 1812 1
5067 417 1
5067 2921 1
5067 4551 1
5067 816 1
5067 3197 1
5067 1368 1
5067 2748 1
5067 2280 1
5067 1759 1
5067 575 1
5067 4422 1
5067 2288 1
5067 1854 1
5067 3669 1
5067 3196 1
5067 1603 1
5067 628 1
5067 2740 1
5067 2695 1
5072 3491 1
5072 4021 1
5072 2107 1
5072 3543 1
5072 2130 1
5072 2303 1
5072 893 1
5075 3291 1
5081 242 1
5081 421 1
5081 4231 1
5081 1505 1
5081 1077 1
5081 3378 1
5081 3871 1
5081 3534 1
5082 178 1
5082 3974 1
5082 2748 1
5082 1179 1
5082 1077 1
5082 3266 1
5082 2920 1
5082 223 1
5082 2770 1
5082 2039 1
5082 1699 1
5082 3656 1
5082 2851 1
5082 2430 1
5082 4206 1
5082 4273 1
5082 1390 1
5082 2340 1
5082 1771 1
5082 480 1
5082 2558 1
5082 4497 1
5082 535 1
5082 3788 1
5082 2632 1
5082 3819 1
5082 358 1
5082 2092 1
5082 997 1
5082 626 1
5082 1999 1
5082 2249 1
5082 2590 1
5082 1954 1
5082 3978 1
5082 1774 1
5082 4540 1
5082 1566 1
5082 3534 1
5082 1854 1
5082 1540 1
5082 1902 1
5082 149 1
5082 323 1
5085 3522 1
5085 4548 1
5085 1224 1
5085 3837 1
5085 350 1
5085 237 1
5085 2275 1
5085 4246 1
5085 4519 1
5085 816 1
5085 181 1
5085 3714 1
5085 3669 1
5085 628 1
5085 3999 1
5085 2362 1
5085 1355 1
5085 2577 1
5085 3866 1
5085 4562 1
5085 2131 1
5085 358 1
5085 3401 1
5085 1624 1
5085 3967 1
5085 1945 1
5087 3318 1
5087 689 1
5087 2124 1
5087 4422 1
5087 3400 1
5087 3936 1
5087 2577 1
5087 2362 1
5087 2996 1
5087 127 1
5090 2920 1
5092 1773 1
5092 4466 1
5092 2464 1
5092 3399 1
5092 1635 1
5092 1179 1
5092 3102 1
5092 3197 1
5092 1608 1
5092 4335 1
5092 4108 1
5092 1527 1
5096 4021 1
5096 1070 1
5096 1686 1
5096 378 1
5096 755 1
5096 4270 1
5096 2577 1
5096 1865 1
5096 1540 1
5096 2875 1
5096 419 1
5096 3450 1
5096 3507 1
5096 2105 1
5099 4569 1
5099 3378 1
5099 2251 1
5105 3012 1
5105 359 1
5107 931 1
5107 1616 1
5107 1300 1
5109 2542 1
5109 3919 1
5109 542 1
5111 2382 1
5111 3507 1
5111 3291 1
5111 4122 1
5111 1578 1
5111 535 1
5111 2577 1
5113 169 1
5113 2079 1
5114 2651 1
5114 4021 1
5114 4690 1
5114 2916 1
5114 941 1
5114 3426 1
5114 394 1
5114 2787 1
5114 18 1
5114 3864 1
5114 2482 1
5114 2382 1
5118 863 1
5118 2954 1
5118 830 1
5118 3507 1
5118 3175 1
5118 3569 1
5118 1850 1
5118 2943 1
5118 148 1
5118 1179 1
5118 3711 1
5118 1540 1
5118 1392 1
5118 1041 1
5118 475 1
5118 4237 1
5118 2730 1
5118 411 1
5118 3667 1
5118 1799 1
5118 4028 1
5118 3739 1
5118 1035 1
5118 437 1
5118 2204 1
5118 2694 1
5118 1598 1
5118 3215 1
5118 4003 1
5118 831 1
5118 371 1
5118 732 1
5118 1348 1
5118 3522 1
5118 2748 1
5118 1616 1
5118 2826 1
5118 3328 1
5126 1540 1
5126 1139 1
5126 2763 1
5126 605 1
5127 2148 1
5127 3714 1
5127 4303 1
5127 3135 1
5127 3011 1
5127 535 1
5127 930 1
5127 2059 1
5127 1285 1
5127 667 1
5127 1169 1
5127 3513 1
5127 2517 1
5127 2577 1
5127 838 1
5127 3196 1
5128 2011 1
5128 1179 1
5128 2759 1
5128 4266 1
5128 4659 1
5128 3246 1
5128 4078 1
5128 4631 1
5128 861 1
5128 1706 1
5128 1441 1
5128 3972 1
5128 429 1
5128 2308 1
5128 2351 1
5128 514 1
5128 2947 1
5128 1007 1
5128 4512 1
5128 3542 1
5128 1236 1
5128 802 1
5128 73 1
5128 4029 1
5128 3897 1
5128 3026 1
5128 837 1
5128 2340 1
5128 2740 1
5128 2382 1
5128 1603 1
5128 3562 1
5128 2745 1
5128 2335 1
5128 3254 1
5128 3711 1
5128 67 1
5128 1073 1
5128 3567 1
5128 2311 1
5128 4239 1
5128 671 1
5128 1218 1
5128 3402 1
5128 2577 1
5128 4422 1
5128 1095 1
5128 3507 1
5128 1625 1
5128 4122 1
5128 720 1
5128 3234 1
5128 1540 1
5128 4021 1
5128 1122 1
5128 3126 1
5128 2303 1
5128 4189 1
5128 4085 1
5129 139 1
5129 2187 1
5129 930 1
5129 1169 1
5129 3135 1
5129 893 1
5133 4213 1
5133 4122 1
5133 1578 1
5133 1540 1
5133 2655 1
5133 267 1
5133 4519 1
5134 1971 1
5134 3246 1
5134 3197 1
5134 318 1
5134 2349 1
5134 1169 1
5134 1567 1
5137 3831 1
5137 4000 1
5137 209 1
5137 1754 1
5137 3967 1
5137 3483 1
5137 3282 1
5138 2850 1
5138 1203 1
5138 1505 1
5138 1510 1
5138 753 1
5138 4352 1
5138 131 1
5138 2250 1
5138 2577 1
5138 893 1
5138 1130 1
5138 2787 1
5138 2167 1
5138 3164 1
5138 3459 1
5138 2092 1
5138 3976 1
5138 2101 1
5138 1118 1
5138 1521 1
5138 823 1
5138 2340 1
5138 4127 1
5138 1190 1
5138 2043 1
5138 4250 1
5138 2219 1
5138 2251 1
5138 2534 1
5138 2469 1
5138 1578 1
5138 2383 1
5138 2566 1
5138 773 1
5138 123 1
5138 4342 1
5138 2015 1
5138 4584 1
5138 2982 1
5138 930 1
5138 4674 1
5139 4548 1
5139 893 1
5139 1699 1
5139 4422 1
5139 2578 1
5140 2117 1
5140 4001 1
5140 2382 1
5140 3373 1
5141 1763 1
5141 4511 1
5141 1986 1
5141 4422 1
5141 1540 1
5141 3196 1
5141 3401 1
5146 1122 1
5146 4122 1
5146 2311 1
5146 893 1
5147 2351 1
5147 1283 1
5147 782 1
5147 3904 1
5147 1802 1
5147 3921 1
5147 1521 1
5147 788 1
5147 3462 1
5152 3652 1
5152 2113 1
5152 1635 1
5152 2382 1
5152 2070 1
5152 513 1
5152 2954 1
5152 4511 1
5152 751 1
5152 747 1
5152 4108 1
5152 2721 1
5154 2305 1
5154 2219 1
5154 4303 1
5154 2164 1
5154 2565 1
5154 2578 1
5154 1568 1
5155 3972 1
5157 4422 1
5157 247 1
5159 4690 1
5159 419 1
5159 375 1
5159 282 1
5159 944 1
5159 2382 1
5159 1348 1
5159 3197 1
5159 4324 1
5159 1902 1
5159 2092 1
5159 2849 1
5159 3574 1
5159 1116 1
5159 1254 1
5159 27 1
5159 3291 1
5159 2273 1
5159 292 1
5160 4401 1
5160 2474 1
5160 2548 1
5160 1540 1
5160 1825 1
5160 2131 1
5160 2730 1
5160 2920 1
5160 1044 1
5160 1759 1
5160 4029 1
5161 1694 1
5163 4422 1
5164 3819 1
5164 1596 1
5164 893 1
5164 326 1
5164 482 1
5164 1879 1
5164 2920 1
5164 1624 1
5164 266 1
5164 4548 1
5164 3871 1
5164 3293 1
5164 2293 1
5164 3401 1
5164 3866 1
5164 869 1
5164 4000 1
5164 3638 1
5164 3534 1
5164 67 1
5164 1013 1
5164 2159 1
5164 1102 1
5164 3952 1
5164 947 1
5164 3483 1
5164 4380 1
5164 1505 1
5164 3669 1
5164 3164 1
5164 3571 1
5164 1139 1
5164 1506 1
5164 1077 1
5164 2578 1
5164 1169 1
5164 3053 1
5164 1203 1
5164 3366 1
5164 583 1
5164 3615 1
5164 2295 1
5164 4467 1
5164 3246 1
5164 1177 1
5164 1646 1
5164 295 1
5164 3241 1
5164 2187 1
5164 2043 1
5164 4401 1
5164 3921 1
5164 3464 1
5164 4422 1
5164 3197 1
5164 2440 1
5164 4511 1
5164 816 1
5164 3561 1
5164 27 1
5164 24 1
5164 3686 1
5164 1881 1
5164 4644 1
5164 1696 1
5164 4367 1
5164 169 1
5164 1578 1
5164 2012 1
5164 4605 1
5169 221 1
5169 1954 1
5169 1702 1
5169 2748 1
5169 1254 1
5169 2069 1
5169 898 1
5169 4309 1
5169 4173 1
5169 720 1
5169 3300 1
5169 4086 1
5169 106 1
5169 2752 1
5169 948 1
5169 3562 1
5169 3972 1
5169 378 1
5169 419 1
5169 535 1
5169 4422 1
5169 292 1
5169 208 1
5170 4744 1
5170 726 1
5170 3329 1
5170 4306 1
5170 3871 1
5170 2092 1
5170 263 1
5170 1540 1
5170 2816 1
5170 2730 1
5171 3274 1
5171 3866 1
5171 261 1
5176 1122 1
5176 4422 1
5176 844 1
5176 985 1
5176 169 1
5176 783 1
5176 4744 1
5176 1823 1
5176 759 1
5176 2996 1
5176 950 1
5176 906 1
5177 2153 1
5177 4096 1
5177 1135 1
5177 777 1
5177 3934 1
5177 247 1
5177 2367 1
5177 2883 1
5177 4750 1
5178 1218 1
5178 4670 1
5179 24 1
5179 1793 1
5179 1122 1
5179 4422 1
5181 930 1
5181 1578 1
5181 4401 1
5181 4548 1
5181 2920 1
5185 1357 1
5185 1024 1
5185 4337 1
5185 1414 1
5185 330 1
5185 2577 1
5185 1902 1
5185 2531 1
5185 1724 1
5185 3291 1
5185 1096 1
5185 3541 1
5185 471 1
5185 2083 1
5185 4560 1
5185 4497 1
5185 1540 1
5185 2343 1
5185 1722 1
5185 676 1
5185 1747 1
5185 49 1
5185 884 1
5185 1916 1
5185 2837 1
5185 2767 1
5190 1071 1
5190 350 1
5190 972 1
5190 1891 1
5190 393 1
5190 3546 1
5190 3011 1
5190 1105 1
5190 4380 1
5190 3241 1
5190 1077 1
5190 4523 1
5190 2898 1
5190 4061 1
5190 2219 1
5190 4401 1
5190 2618 1
5190 3489 1
5190 2881 1
5190 1420 1
5190 362 1
5190 3378 1
5190 2952 1
5190 765 1
5190 4460 1
5190 3963 1
5190 3967 1
5190 240 1
5190 3293 1
5190 3534 1
5190 3164 1
5190 4418 1
5190 4542 1
5190 242 1
5190 1540 1
5191 2219 1
5191 3967 1
5191 869 1
5191 1110 1
5191 3135 1
5191 247 1
5191 3241 1
5191 1374 1
5191 1954 1
5191 3011 1
5191 160 1
5191 1129 1
5191 4527 1
5191 2568 1
5191 989 1
5191 2393 1
5191 3205 1
5191 3454 1
5191 1355 1
5191 4380 1
5191 4023 1
5205 1085 1
5205 1505 1
5205 1540 1
5205 1763 1
5205 2293 1
5205 4306 1
5205 1502 1
5205 2577 1
5209 4422 1
5209 522 1
5209 1485 1
5209 3115 1
5209 2911 1
5209 535 1
5209 1041 1
5209 2117 1
5209 256 1
5210 1765 1
5210 1516 1
5210 4447 1
5210 893 1
5210 2131 1
5210 804 1
5210 2920 1
5210 1432 1
5210 1373 1
5210 4647 1
5211 3533 1
5211 1207 1
5211 1196 1
5211 1721 1
5211 27 1
5211 405 1
5211 838 1
5211 786 1
5211 1636 1
5211 2965 1
5211 110 1
5211 226 1
5211 1387 1
5211 4325 1
5211 2414 1
5211 1297 1
5211 3492 1
5211 871 1
5211 1116 1
5211 4146 1
5211 311 1
5211 707 1
5211 2941 1
5211 1707 1
5211 918 1
5211 2657 1
5211 1115 1
5211 3172 1
5211 595 1
5211 2589 1
5211 1557 1
5211 2046 1
5211 1300 1
5211 4103 1
5211 1375 1
5211 3862 1
5211 281 1
5211 3446 1
5211 1547 1
5211 1769 1
5211 3926 1
5211 588 1
5211 2473 1
5211 4189 1
5211 1032 1
5211 2132 1
5211 2459 1
5211 1199 1
5211 399 1
5211 4665 1
5211 3514 1
5211 2651 1
5211 2517 1
5211 3457 1
5211 3256 1
5211 4324 1
5211 3433 1
5211 2133 1
5211 2674 1
5211 2037 1
5211 3219 1
5211 3919 1
5211 2005 1
5211 748 1
5211 670 1
5211 3921 1
5211 1260 1
5211 4756 1
5211 1582 1
5211 3461 1
5212 997 1
5212 3972 1
5212 4422 1
5212 522 1
5212 24 1
5212 4467 1
5212 2793 1
5214 3308 1
5214 2115 1
5214 3090 1
5214 95 1
5214 2305 1
5214 539 1
5214 1599 1
5214 2315 1
5214 3684 1
5214 118 1
5214 4615 1
5214 4553 1
5214 326 1
5214 2364 1
5214 4657 1
5214 1853 1
5214 2289 1
5214 2732 1
5214 4756 1
5214 2484 1
5214 3467 1
5214 223 1
5214 4309 1
5214 3625 1
5214 2695 1
5214 3829 1
5214 55 1
5214 2640 1
5214 3569 1
5214 629 1
5214 2697 1
5214 1769 1
5214 1285 1
5214 650 1
5214 3756 1
5214 4021 1
5214 1780 1
5214 977 1
5214 3049 1
5214 2359 1
5214 1307 1
5214 874 1
5214 734 1
5214 346 1
5214 4433 1
5214 405 1
5214 1418 1
5214 1041 1
5214 2908 1
5214 2577 1
5214 4358 1
5214 2018 1
5214 3016 1
5214 135 1
5214 2710 1
5214 4659 1
5214 2677 1
5214 1471 1
5214 3196 1
5214 522 1
5214 1111 1
5214 2134 1
5214 3669 1
5214 183 1
5214 3175 1
5214 3911 1
5214 3544 1
5214 436 1
5214 3300 1
5214 4467 1
5216 2578 1
5216 2577 1
5216 2231 1
5216 2219 1
5216 2147 1
5216 2956 1
5216 522 1
5218 2777 1
5218 4486 1
5220 4670 1
5220 2039 1
5220 359 1
5220 1324 1
5220 671 1
5220 4422 1
5220 378 1
5220 4467 1
5220 720 1
5220 1355 1
5220 4504 1
5220 2310 1
5220 1594 1
5220 1492 1
5220 493 1
5220 4548 1
5220 3534 1
5220 1373 1
5220 1218 1
5220 3196 1
5220 2848 1
5220 3305 1
5220 3667 1
5220 3841 1
5220 95 1
5220 3309 1
5220 2025 1
5220 358 1
5220 1514 1
5220 2153 1
5220 1619 1
5220 1610 1
5220 3291 1
5220 981 1
5220 2382 1
5220 838 1
5220 1499 1
5220 1122 1
5220 3569 1
5220 1540 1
5220 3507 1
5220 2740 1
5220 4072 1
5220 857 1
5220 282 1
5220 2612 1
5220 3329 1
5220 4029 1
5220 337 1
5220 4339 1
5220 1621 1
5220 4584 1
5220 199 1
5220 247 1
5220 3824 1
5220 3241 1
5220 985 1
5220 4308 1
5220 1835 1
5220 906 1
5220 3447 1
5220 2850 1
5220 2251 1
5220 475 1
5220 2677 1
5220 535 1
5220 1671 1
5220 3197 1
5220 3034 1
5220 1578 1
5221 1954 1
5221 2677 1
5221 2041 1
5221 283 1
5221 1540 1
5221 4569 1
5221 65 1
5221 940 1
5221 1902 1
5221 3871 1
5221 2881 1
5221 2920 1
5221 4018 1
5221 2275 1
5221 3188 1
5221 3009 1
5221 402 1
5221 1578 1
5221 4721 1
5221 1077 1
5221 3189 1
5221 3367 1
5221 3014 1
5221 1891 1
5221 3241 1
5221 3274 1
5221 3246 1
5221 3225 1
5221 2092 1
5221 893 1
5221 1566 1
5221 4548 1
5221 2540 1
5221 1536 1
5221 2281 1
5221 2299 1
5221 2033 1
5221 3872 1
5221 4511 1
5221 2159 1
5221 2519 1
5221 4401 1
5221 1118 1
5221 3464 1
5221 1373 1
5221 2921 1
5221 2219 1
5221 3718 1
5221 24 1
5221 1071 1
5221 3866 1
5221 961 1
5221 3952 1
5221 4456 1
5221 4079 1
5221 625 1
5221 2003 1
5221 3450 1
5221 1505 1
5221 375 1
5221 350 1
5221 3811 1
5221 997 1
5221 2023 1
5221 3291 1
5221 1857 1
5221 4562 1
5221 3615 1
5221 4306 1
5221 930 1
5222 926 1
5222 2578 1
5222 603 1
5222 3075 1
5222 4122 1
5222 1945 1
5222 3857 1
5222 4542 1
5222 1754 1
5222 2594 1
5222 4023 1
5222 1790 1
5223 3145 1
5223 3044 1
5223 2043 1
5223 4422 1
5223 1476 1
5223 997 1
5223 2740 1
5223 631 1
5223 1526 1
5224 3046 1
5224 3049 1
5224 3742 1
5224 3669 1
5224 2460 1
5224 4338 1
5224 3837 1
5224 3567 1
5225 2159 1
5225 3246 1
5225 817 1
5225 2474 1
5225 3864 1
5225 330 1
5225 4755 1
5225 4040 1
5225 3567 1
5225 1578 1
5230 1745 1
5235 4132 1
5239 2612 1
5239 3787 1
5239 3546 1
5239 4362 1
5246 139 1
5246 3154 1
5246 208 1
5248 653 1
5250 3186 1
5250 24 1
5250 78 1
5250 3196 1
5250 3197 1
5250 2748 1
5250 535 1
5251 2782 1
5251 1881 1
5251 694 1
5251 801 1
5251 3462 1
5251 3534 1
5251 3972 1
5251 765 1
5251 3241 1
5251 3104 1
5253 542 1
5253 3972 1
5256 2219 1
5256 1283 1
5256 1285 1
5256 350 1
5256 34 1
5256 4380 1
5256 2458 1
5256 3197 1
5256 3196 1
5258 816 1
5258 3197 1
5258 517 1
5258 3154 1
5258 3034 1
5258 1118 1
5258 4306 1
5259 4319 1
5259 2340 1
5264 120 1
5265 1283 1
5265 1179 1
5265 161 1
5265 27 1
5265 2503 1
5265 3921 1
5265 4624 1
5265 1575 1
5267 2148 1
5268 4401 1
5268 1139 1
5268 1224 1
5268 417 1
5268 893 1
5268 2695 1
5268 2474 1
5268 1505 1
5268 2920 1
5268 1540 1
5268 2786 1
5268 4394 1
5268 4548 1
5268 1122 1
5268 790 1
5268 4504 1
5268 3197 1
5270 3489 1
5270 3274 1
5270 4401 1
5270 3241 1
5270 1954 1
5270 2251 1
5270 3534 1
5271 2956 1
5271 2577 1
5278 2987 1
5278 765 1
5278 3983 1
5278 3241 1
5278 3973 1
5278 1763 1
5278 540 1
5278 1553 1
5278 1759 1
5278 3413 1
5278 4422 1
5278 2204 1
5278 3197 1
5278 247 1
5278 1668 1
5278 3534 1
5278 1954 1
5281 893 1
5287 1572 1
5287 2327 1
5287 1790 1
5287 1559 1
5290 2681 1
5290 2655 1
5290 421 1
5290 2382 1
5290 3023 1
5290 2921 1
5290 3300 1
5290 2577 1
5290 714 1
5290 3512 1
5290 1835 1
5290 4582 1
5290 2251 1
5290 4069 1
5290 1252 1
5290 1958 1
5290 3522 1
5291 2682 1
5291 2039 1
5292 247 1
5292 1578 1
5294 4095 1
5294 4406 1
5294 553 1
5294 3843 1
5294 4346 1
5294 1650 1
5294 2883 1
5294 2240 1
5294 334 1
5294 4727 1
5294 1358 1
5294 2474 1
5294 3837 1
5294 2357 1
5294 4711 1
5294 4451 1
5294 3304 1
5294 1155 1
5294 3970 1
5294 215 1
5294 2093 1
5294 2573 1
5294 3301 1
5294 1454 1
5294 3477 1
5294 1224 1
5294 4450 1
5294 2592 1
5294 4389 1
5294 3566 1
5294 3664 1
5294 1517 1
5294 134 1
5294 2394 1
5294 3660 1
5294 2000 1
5294 2421 1
5294 2261 1
5294 2993 1
5294 4548 1
5294 1897 1
5294 3457 1
5294 2131 1
5294 3857 1
5294 890 1
5294 4306 1
5294 4769 1
5294 414 1
5294 3009 1
5294 422 1
5294 1502 1
5294 2331 1
5294 1198 1
5294 1966 1
5294 3223 1
5294 501 1
5294 4308 1
5294 1388 1
5294 3021 1
5297 2180 1
5297 3859 1
5297 3300 1
5297 4690 1
5297 535 1
5297 4352 1
5297 842 1
5297 4024 1
5297 1544 1
5297 3309 1
5297 2351 1
5297 2317 1
5297 1623 1
5297 1085 1
5300 2012 1
5300 963 1
5300 3534 1
5300 1540 1
5300 330 1
5300 893 1
5300 3450 1
5305 4594 1
5305 2092 1
5305 2573 1
5305 3283 1
5305 2577 1
5305 1998 1
5305 3713 1
5305 2303 1
5305 2987 1
5305 1825 1
5305 985 1
5305 821 1
5305 3667 1
5305 1954 1
5305 3489 1
5305 1124 1
5305 3371 1
5305 2905 1
5305 757 1
5305 4458 1
5305 2340 1
5305 3396 1
5305 3199 1
5305 3999 1
5305 337 1
5305 2849 1
5305 2279 1
5305 4380 1
5305 475 1
5305 330 1
5305 1007 1
5305 1540 1
5305 2148 1
5305 3291 1
5305 671 1
5305 535 1
5305 2767 1
5305 1122 1
5305 4306 1
5305 1194 1
5305 1105 1
5305 4422 1
5305 4313 1
5305 1135 1
5305 906 1
5305 4696 1
5305 3660 1
5305 893 1
5305 4345 1
5305 4000 1
5305 359 1
5305 3023 1
5305 362 1
5305 1578 1
5305 3739 1
5305 2299 1
5305 3343 1
5305 3662 1
5305 2240 1
5305 4540 1
5305 339 1
5305 3740 1
5306 3795 1
5306 4542 1
5306 1540 1
5307 420 1
5307 637 1
5307 4108 1
5308 1348 1
5308 3193 1
5308 3409 1
5308 4557 1
5308 3326 1
5308 4009 1
5313 1540 1
5319 421 1
5319 4449 1
5319 3154 1
5320 1945 1
5321 2311 1
5321 3522 1
5322 2697 1
5322 535 1
5322 358 1
5322 2148 1
5322 3197 1
5322 893 1
5322 24 1
5324 3842 1
5328 1073 1
5328 4665 1
5328 3703 1
5328 1153 1
5336 1309 1
5336 322 1
5336 753 1
5336 4090 1
5336 1646 1
5336 1650 1
5336 1499 1
5338 417 1
5338 3522 1
5339 984 1
5339 782 1
5339 898 1
5339 4395 1
5339 375 1
5339 3246 1
5339 2681 1
5339 4324 1
5339 3170 1
5339 838 1
5343 757 1
5347 4504 1
5353 3522 1
5353 4422 1
5353 2867 1
5353 720 1
5353 247 1
5353 4231 1
5353 4670 1
5353 2484 1
5353 3329 1
5354 314 1
5354 2920 1
5354 1466 1
5354 2018 1
5354 3241 1
5354 1540 1
5354 4548 1
5354 893 1
5354 4748 1
5354 790 1
5357 816 1
5357 2340 1
5357 3309 1
5357 2474 1
5357 2092 1
5357 1578 1
5357 2881 1
5357 1406 1
5357 2000 1
5357 3511 1
5357 4644 1
5357 4401 1
5357 2112 1
5357 3241 1
5357 1945 1
5357 663 1
5357 475 1
5357 2577 1
5357 2067 1
5357 2967 1
5357 1224 1
5359 3154 1
5363 475 1
5363 1507 1
5363 3615 1
5363 4484 1
5363 4367 1
5363 3811 1
5363 420 1
5363 4401 1
5363 3366 1
5363 2092 1
5363 2506 1
5363 2519 1
5363 4676 1
5363 3236 1
5363 3489 1
5363 844 1
5368 3670 1
5368 3498 1
5368 3196 1
5368 116 1
5368 3197 1
5368 157 1
5368 1499 1
5368 2151 1
5370 2092 1
5371 2092 1
5371 1540 1
5371 3999 1
5371 3972 1
5375 3569 1
5375 3399 1
5375 4086 1
5375 535 1
5375 637 1
5375 3160 1
5375 4449 1
5375 3197 1
5375 3450 1
5375 143 1
5375 3495 1
5375 2278 1
5379 1110 1
5379 3795 1
5379 2577 1
5382 4422 1
5382 475 1
5382 3197 1
5382 985 1
5382 3795 1
5382 1763 1
5383 2883 1
5383 1976 1
5387 4088 1
5387 1540 1
5387 4744 1
5387 2850 1
5387 67 1
5387 3530 1
5387 3498 1
5387 1332 1
5387 2410 1
5387 1886 1
5387 4114 1
5387 2730 1
5390 1780 1
5390 893 1
5390 2922 1
5390 4548 1
5390 146 1
5390 714 1
5390 4460 1
5390 3660 1
5390 27 1
5390 3196 1
5390 2416 1
5390 4345 1
5390 1829 1
5390 3615 1
5390 2577 1
5390 4485 1
5390 1503 1
5390 2364 1
5390 1354 1
5390 3567 1
5390 208 1
5390 4659 1
5390 4401 1
5390 3972 1
5390 1085 1
5390 2072 1
5390 4354 1
5390 267 1
5390 1835 1
5390 16 1
5390 493 1
5390 1763 1
5390 1039 1
5390 3534 1
5390 3971 1
5390 277 1
5391 1472 1
5391 3664 1
5391 930 1
5391 4023 1
5391 2554 1
5391 1591 1
5391 33 1
5391 2223 1
5391 4056 1
5391 1521 1
5391 1505 1
5391 1502 1
5391 2920 1
5391 2083 1
5391 169 1
5391 3241 1
5392 897 1
5392 1578 1
5392 337 1
5392 2484 1
5392 282 1
5392 4443 1
5392 4422 1
5392 2748 1
5392 816 1
5392 3197 1
5392 351 1
5392 535 1
5401 2577 1
5401 3864 1
5401 1839 1
5401 2041 1
5401 1104 1
5401 1773 1
5401 3840 1
5401 1203 1
5401 2846 1
5401 1117 1
5401 1540 1
5405 3241 1
5405 36 1
5405 4237 1
5405 2898 1
5405 4467 1
5405 2311 1
5405 2754 1
5405 4001 1
5406 1179 1
5406 3546 1
5406 1236 1
5406 2382 1
5406 189 1
5406 2956 1
5411 2342 1
5411 1773 1
5412 2023 1
5412 2577 1
5412 2448 1
5413 613 1
5413 416 1
5413 1803 1
5413 2474 1
5413 1502 1
5413 3541 1
5413 70 1
5421 3241 1
5421 2987 1
5421 1945 1
5421 4339 1
5421 1499 1
5424 4380 1
5424 2092 1
5424 3011 1
5425 4751 1
5429 4512 1
5429 2579 1
5429 115 1
5429 4561 1
5429 4266 1
5429 2094 1
5429 318 1
5429 1490 1
5429 2256 1
5429 2660 1
5429 475 1
5429 863 1
5429 1139 1
5429 667 1
5429 1686 1
5429 2681 1
5429 4072 1
5429 2484 1
5429 3196 1
5429 3841 1
5429 4579 1
5429 4484 1
5429 371 1
5429 4482 1
5429 480 1
5429 2365 1
5429 4549 1
5429 1646 1
5430 4059 1
5430 1750 1
5430 3837 1
5430 1013 1
5430 3109 1
5430 653 1
5430 1790 1
5430 1773 1
5430 4424 1
5430 326 1
5432 4467 1
5432 3274 1
5432 3615 1
5432 628 1
5438 887 1
5442 1578 1
5442 3406 1
5442 328 1
5442 2374 1
5442 1644 1
5442 1540 1
5442 3464 1
5442 3537 1
5442 3401 1
5442 3411 1
5442 4346 1
5442 2092 1
5442 2041 1
5442 1936 1
5444 1921 1
5444 191 1
5444 2092 1
5444 931 1
5444 2577 1
5444 1968 1
5444 370 1
5444 2048 1
5444 2657 1
5444 3385 1
5444 2993 1
5444 591 1
5444 782 1
5444 27 1
5444 838 1
5444 632 1
5444 3904 1
5444 378 1
5444 2126 1
5444 1268 1
5446 1825 1
5447 683 1
5447 3197 1
5452 748 1
5452 3118 1
5452 1818 1
5454 1608 1
5454 2883 1
5455 1954 1
5455 2148 1
5456 2730 1
5456 429 1
5456 4738 1
5456 2183 1
5456 1624 1
5461 3773 1
5461 187 1
5461 2039 1
5461 3009 1
5461 3400 1
5461 2683 1
5461 2920 1
5461 1117 1
5461 2036 1
5461 2149 1
5461 442 1
5461 161 1
5462 3469 1
5462 161 1
5464 456 1
5464 4422 1
5464 421 1
5464 3241 1
5464 364 1
5464 2484 1
5464 3986 1
5465 3837 1
5465 3308 1
5465 2305 1
5465 12 1
5465 4497 1
5465 29 1
5465 848 1
5465 4273 1
5465 4053 1
5465 1139 1
5465 1169 1
5465 4345 1
5465 1028 1
5465 3967 1
5465 1133 1
5465 4473 1
5465 1835 1
5465 3507 1
5465 2668 1
5465 1236 1
5465 3 1
5465 377 1
5465 1593 1
5465 4190 1
5465 2735 1
5465 2702 1
5465 1285 1
5465 3140 1
5465 2996 1
5465 1635 1
5465 1059 1
5465 4467 1
5465 1741 1
5465 2448 1
5465 2197 1
5465 631 1
5465 1536 1
5465 2382 1
5465 4409 1
5465 2223 1
5465 1848 1
5465 3562 1
5465 1211 1
5465 1779 1
5465 3513 1
5465 4360 1
5465 4663 1
5465 2954 1
5465 816 1
5465 3142 1
5467 3154 1
5471 2681 1
5474 628 1
5474 2305 1
5475 2382 1
5475 391 1
5475 350 1
5475 3156 1
5475 1041 1
5475 1575 1
5475 4523 1
5477 3406 1
5477 1699 1
5477 997 1
5477 2073 1
5477 3866 1
5477 359 1
5477 3064 1
5477 3669 1
5479 2577 1
5479 2730 1
5479 3740 1
5485 4036 1
5485 1122 1
5485 3967 1
5488 1179 1
5488 997 1
5488 626 1
5488 4466 1
5488 1902 1
5488 3376 1
5488 3507 1
5488 4122 1
5488 2577 1
5488 2340 1
5488 1540 1
5488 3154 1
5489 2477 1
5489 3967 1
5489 3562 1
5489 3873 1
5489 714 1
5489 3193 1
5489 3667 1
5489 4423 1
5489 2577 1
5489 4583 1
5489 1236 1
5489 2763 1
5489 3241 1
5489 2180 1
5489 2223 1
5489 2535 1
5489 4266 1
5491 2020 1
5495 2235 1
5495 2025 1
5495 2092 1
5495 1578 1
5495 3522 1
5495 4182 1
5496 4664 1
5496 4562 1
5496 265 1
5496 535 1
5496 4422 1
5496 2484 1
5496 2547 1
5500 360 1
5500 516 1
5500 3841 1
5500 2697 1
5500 2753 1
5500 3659 1
5500 2748 1
5500 1696 1
5500 1624 1
5500 4383 1
5500 1556 1
5500 3877 1
5500 4438 1
5500 2288 1
5500 3824 1
5500 2749 1
5500 3992 1
5500 495 1
5500 3000 1
5500 4138 1
5500 3917 1
5500 318 1
5500 3927 1
5500 3412 1
5500 3197 1
5500 4073 1
5500 2777 1
5500 3972 1
5501 540 1
5501 1236 1
5501 843 1
5501 325 1
5501 4542 1
5501 2697 1
5501 4054 1
5501 3196 1
5501 535 1
5501 206 1
5501 1139 1
5501 3498 1
5507 2148 1
5507 893 1
5507 4072 1
5507 3378 1
5507 3787 1
5507 2041 1
5508 2612 1
5508 838 1
5508 3334 1
5510 3787 1
5516 2763 1
5516 4692 1
5516 1542 1
5516 4422 1
5516 2375 1
5516 522 1
5516 2484 1
5516 27 1
5516 3300 1
5516 4001 1
5521 3462 1
5521 2956 1
5521 1540 1
5521 27 1
5521 2577 1
5521 2149 1
5521 2023 1
5521 3795 1
5521 906 1
5521 1954 1
5521 2730 1
5521 1763 1
5523 3652 1
5523 4422 1
5523 3787 1
5523 4615 1
5524 330 1
5524 2921 1
5524 2092 1
5524 3197 1
5525 4122 1
5525 3023 1
5525 4467 1
5525 1588 1
5525 4670 1
5525 2162 1
5525 2151 1
5525 3450 1
5525 4553 1
5525 1505 1
5525 2612 1
5525 3165 1
5525 4744 1
5525 1610 1
5525 3014 1
5525 3452 1
5525 1540 1
5525 4422 1
5525 337 1
5525 893 1
5525 3567 1
5525 4216 1
5525 4159 1
5525 1285 1
5525 3241 1
5525 628 1
5525 223 1
5525 1835 1
5525 2987 1
5525 2740 1
5525 46 1
5525 1600 1
5525 3534 1
5525 3972 1
5525 4548 1
5525 1218 1
5525 3667 1
5525 3291 1
5525 1763 1
5526 3298 1
5526 399 1
5526 3405 1
5526 554 1
5527 1763 1
5527 1999 1
5527 358 1
5527 3972 1
5528 2965 1
5528 949 1
5528 1996 1
5528 3693 1
5528 546 1
5529 1203 1
5529 4124 1
5529 2849 1
5529 1998 1
5529 1799 1
5529 3382 1
5529 4084 1
5529 3291 1
5529 3864 1
5529 2577 1
5529 4620 1
5529 2023 1
5529 3507 1
5529 1892 1
5529 1013 1
5529 1499 1
5529 3811 1
5529 421 1
5529 816 1
5529 2148 1
5529 990 1
5529 4422 1
5529 4021 1
5529 247 1
5529 2142 1
5529 4467 1
5529 3972 1
5529 1553 1
5529 2748 1
5529 808 1
5529 2351 1
5529 475 1
5529 1179 1
5529 1763 1
5529 2525 1
5531 2577 1
5531 1578 1
5531 1763 1
5532 3241 1
5536 4068 1
5536 3871 1
5536 616 1
5536 1338 1
5536 1348 1
5536 1999 1
5536 4401 1
5536 189 1
5536 2305 1
5536 4423 1
5536 1355 1
5536 417 1
5536 1954 1
5536 3534 1
5536 2092 1
5536 1578 1
5536 2342 1
5536 1168 1
5536 3153 1
5536 3954 1
5536 930 1
5536 4055 1
5536 3126 1
5536 3378 1
5536 3999 1
5536 4001 1
5536 4422 1
5536 3624 1
5536 1879 1
5536 1646 1
5536 2299 1
5536 3023 1
5536 3963 1
5536 1236 1
5536 4306 1
5536 187 1
5536 3489 1
5536 3196 1
5536 3638 1
5537 2092 1
5537 775 1
5537 1355 1
5537 1283 1
5537 1540 1
5537 4670 1
5537 2518 1
5537 4401 1
5537 1902 1
5537 3999 1
5537 161 1
5537 4562 1
5537 893 1
5537 1505 1
5537 857 1
5538 3652 1
5538 2367 1
5538 4767 1
5538 4073 1
5538 1610 1
5538 3194 1
5538 183 1
5538 997 1
5538 2813 1
5538 4072 1
5545 3546 1
5545 1373 1
5545 3972 1
5545 1601 1
5545 282 1
5545 3118 1
5545 3874 1
5545 1196 1
5545 3462 1
5545 3561 1
5545 4154 1
5545 4401 1
5545 1283 1
5545 838 1
5545 3994 1
5545 1802 1
5545 4140 1
5545 2697 1
5545 2875 1
5545 878 1
5545 3049 1
5545 3193 1
5545 3399 1
5545 4029 1
5545 4149 1
5545 546 1
5545 3385 1
5545 368 1
5545 4159 1
5545 1085 1
5545 4333 1
5545 3667 1
5545 2131 1
5545 1773 1
5545 2547 1
5545 3197 1
5545 3104 1
5545 2023 1
5545 247 1
5545 1616 1
5545 4459 1
5545 3478 1
5545 375 1
5545 177 1
5545 1902 1
5545 2484 1
5545 2105 1
5545 1750 1
5545 4023 1
5545 283 1
5545 3544 1
5545 1596 1
5545 498 1
5545 1446 1
5545 599 1
5545 583 1
5545 1096 1
5545 2059 1
5545 2981 1
5545 3787 1
5545 4000 1
5545 3752 1
5545 1179 1
5545 3246 1
5545 3267 1
5548 1917 1
5548 4009 1
5548 4511 1
5548 2577 1
5549 247 1
5549 1646 1
5549 1578 1
5549 3109 1
5549 4422 1
5549 930 1
5550 89 1
5550 1521 1
5550 1881 1
5550 1601 1
5550 4303 1
5550 207 1
5550 2529 1
5550 4213 1
5550 27 1
5550 82 1
5550 3507 1
5550 4496 1
5550 4019 1
5550 2153 1
5550 2142 1
5550 4021 1
5550 3854 1
5550 1935 1
5550 2105 1
5550 941 1
5550 2875 1
5550 1717 1
5550 4273 1
5550 2415 1
5550 4153 1
5550 2677 1
5550 931 1
5550 4266 1
5550 1902 1
5550 3307 1
5550 2657 1
5550 2457 1
5550 535 1
5550 3200 1
5550 3904 1
5550 3399 1
5550 4579 1
5550 2180 1
5550 2922 1
5550 2517 1
5550 1892 1
5550 1773 1
5550 488 1
5550 3145 1
5550 4508 1
5550 631 1
5550 1702 1
5550 3446 1
5550 2156 1
5550 3281 1
5550 282 1
5555 1835 1
5555 1763 1
5563 1780 1
5563 2092 1
5563 375 1
5565 3534 1
5565 3715 1
5565 4423 1
5565 3866 1
5565 304 1
5565 3455 1
5565 3999 1
5565 4548 1
5565 1016 1
5569 2729 1
5569 1548 1
5569 1064 1
5569 4703 1
5569 2556 1
5569 3362 1
5569 3762 1
5569 2069 1
5569 1196 1
5569 3049 1
5569 1564 1
5569 4011 1
5569 27 1
5569 399 1
5570 3795 1
5570 4422 1
5570 1960 1
5570 4443 1
5576 1108 1
5576 2683 1
5578 3329 1
5578 3241 1
5578 2697 1
5578 2577 1
5578 535 1
5580 2092 1
5580 3945 1
5591 3972 1
5591 1374 1
5591 3233 1
5591 4060 1
5592 3378 1
5593 4465 1
5593 651 1
5593 1702 1
5593 2664 1
5593 1489 1
5593 643 1
5593 1446 1
5593 169 1
5593 24 1
5593 1267 1
5593 814 1
5593 691 1
5597 4744 1
5602 1218 1
5602 2971 1
5602 45 1
5602 1072 1
5602 1116 1
5602 4173 1
5604 1575 1
5604 4076 1
5604 4250 1
5604 2519 1
5604 3291 1
5611 1752 1
5611 816 1
5611 4588 1
5611 3210 1
5611 78 1
5611 1179 1
5611 2908 1
5611 3498 1
5611 421 1
5611 2260 1
5611 658 1
5611 2151 1
5611 2159 1
5611 3561 1
5611 3197 1
5611 3281 1
5611 4303 1
5611 1760 1
5611 2061 1
5611 2577 1
5611 4195 1
5611 375 1
5611 999 1
5611 4467 1
5611 1635 1
5611 997 1
5611 3196 1
5611 1540 1
5611 282 1
5611 1759 1
5614 4659 1
5614 3795 1
5614 3489 1
5614 4072 1
5614 362 1
5614 3138 1
5614 2151 1
5614 3329 1
5614 4422 1
5614 375 1
5614 3615 1
5614 103 1
5614 3841 1
5614 4423 1
5614 1825 1
5614 765 1
5614 3164 1
5614 2305 1
5614 1077 1
5614 1085 1
5614 1811 1
5614 3126 1
5614 1835 1
5614 1105 1
5614 3197 1
5614 1699 1
5614 24 1
5615 3275 1
5615 1540 1
5616 1600 1
5616 2987 1
5616 1916 1
5616 2293 1
5616 4491 1
5616 1902 1
5616 2251 1
5616 4584 1
5616 1610 1
5616 3561 1
5616 4422 1
5616 997 1
5616 1041 1
5616 3197 1
5616 1578 1
5616 2092 1
5616 247 1
5616 1540 1
5616 2382 1
5616 2740 1
5616 816 1
5616 893 1
5616 4000 1
5616 535 1
5616 4670 1
5616 436 1
5616 4234 1
5616 1117 1
5616 3534 1
5619 1462 1
5619 3871 1
5619 2730 1
5619 429 1
5619 4122 1
5619 3376 1
5619 2071 1
5619 2342 1
5620 3912 1
5620 1073 1
5620 2660 1
5620 3507 1
5623 4086 1
5623 2558 1
5623 4306 1
5623 248 1
5623 2595 1
5623 622 1
5623 2517 1
5623 3464 1
5623 3966 1
5623 3582 1
5623 2273 1
5623 588 1
5628 4021 1
5628 2358 1
5628 3680 1
5628 3713 1
5628 1169 1
5628 2954 1
5628 2148 1
5635 2118 1
5635 2807 1
5635 146 1
5635 3742 1
5635 2873 1
5635 292 1
5635 419 1
5635 2657 1
5635 1865 1
5635 3987 1
5635 3537 1
5635 1960 1
5635 1196 1
5635 699 1
5635 3405 1
5635 4086 1
5637 2818 1
5637 3528 1
5637 1476 1
5637 4597 1
5637 4394 1
5637 673 1
5637 3865 1
5637 3952 1
5637 78 1
5637 3718 1
5637 2576 1
5637 775 1
5637 790 1
5637 2305 1
5637 3713 1
5637 1528 1
5637 2981 1
5637 1139 1
5637 396 1
5637 980 1
5637 997 1
5637 920 1
5637 4720 1
5637 272 1
5637 2740 1
5637 4705 1
5637 4663 1
5637 3196 1
5637 3373 1
5637 1354 1
5637 77 1
5637 3866 1
5637 2748 1
5637 3450 1
5637 3246 1
5637 3267 1
5637 3567 1
5637 2142 1
5637 1176 1
5637 3197 1
5637 1886 1
5637 2154 1
5642 2577 1
5642 3613 1
5642 3507 1
5642 223 1
5642 330 1
5646 714 1
5646 4422 1
5649 4122 1
5649 1505 1
5649 4422 1
5649 4670 1
5649 4401 1
5649 111 1
5649 1600 1
5649 816 1
5649 4000 1
5649 3866 1
5649 46 1
5649 1540 1
5649 2484 1
5649 3999 1
5649 2092 1
5649 4519 1
5649 3241 1
5649 256 1
5649 1621 1
5653 854 1
5653 3246 1
5653 2577 1
5653 1610 1
5653 4744 1
5653 3281 1
5653 1179 1
5653 535 1
5653 3507 1
5653 137 1
5653 1999 1
5653 4465 1
5653 3085 1
5653 4422 1
5653 2315 1
5654 4401 1
5654 2660 1
5654 997 1
5657 3241 1
5657 4562 1
5658 3372 1
5658 4423 1
5658 2092 1
5658 1763 1
5658 3241 1
5658 4148 1
5658 4670 1
5658 893 1
5658 1969 1
5658 24 1
5658 4401 1
5658 1203 1
5658 2577 1
5658 1566 1
5662 2234 1
5662 2602 1
5662 2881 1
5662 1905 1
5662 1969 1
5662 375 1
5662 765 1
5662 3963 1
5662 3859 1
5662 2475 1
5662 1236 1
5662 3439 1
5662 1954 1
5662 4401 1
5662 2342 1
5662 4339 1
5662 1303 1
5662 475 1
5662 4542 1
5662 2219 1
5662 3513 1
5663 436 1
5663 2092 1
5663 2408 1
5665 3795 1
5665 1999 1
5665 417 1
5665 2577 1
5667 1285 1
5669 1085 1
5669 4659 1
5669 3841 1
5669 377 1
5669 2748 1
5669 4072 1
5669 734 1
5669 1646 1
5669 2294 1
5669 1696 1
5669 3811 1
5669 2639 1
5669 1096 1
5669 4422 1
5669 2310 1
5669 1575 1
5669 535 1
5670 1593 1
5670 4594 1
5672 1702 1
5672 507 1
5672 4097 1
5672 202 1
5672 1811 1
5672 4659 1
5672 3578 1
5672 1578 1
5672 67 1
5672 3395 1
5672 4294 1
5672 27 1
5673 1375 1
5673 311 1
5673 833 1
5673 3116 1
5673 4739 1
5673 368 1
5673 1904 1
5673 1915 1
5673 2605 1
5673 4756 1
5673 1644 1
5673 3693 1
5673 3565 1
5673 1002 1
5673 591 1
5673 2520 1
5673 1780 1
5673 2069 1
5673 1652 1
5673 2542 1
5673 4498 1
5673 2479 1
5673 2820 1
5673 949 1
5673 1867 1
5673 2296 1
5673 2521 1
5673 782 1
5673 1196 1
5673 2126 1
5673 4282 1
5673 3514 1
5673 745 1
5673 1116 1
5673 786 1
5673 1794 1
5673 1865 1
5673 3360 1
5673 4640 1
5673 4311 1
5673 4173 1
5673 1821 1
5673 2946 1
5673 3567 1
5673 2965 1
5673 1506 1
5673 3460 1
5673 898 1
5673 1229 1
5673 1985 1
5673 248 1
5673 3488 1
5673 1582 1
5673 2674 1
5673 1771 1
5673 3103 1
5673 4589 1
5673 2706 1
5673 2037 1
5673 2334 1
5673 4324 1
5673 4684 1
5673 2938 1
5673 931 1
5673 3823 1
5673 4553 1
5673 27 1
5673 2046 1
5673 546 1
5673 760 1
5678 1582 1
5681 2219 1
5681 4423 1
5682 265 1
5682 1194 1
5682 4104 1
5682 2002 1
5682 4401 1
5682 330 1
5682 2763 1
5692 1954 1
5692 3534 1
5692 4122 1
5692 3866 1
5696 2787 1
5697 2612 1
5697 4485 1
5697 4401 1
5700 1665 1
5700 276 1
5700 527 1
5700 1395 1
5700 3613 1
5700 1610 1
5700 4213 1
5700 909 1
5700 3960 1
5700 4748 1
5700 4553 1
5700 1621 1
5700 2263 1
5700 3385 1
5700 2230 1
5700 2994 1
5700 267 1
5700 2540 1
5700 3839 1
5700 1072 1
5700 496 1
5700 1763 1
5700 3157 1
5700 4158 1
5700 1577 1
5700 282 1
5704 2577 1
5704 3569 1
5705 2092 1
5705 4584 1
5705 1540 1
5705 4122 1
5705 2051 1
5705 1122 1
5707 3452 1
5707 3999 1
5707 893 1
5707 1588 1
5707 4401 1
5707 3972 1
5707 2577 1
5707 4670 1
5707 2484 1
5707 4122 1
5707 3281 1
5707 568 1
5707 4548 1
5707 1359 1
5707 1179 1
5707 1340 1
5707 46 1
5707 3866 1
5707 3241 1
5709 1071 1
5709 111 1
5709 4159 1
5709 2382 1
5709 1179 1
5709 2763 1
5709 765 1
5709 3450 1
5709 1516 1
5709 337 1
5709 4663 1
5715 3534 1
5715 2092 1
5715 2402 1
5715 4401 1
5715 2577 1
5715 3196 1
5715 3241 1
5715 456 1
5715 1893 1
5715 1077 1
5715 2219 1
5715 2035 1
5717 456 1
5717 375 1
5717 4443 1
5717 1791 1
5717 371 1
5717 3760 1
5717 2595 1
5717 475 1
5717 2132 1
5717 1763 1
5717 3574 1
5717 4553 1
5717 4309 1
5717 3998 1
5717 3824 1
5717 4339 1
5717 2239 1
5717 1540 1
5717 4504 1
5717 4054 1
5717 522 1
5717 878 1
5717 378 1
5717 932 1
5717 2922 1
5717 2364 1
5717 4365 1
5717 2956 1
5717 1865 1
5717 4584 1
5717 384 1
5717 1952 1
5717 419 1
5717 4408 1
5717 282 1
5717 1207 1
5717 3105 1
5717 4115 1
5717 3338 1
5717 3567 1
5717 3160 1
5717 267 1
5718 1544 1
5723 1702 1
5723 2590 1
5724 3886 1
5725 46 1
5725 4422 1
5725 4021 1
5725 304 1
5725 2393 1
5725 4086 1
5725 3561 1
5725 4122 1
5725 3218 1
5725 3196 1
5725 2382 1
5725 2986 1
5725 2092 1
5725 4401 1
5725 934 1
5725 4548 1
5725 2030 1
5725 3770 1
5725 3835 1
5725 1603 1
5725 893 1
5725 663 1
5725 4482 1
5725 3486 1
5725 1179 1
5725 88 1
5725 2696 1
5725 2316 1
5725 3811 1
5725 1110 1
5725 1505 1
5725 1600 1
5725 1555 1
5725 1236 1
5725 1540 1
5725 487 1
5725 1121 1
5725 4345 1
5725 139 1
5725 2461 1
5725 1129 1
5725 3424 1
5725 4000 1
5725 1807 1
5725 3562 1
5725 2292 1
5725 3753 1
5725 3713 1
5725 1902 1
5725 3075 1
5725 1568 1
5725 1594 1
5725 1521 1
5725 2577 1
5725 3452 1
5725 4705 1
5725 77 1
5725 2752 1
5725 2484 1
5725 700 1
5725 4751 1
5725 144 1
5725 425 1
5725 4670 1
5725 1416 1
5725 210 1
5725 1514 1
5725 1254 1
5725 4261 1
5727 493 1
5727 4422 1
5727 2086 1
5727 4744 1
5727 997 1
5727 3196 1
5727 2748 1
5737 997 1
5737 2577 1
5737 2340 1
5737 2484 1
5737 417 1
5737 3281 1
5737 371 1
5737 2105 1
5737 3819 1
5744 3546 1
5744 3698 1
5744 493 1
5744 1105 1
5744 1236 1
5744 522 1
5744 4266 1
5744 3795 1
5744 535 1
5744 4670 1
5744 223 1
5744 2382 1
5744 46 1
5744 4159 1
5744 997 1
5744 3034 1
5744 802 1
5744 4122 1
5744 2697 1
5744 2954 1
5744 891 1
5744 1835 1
5744 4467 1
5744 475 1
5748 1902 1
5748 2956 1
5748 247 1
5748 24 1
5748 3999 1
5748 2092 1
5748 1540 1
5748 3291 1
5748 4548 1
5748 3241 1
5748 893 1
5748 1122 1
5748 2577 1
5748 1610 1
5748 1759 1
5748 4405 1
5748 4122 1
5748 2148 1
5748 1578 1
5748 2681 1
5748 4422 1
5750 4380 1
5750 436 1
5750 1373 1
5750 1540 1
5750 3507 1
5750 3714 1
5750 4423 1
5750 189 1
5750 92 1
5750 2578 1
5750 4401 1
5750 3967 1
5750 3378 1
5750 1835 1
5750 8 1
5750 2219 1
5750 24 1
5750 2092 1
5750 4122 1
5750 421 1
5750 2959 1
5750 1594 1
5750 4159 1
5750 4548 1
5750 4542 1
5750 4562 1
5750 4659 1
5750 3669 1
5750 2079 1
5750 4523 1
5750 2148 1
5753 2740 1
5753 4306 1
5753 4467 1
5753 3327 1
5753 535 1
5753 183 1
5757 4122 1
5757 2092 1
5761 1499 1
5761 4496 1
5761 3972 1
5763 290 1
5764 3902 1
5764 863 1
5764 1122 1
5764 2896 1
5764 2965 1
5764 1762 1
5764 1594 1
5764 470 1
5764 3897 1
5764 3196 1
5764 4332 1
5764 522 1
5764 1940 1
5764 4592 1
5764 4339 1
5764 3329 1
5764 2079 1
5766 2092 1
5770 3197 1
5770 2577 1
5770 2516 1
5770 1018 1
5770 352 1
5770 4021 1
5770 1135 1
5770 1697 1
5770 816 1
5770 720 1
5773 3740 1
5773 4103 1
5773 1359 1
5773 1285 1
5773 2351 1
5773 1436 1
5773 421 1
5780 3521 1
5780 2359 1
5780 1139 1
5780 137 1
5781 4380 1
5781 4548 1
5781 3866 1
5782 2921 1
5782 282 1
5782 1702 1
5782 191 1
5782 2956 1
5782 3434 1
5782 2849 1
5782 370 1
5782 4190 1
5782 833 1
5782 1700 1
5782 3298 1
5782 2577 1
5782 404 1
5782 419 1
5782 2018 1
5782 3795 1
5782 391 1
5782 1610 1
5782 1619 1
5782 120 1
5782 539 1
5782 4467 1
5782 2081 1
5782 3545 1
5782 1540 1
5782 3926 1
5782 878 1
5782 1771 1
5782 4553 1
5782 3200 1
5782 1780 1
5782 4053 1
5782 622 1
5782 521 1
5782 3357 1
5782 4422 1
5782 1321 1
5782 1375 1
5782 3824 1
5782 4043 1
5782 3883 1
5782 267 1
5782 2240 1
5782 1122 1
5782 2092 1
5782 3452 1
5782 3010 1
5782 3811 1
5782 208 1
5782 4254 1
5782 3667 1
5783 3414 1
5783 3567 1
5783 1540 1
5783 2148 1
5783 1350 1
5783 4422 1
5783 626 1
5783 3023 1
5783 2577 1
5783 662 1
5783 2685 1
5783 1218 1
5783 4744 1
5783 1366 1
5784 2617 1
5784 47 1
5784 1285 1
5784 2586 1
5784 997 1
5784 535 1
5784 859 1
5784 4339 1
5784 3196 1
5784 802 1
5784 4422 1
5784 637 1
5784 3713 1
5784 2031 1
5790 2920 1
5792 2617 1
5792 3294 1
5792 4405 1
5792 2257 1
5792 506 1
5792 4546 1
5792 1203 1
5792 4568 1
5792 336 1
5792 103 1
5792 2765 1
5792 2425 1
5792 1384 1
5792 139 1
5792 475 1
5792 434 1
5792 4445 1
5792 2864 1
5792 680 1
5792 4017 1
5792 114 1
5792 4087 1
5792 4467 1
5792 2382 1
5792 1417 1
5792 4122 1
5792 3881 1
5792 3246 1
5792 1267 1
5792 2957 1
5792 3665 1
5792 1862 1
5792 1182 1
5792 1328 1
5792 2358 1
5792 3056 1
5792 4222 1
5792 2236 1
5792 4623 1
5792 4461 1
5792 2645 1
5792 1193 1
5792 2158 1
5792 968 1
5792 2321 1
5792 2858 1
5792 247 1
5792 1885 1
5792 402 1
5792 4362 1
5792 1902 1
5792 2092 1
5792 1103 1
5792 3962 1
5792 859 1
5792 2575 1
5792 4277 1
5792 3564 1
5792 3993 1
5792 1763 1
5792 2926 1
5792 4745 1
5792 3320 1
5792 3175 1
5792 2233 1
5792 1603 1
5792 3013 1
5792 890 1
5792 1909 1
5792 3778 1
5795 362 1
5795 720 1
5795 3489 1
5795 3638 1
5795 1071 1
5795 3967 1
5795 3164 1
5795 4423 1
5795 1355 1
5795 2578 1
5795 4380 1
5795 1105 1
5795 3011 1
5795 350 1
5795 947 1
5795 2382 1
5795 2173 1
5795 1891 1
5795 4231 1
5795 24 1
5795 3714 1
5795 4068 1
5795 3857 1
5795 4206 1
5795 4542 1
5795 1200 1
5795 4401 1
5795 3459 1
5795 1169 1
5795 1566 1
5795 1540 1
5795 765 1
5795 1953 1
5795 3378 1
5795 2219 1
5795 3074 1
5795 2898 1
5795 4523 1
5795 3534 1
5795 3615 1
5796 3919 1
5798 715 1
5798 1122 1
5800 997 1
5800 4744 1
5801 4422 1
5801 2577 1
5801 535 1
5801 3154 1
5801 3246 1
5801 997 1
5801 1594 1
5801 1601 1
5801 1324 1
5801 1373 1
5801 375 1
5801 3669 1
5813 522 1
5813 2273 1
5813 4021 1
5813 399 1
5813 1094 1
5816 4524 1
5816 2039 1
5816 3197 1
5816 3154 1
5817 4114 1
5817 3464 1
5821 4584 1
5821 3740 1
5821 29 1
5821 3562 1
5821 3197 1
5821 2748 1
5821 4422 1
5821 3399 1
5821 4212 1
5826 3999 1
5826 1540 1
5826 3378 1
5826 1122 1
5827 4553 1
5827 3671 1
5827 1542 1
5827 1072 1
5827 4029 1
5827 1993 1
5827 3434 1
5827 11 1
5827 419 1
5827 2488 1
5827 2589 1
5827 2382 1
5827 208 1
5827 2132 1
5827 951 1
5827 3926 1
5827 1931 1
5827 1313 1
5827 3452 1
5827 2009 1
5827 375 1
5829 861 1
5829 1954 1
5829 4564 1
5829 1525 1
5829 475 1
5829 67 1
5829 671 1
5829 1306 1
5829 4028 1
5829 1218 1
5829 1122 1
5829 1824 1
5829 4125 1
5829 2730 1
5829 1540 1
5829 3507 1
5829 4122 1
5829 4061 1
5829 137 1
5829 2351 1
5829 3127 1
5829 1077 1
5833 4422 1
5833 2577 1
5833 1619 1
5833 1540 1
5836 433 1
5836 2655 1
5836 4422 1
5837 2681 1
5837 4160 1
5837 1999 1
5837 456 1
5837 3664 1
5837 4122 1
5837 985 1
5838 1105 1
5838 3241 1
5838 3740 1
5838 714 1
5838 4542 1
5838 4465 1
5838 4696 1
5838 3534 1
5838 1798 1
5838 3197 1
5838 2039 1
5840 3362 1
5840 1457 1
5840 399 1
5840 1855 1
5840 1072 1
5840 1318 1
5840 2577 1
5844 208 1
5844 1122 1
5844 46 1
5844 1540 1
5844 27 1
5845 1523 1
5845 4380 1
5845 3513 1
5845 4670 1
5845 4122 1
5845 4523 1
5845 2881 1
5847 1238 1
5847 3154 1
5847 1540 1
5847 2484 1
5847 1835 1
5847 560 1
5848 920 1
5848 4266 1
5848 714 1
5848 1610 1
5848 3652 1
5848 1540 1
5848 4021 1
5848 575 1
5854 4423 1
5854 2003 1
5854 2530 1
5854 1139 1
5854 2067 1
5860 2417 1
5860 2540 1
5860 2092 1
5860 2655 1
5860 2234 1
5860 3480 1
5860 1643 1
5860 2382 1
5860 4467 1
5860 562 1
5860 2308 1
5860 22 1
5860 3246 1
5860 4021 1
5860 3538 1
5860 2369 1
5860 2675 1
5860 1169 1
5860 4422 1
5860 4287 1
5860 2358 1
5860 2251 1
5860 522 1
5860 2761 1
5860 1610 1
5860 3564 1
5860 4134 1
5860 953 1
5860 2577 1
5860 282 1
5860 946 1
5860 3469 1
5860 2885 1
5860 1348 1
5860 1122 1
5863 3789 1
5863 3120 1
5866 375 1
5866 2873 1
5866 2105 1
5866 306 1
5866 542 1
5866 2922 1
5869 714 1
5869 760 1
5869 2987 1
5869 3864 1
5870 2070 1
5870 2577 1
5870 2730 1
5870 2969 1
5870 3196 1
5870 2372 1
5870 4481 1
5870 3489 1
5870 4670 1
5870 1835 1
5870 3241 1
5870 1954 1
5870 359 1
5870 493 1
5870 3154 1
5870 3329 1
5870 906 1
5870 3972 1
5870 2677 1
5872 3246 1
5872 1394 1
5872 2382 1
5872 3976 1
5873 1373 1
5873 634 1
5873 2536 1
5873 3831 1
5873 4160 1
5873 1822 1
5873 2577 1
5875 436 1
5878 1196 1
5878 833 1
5878 546 1
5879 420 1
5879 2382 1
5879 4159 1
5879 2867 1
5879 842 1
5879 1705 1
5879 1135 1
5879 4562 1
5879 997 1
5879 2061 1
5879 863 1
5879 4496 1
5879 3233 1
5879 4001 1
5879 2850 1
5879 2727 1
5879 4345 1
5886 3824 1
5886 2383 1
5886 247 1
5886 1179 1
5886 3713 1
5886 2484 1
5886 2382 1
5887 632 1
5887 3281 1
5887 3197 1
5887 898 1
5887 2748 1
5887 997 1
5887 3972 1
5888 3382 1
5888 721 1
5888 2468 1
5888 1578 1
5888 4541 1
5889 4511 1
5889 2342 1
5889 3378 1
5889 4523 1
5889 1954 1
5889 2092 1
5889 3135 1
5889 4401 1
5889 2578 1
5889 3401 1
5889 4475 1
5889 1759 1
5889 3713 1
5889 997 1
5889 765 1
5889 223 1
5889 3534 1
5889 4423 1
5889 1765 1
5889 2887 1
5889 3241 1
5889 24 1
5889 821 1
5889 3967 1
5889 4068 1
5889 2219 1
5889 375 1
5889 3638 1
5889 1071 1
5889 616 1
5889 893 1
5895 4122 1
5895 3859 1
5896 874 1
5896 4309 1
5896 3878 1
5896 3693 1
5896 666 1
5896 208 1
5896 2657 1
5896 521 1
5896 4477 1
5896 1530 1
5896 898 1
5896 2517 1
5897 1575 1
5897 4605 1
5897 1285 1
5897 1348 1
5897 4582 1
5897 3193 1
5899 1811 1
5899 2578 1
5899 888 1
5899 2503 1
5899 775 1
5899 997 1
5899 2123 1
5899 3562 1
5899 1869 1
5899 4024 1
5899 2148 1
5899 3735 1
5899 1691 1
5899 2362 1
5899 2969 1
5901 4401 1
5901 1540 1
5901 3241 1
5902 27 1
5902 3196 1
5903 4503 1
5903 375 1
5903 3154 1
5903 631 1
5903 608 1
5903 1892 1
5903 1390 1
5905 2101 1
5905 930 1
5905 4619 1
5905 2733 1
5905 1499 1
5905 3522 1
5906 1621 1
5906 3241 1
5906 4401 1
5906 1170 1
5906 3567 1
5906 3866 1
5906 1096 1
5906 628 1
5907 1578 1
5907 2578 1
5907 3713 1
5907 3534 1
5907 3714 1
5907 389 1
5907 3967 1
5907 2219 1
5907 1303 1
5907 4519 1
5907 2273 1
5907 2148 1
5907 1540 1
5907 2122 1
5913 3144 1
5913 282 1
5913 4373 1
5913 2143 1
5913 1150 1
5913 688 1
5913 4682 1
5913 1236 1
5913 1122 1
5913 308 1
5913 2328 1
5913 4295 1
5913 2920 1
5913 3878 1
5914 4246 1
5914 3903 1
5914 3197 1
5914 3254 1
5914 2866 1
5914 3233 1
5914 1139 1
5914 2023 1
5914 628 1
5914 2920 1
5914 1835 1
5914 2251 1
5914 3783 1
5914 3943 1
5920 3871 1
5920 4000 1
5920 3075 1
5920 2092 1
5920 1077 1
5920 3241 1
5921 1540 1
5921 1355 1
5921 3241 1
5921 375 1
5921 1902 1
5921 3863 1
5921 4401 1
5923 4302 1
5923 1077 1
5923 1945 1
5923 3233 1
5923 33 1
5923 442 1
5923 2921 1
5923 350 1
5923 2275 1
5923 3610 1
5924 3877 1
5924 3646 1
5924 1507 1
5934 4467 1
5935 2577 1
5942 4690 1
5942 4460 1
5942 3109 1
5942 4422 1
5942 4104 1
5942 4153 1
5942 3932 1
5942 2677 1
5942 3241 1
5942 4511 1
5942 4548 1
5942 1096 1
5942 1553 1
5942 2305 1
5942 4129 1
5942 2740 1
5942 4067 1
5942 2159 1
5942 997 1
5942 4237 1
5942 2987 1
5942 4055 1
5942 3534 1
5942 769 1
5942 2822 1
5942 3897 1
5942 4567 1
5942 1444 1
5943 3878 1
5943 4086 1
5943 358 1
5943 1116 1
5944 2305 1
5944 2740 1
5944 3196 1
5944 2251 1
5946 4309 1
5946 2193 1
5946 4146 1
5946 3214 1
5946 2092 1
5946 3450 1
5946 464 1
5947 930 1
5947 4422 1
5947 1853 1
5947 1706 1
5947 1578 1
5947 4266 1
5951 3064 1
5951 1505 1
5951 1179 1
5951 1723 1
5951 3378 1
5951 990 1
5951 4306 1
5951 3138 1
5951 286 1
5951 4422 1
5951 67 1
5951 132 1
5951 842 1
5951 1201 1
5951 4065 1
5951 3329 1
5951 1610 1
5954 475 1
5954 4021 1
5954 3055 1
5954 4339 1
5954 3241 1
5954 2358 1
5954 2013 1
5954 1236 1
5954 3522 1
5954 3653 1
5960 3075 1
5960 3562 1
5964 2633 1
5964 941 1
5965 3817 1
5969 3242 1
5969 3562 1
5973 4614 1
5973 3498 1
5973 3899 1
5973 4470 1
5973 2987 1
5973 4059 1
5973 2343 1
5973 1445 1
5973 148 1
5973 3747 1
5973 78 1
5973 3930 1
5973 2763 1
5973 1218 1
5973 4516 1
5973 4222 1
5973 997 1
5973 3196 1
5973 400 1
5973 256 1
5973 4744 1
5973 4013 1
5973 2753 1
5973 2563 1
5973 3467 1
5973 1603 1
5973 4001 1
5973 436 1
5973 1013 1
5973 3300 1
5973 3866 1
5973 4339 1
5973 2697 1
5973 821 1
5974 893 1
5974 3241 1
5974 4401 1
5974 4422 1
5974 1892 1
5974 3714 1
5975 1238 1
5975 2234 1
5975 2987 1
5975 997 1
5975 4755 1
5975 3536 1
5975 4394 1
5975 2092 1
5975 4422 1
5975 1179 1
5981 571 1
5981 1780 1
5981 1540 1
5981 4102 1
5983 2577 1
5983 1492 1
5983 1047 1
5983 2127 1
5983 1122 1
5983 2185 1
5983 4179 1
5987 893 1
5987 1540 1
5987 1502 1
5987 3464 1
5987 4401 1
5987 3378 1
5987 4422 1
5987 3787 1
5987 2740 1
5987 3740 1
5987 3267 1
5987 1224 1
5987 3534 1
5987 3525 1
5987 4548 1
5987 3197 1
5987 3866 1
5987 2920 1
5987 1763 1
5987 1348 1
5987 1986 1
5987 814 1
5987 169 1
5987 2577 1
5987 2173 1
5987 417 1
5987 3972 1
5987 1650 1
5987 1624 1
5987 1954 1
5987 1122 1
5987 1012 1
5987 2542 1
5987 29 1
5987 1105 1
5987 2921 1
5987 4576 1
5988 765 1
5988 2881 1
5988 24 1
5990 2947 1
5990 1242 1
5990 3687 1
5990 3126 1
5990 1169 1
5990 1506 1
5990 3246 1
5990 358 1
5990 1493 1
5990 3999 1
5990 3101 1
5990 3142 1
5992 3507 1
5996 1071 1
5996 3876 1
5996 3241 1
5996 1594 1
5996 3614 1
5996 1699 1
5996 742 1
5996 2884 1
5996 1775 1
5996 314 1
5996 3291 1
5996 65 1
5996 3759 1
5996 3246 1
5996 24 1
5996 2443 1
5996 4085 1
5997 1600 1
5997 4562 1
5997 4122 1
5997 77 1
5997 2484 1
5997 4547 1
5997 1117 1
5997 3837 1
5997 1736 1
5997 3593 1
5997 3498 1
5997 1540 1
5997 2092 1
5997 4345 1
5997 4548 1
5997 3218 1
5997 341 1
5997 4459 1
5997 3866 1
5997 3706 1
5997 893 1
5997 3999 1
5997 3241 1
5997 3790 1
5998 2340 1
6001 4401 1
6001 3967 1
6001 2273 1
6001 358 1
6003 2654 1
6003 3871 1
6003 2484 1
6003 3329 1
6003 27 1
6004 1624 1
6004 1879 1
6004 3375 1
6004 3175 1
6004 790 1
6004 3566 1
6004 1835 1
6004 3534 1
6004 3866 1
6004 1505 1
6004 997 1
6004 1724 1
6004 1578 1
6004 2159 1
6008 3160 1
6008 378 1
6008 838 1
6011 2920 1
6011 9 1
6011 458 1
6011 4467 1
6011 4405 1
6012 1540 1
6012 3546 1
6012 1774 1
6012 359 1
6012 1699 1
6012 324 1
6012 421 1
6015 429 1
6015 375 1
6015 3735 1
6015 4302 1
6015 2382 1
6015 2993 1
6015 2358 1
6015 4605 1
6015 4159 1
6015 421 1
6015 3291 1
6015 1540 1
6016 1252 1
6016 765 1
6016 348 1
6016 3759 1
6016 4642 1
6016 2573 1
6016 1879 1
6016 2730 1
6016 1472 1
6016 2880 1
6016 117 1
6016 2747 1
6016 4513 1
6016 4542 1
6016 1122 1
6016 3024 1
6016 3489 1
6016 2748 1
6016 3241 1
6016 821 1
6016 1135 1
6016 2187 1
6016 4063 1
6016 4523 1
6016 429 1
6016 2219 1
6016 2947 1
6016 4206 1
6016 3196 1
6016 3217 1
6016 3274 1
6016 3606 1
6016 8 1
6016 2342 1
6016 714 1
6016 4104 1
6016 44 1
6016 1954 1
6016 4072 1
6016 1953 1
6016 3378 1
6016 1523 1
6016 3840 1
6016 1624 1
6016 3667 1
6016 4424 1
6016 2051 1
6016 4231 1
6016 4068 1
6016 4117 1
6016 4339 1
6016 3454 1
6016 1759 1
6016 4422 1
6016 4423 1
6016 3999 1
6016 1955 1
6016 1412 1
6016 891 1
6016 378 1
6016 2998 1
6016 3534 1
6016 569 1
6016 2148 1
6016 3393 1
6016 67 1
6016 4460 1
6016 2105 1
6016 1071 1
6016 2279 1
6019 2530 1
6019 3615 1
6019 2039 1
6021 4139 1
6021 4670 1
6021 3180 1
6021 4010 1
6021 1566 1
6021 4422 1
6021 1849 1
6021 2382 1
6021 1160 1
6026 3534 1
6026 4000 1
6026 2618 1
6026 3714 1
6026 3871 1
6026 1513 1
6026 487 1
6026 3075 1
6026 484 1
6026 4562 1
6026 4036 1
6026 4380 1
6027 1179 1
6027 2577 1
6030 4306 1
6030 2148 1
6030 1699 1
6030 3065 1
6030 3241 1
6030 3245 1
6030 3714 1
6030 3999 1
6031 3885 1
6031 1016 1
6031 2577 1
6031 810 1
6031 2159 1
6031 3018 1
6031 2878 1
6031 2051 1
6031 4447 1
6031 720 1
6031 631 1
6031 4631 1
6031 3154 1
6031 1744 1
6031 4000 1
6031 4751 1
6031 3269 1
6031 4594 1
6031 169 1
6031 2321 1
6031 774 1
6031 981 1
6031 304 1
6031 1540 1
6031 1476 1
6031 3104 1
6031 1621 1
6031 4380 1
6031 4606 1
6031 1121 1
6031 4754 1
6031 4122 1
6031 1013 1
6031 18 1
6031 4280 1
6031 2149 1
6031 1505 1
6031 633 1
6031 3787 1
6031 2484 1
6031 2920 1
6033 4422 1
6033 2362 1
6036 2148 1
6036 1578 1
6036 223 1
6036 493 1
6036 2987 1
6036 3291 1
6036 2305 1
6036 375 1
6036 3606 1
6036 436 1
6036 906 1
6036 3399 1
6036 3516 1
6036 816 1
6036 3562 1
6036 1540 1
6036 4366 1
6036 3843 1
6036 3934 1
6039 1186 1
6039 2478 1
6039 3275 1
6039 2969 1
6039 2639 1
6039 24 1
6039 1007 1
6039 1163 1
6039 3171 1
6039 93 1
6039 358 1
6039 3464 1
6039 99 1
6039 39 1
6039 3145 1
6039 4503 1
6039 1368 1
6039 3450 1
6039 4036 1
6039 616 1
6039 1898 1
6039 375 1
6039 941 1
6039 592 1
6039 1118 1
6039 3246 1
6039 4519 1
6039 3300 1
6039 3335 1
6039 237 1
6039 4496 1
6039 2043 1
6039 4744 1
6039 290 1
6039 4706 1
6039 1373 1
6039 4159 1
6039 1499 1
6039 2385 1
6039 556 1
6039 4422 1
6039 4727 1
6039 4465 1
6039 3329 1
6039 985 1
6039 1348 1
6039 73 1
6039 4333 1
6039 3667 1
6039 2883 1
6039 1775 1
6039 653 1
6039 4459 1
6039 4346 1
6039 329 1
6039 1506 1
6039 0 1
6039 3241 1
6039 1135 1
6039 3546 1
6039 2659 1
6039 1110 1
6039 1835 1
6039 2024 1
6039 3133 1
6039 3019 1
6043 4636 1
6043 4401 1
6043 2530 1
6043 3241 1
6044 2956 1
6044 3197 1
6044 3831 1
6044 2092 1
6044 3399 1
6044 4744 1
6044 3329 1
6044 1053 1
6044 2678 1
6044 3953 1
6044 816 1
6044 4427 1
6050 4021 1
6050 3759 1
6050 95 1
6050 278 1
6050 4473 1
6050 3714 1
6050 2172 1
6050 2301 1
6050 3530 1
6050 2113 1
6050 1641 1
6050 2443 1
6050 4423 1
6051 4467 1
6051 1610 1
6051 404 1
6051 267 1
6051 4553 1
6051 4254 1
6051 4444 1
6051 1780 1
6055 1594 1
6055 2349 1
6055 2677 1
6055 3197 1
6055 3373 1
6055 2092 1
6055 3544 1
6055 3403 1
6055 3308 1
6055 3267 1
6055 4422 1
6055 1046 1
6055 3967 1
6055 3467 1
6055 2771 1
6055 4769 1
6055 4190 1
6055 658 1
6055 1929 1
6055 3536 1
6055 2341 1
6055 2041 1
6055 1077 1
6055 1373 1
6055 336 1
6055 304 1
6055 2921 1
6055 652 1
6055 1601 1
6055 1139 1
6055 3009 1
6055 530 1
6055 1369 1
6055 1612 1
6055 2039 1
6055 166 1
6055 2763 1
6055 1760 1
6055 3175 1
6055 651 1
6055 2748 1
6055 2029 1
6055 1135 1
6055 4159 1
6055 3740 1
6055 3109 1
6055 1544 1
6055 223 1
6055 3871 1
6055 2051 1
6055 1285 1
6055 997 1
6055 1012 1
6055 3196 1
6055 4467 1
6055 3664 1
6055 326 1
6055 2083 1
6055 2218 1
6055 3399 1
6055 4244 1
6055 3498 1
6055 930 1
6055 4584 1
6055 4320 1
6055 774 1
6055 683 1
6055 816 1
6055 2031 1
6055 1566 1
6057 4685 1
6057 2269 1
6057 3049 1
6057 4043 1
6057 4553 1
6057 3446 1
6057 627 1
6057 419 1
6057 4086 1
6057 1761 1
6057 1829 1
6057 388 1
6057 3160 1
6057 292 1
6057 4097 1
6057 3749 1
6057 1542 1
6061 1945 1
6061 1531 1
6065 874 1
6065 9 1
6065 760 1
6065 1865 1
6065 4324 1
6065 4485 1
6066 4380 1
6066 631 1
6066 2187 1
6067 2105 1
6067 3329 1
6067 4214 1
6067 1540 1
6067 1218 1
6067 4416 1
6067 3330 1
6067 1313 1
6067 4553 1
6067 3452 1
6067 4021 1
6067 2382 1
6067 2014 1
6067 1196 1
6067 282 1
6067 2532 1
6067 378 1
6067 4024 1
6071 985 1
6071 2173 1
6071 4339 1
6071 3378 1
6071 645 1
6071 417 1
6071 2161 1
6071 1128 1
6071 1576 1
6071 3934 1
6071 359 1
6074 421 1
6074 1835 1
6074 378 1
6074 1122 1
6074 605 1
6074 1110 1
6074 3972 1
6074 4005 1
6074 3546 1
6074 2131 1
6075 1578 1
6075 247 1
6075 2311 1
6075 1958 1
6075 2730 1
6075 1122 1
6075 720 1
6075 2240 1
6075 2251 1
6075 1540 1
6075 337 1
6075 3601 1
6075 590 1
6075 1722 1
6075 256 1
6075 4674 1
6075 1544 1
6075 4122 1
6075 4054 1
6075 3021 1
6075 2315 1
6075 1218 1
6075 2987 1
6075 4306 1
6075 3426 1
6075 893 1
6075 3795 1
6075 1950 1
6075 1619 1
6075 3912 1
6075 4670 1
6075 522 1
6075 2943 1
6079 4523 1
6079 169 1
6079 378 1
6079 3246 1
6081 3164 1
6082 3241 1
6082 893 1
6082 4670 1
6083 4548 1
6083 2577 1
6084 1566 1
6084 790 1
6084 1067 1
6087 2577 1
6087 3489 1
6089 3543 1
6089 2308 1
6089 997 1
6089 2362 1
6089 4670 1
6090 1373 1
6090 3373 1
6093 2577 1
6093 2219 1
6093 2163 1
6093 3329 1
6093 1113 1
6093 517 1
6093 4345 1
6095 2292 1
6095 4422 1
6095 2753 1
6100 4325 1
6100 4452 1
6100 3035 1
6100 838 1
6100 3693 1
6100 2820 1
6100 1002 1
6100 311 1
6100 1985 1
6100 2751 1
6100 1115 1
6100 1756 1
6100 1375 1
6100 4498 1
6100 931 1
6100 882 1
6100 2577 1
6100 1203 1
6100 1960 1
6100 4444 1
6100 786 1
6100 1506 1
6100 45 1
6100 3046 1
6100 2965 1
6100 1777 1
6100 3635 1
6100 1915 1
6100 2873 1
6100 2542 1
6100 595 1
6100 4715 1
6100 4478 1
6100 1818 1
6100 27 1
6100 4545 1
6100 368 1
6100 4035 1
6100 4665 1
6100 1069 1
6100 3166 1
6100 949 1
6100 4052 1
6100 1883 1
6100 1996 1
6100 2807 1
6100 4235 1
6100 2752 1
6103 1505 1
6103 1077 1
6103 941 1
6103 1492 1
6103 4401 1
6103 3714 1
6103 720 1
6103 2159 1
6103 3384 1
6103 4335 1
6103 4399 1
6103 1286 1
6103 3203 1
6103 1945 1
6103 1729 1
6103 3837 1
6103 2131 1
6103 1437 1
6103 2332 1
6103 816 1
6103 2773 1
6104 1646 1
6104 1869 1
6104 2159 1
6104 1954 1
6104 67 1
6109 247 1
6109 4422 1
6109 2092 1
6109 2514 1
6110 997 1
6110 4465 1
6110 522 1
6110 2577 1
6111 3450 1
6111 4548 1
6113 97 1
6113 44 1
6113 1348 1
6113 1853 1
6113 522 1
6113 1566 1
6113 2104 1
6113 3667 1
6113 1022 1
6113 78 1
6113 2153 1
6113 1635 1
6113 2358 1
6113 3562 1
6113 3268 1
6113 3144 1
6113 2306 1
6113 2382 1
6113 2822 1
6113 4021 1
6113 4389 1
6113 24 1
6113 40 1
6113 4030 1
6113 2305 1
6113 475 1
6113 3447 1
6113 3197 1
6113 3569 1
6113 4509 1
6113 326 1
6113 2697 1
6113 535 1
6113 3152 1
6113 94 1
6113 1285 1
6113 132 1
6113 493 1
6117 4206 1
6117 2385 1
6117 4401 1
6120 1540 1
6120 4670 1
6120 1954 1
6120 3507 1
6120 3562 1
6120 4001 1
6120 2396 1
6120 1594 1
6120 1122 1
6121 4401 1
6121 3197 1
6121 4440 1
6121 3210 1
6121 4576 1
6121 4430 1
6121 4386 1
6121 1650 1
6121 3192 1
6121 1241 1
6121 3920 1
6121 2822 1
6121 1014 1
6121 2579 1
6121 2868 1
6121 94 1
6121 1502 1
6121 658 1
6121 1170 1
6121 1760 1
6121 2531 1
6121 3888 1
6121 2092 1
6121 1624 1
6121 4714 1
6121 3836 1
6121 1612 1
6121 1678 1
6121 2909 1
6121 1853 1
6121 3221 1
6123 2530 1
6123 3366 1
6123 765 1
6125 1614 1
6125 2254 1
6125 1537 1
6125 483 1
6125 1021 1
6125 619 1
6125 3562 1
6125 1467 1
6125 2577 1
6125 589 1
6126 24 1
6126 4744 1
6133 3525 1
6133 1118 1
6133 3660 1
6133 2275 1
6133 2299 1
6133 869 1
6133 947 1
6133 1110 1
6133 2402 1
6133 1464 1
6133 326 1
6133 1130 1
6133 3378 1
6133 3444 1
6133 4460 1
6133 4647 1
6133 4306 1
6133 1105 1
6133 4548 1
6133 3065 1
6133 801 1
6133 74 1
6133 893 1
6133 2173 1
6133 4523 1
6133 765 1
6133 1071 1
6133 3205 1
6133 1954 1
6133 2469 1
6133 4542 1
6133 1502 1
6133 1955 1
6133 3615 1
6133 1401 1
6133 2083 1
6133 2342 1
6133 4418 1
6133 3459 1
6133 4426 1
6133 1803 1
6133 350 1
6133 2881 1
6133 4286 1
6133 2321 1
6133 4401 1
6133 2131 1
6133 362 1
6133 4072 1
6133 3740 1
6133 3638 1
6133 3230 1
6133 2391 1
6133 4434 1
6133 4231 1
6133 2092 1
6133 1077 1
6133 3871 1
6133 79 1
6133 3401 1
6133 4178 1
6133 393 1
6133 1891 1
6133 1194 1
6133 3366 1
6133 3131 1
6133 3455 1
6133 2073 1
6133 3009 1
6135 350 1
6135 3233 1
6138 1193 1
6138 1773 1
6138 2722 1
6138 4422 1
6138 3639 1
6138 3543 1
6138 3171 1
6138 313 1
6141 67 1
6141 4422 1
6141 2311 1
6141 282 1
6141 436 1
6141 586 1
6141 4553 1
6151 3281 1
6151 3105 1
6151 4319 1
6152 4690 1
6152 3285 1
6152 4339 1
6152 3567 1
6152 930 1
6152 3291 1
6152 774 1
6152 4605 1
6152 4236 1
6152 3667 1
6154 132 1
6154 4422 1
6154 2577 1
6154 4339 1
6159 3452 1
6159 487 1
6160 3714 1
6160 838 1
6160 1769 1
6160 221 1
6160 833 1
6160 2382 1
6160 1780 1
6160 3450 1
6160 378 1
6160 4213 1
6161 3291 1
6161 1610 1
6161 3241 1
6161 3324 1
6161 893 1
6165 1540 1
6165 4308 1
6167 2219 1
6168 3241 1
6168 2996 1
6168 3972 1
6168 2681 1
6168 2773 1
6168 4422 1
6168 1077 1
6168 4072 1
6168 3534 1
6168 2148 1
6168 4345 1
6168 4751 1
6170 2577 1
6170 2176 1
6170 3241 1
6170 4051 1
6170 1761 1
6170 95 1
6170 1540 1
6170 4083 1
6170 3574 1
6170 1179 1
6170 3329 1
6175 1122 1
6178 535 1
6178 2321 1
6178 3824 1
6178 2092 1
6179 242 1
6179 2577 1
6179 997 1
6179 3450 1
6179 1601 1
6179 3952 1
6179 2382 1
6179 2092 1
6179 3543 1
6179 4079 1
6180 1389 1
6185 906 1
6185 421 1
6185 350 1
6185 2612 1
6185 1619 1
6185 2092 1
6185 2577 1
6185 4670 1
6185 3450 1
6187 3488 1
6188 247 1
6188 1594 1
6188 3904 1
6188 1835 1
6188 375 1
6190 67 1
6190 1610 1
6190 2382 1
6190 2612 1
6191 3012 1
6191 3667 1
6191 4475 1
6191 3522 1
6191 3572 1
6191 4266 1
6191 4422 1
6200 941 1
6200 3513 1
6200 399 1
6200 152 1
6200 352 1
6200 350 1
6200 343 1
6201 3196 1
6201 2770 1
6201 941 1
6201 1179 1
6201 4467 1
6201 244 1
6201 899 1
6201 3246 1
6201 3138 1
6201 2418 1
6201 4486 1
6201 3353 1
6201 4099 1
6205 1016 1
6205 502 1
6205 2573 1
6205 3456 1
6205 893 1
6205 4401 1
6205 3241 1
6205 1540 1
6205 633 1
6205 2920 1
6205 3866 1
6208 4515 1
6208 45 1
6208 2069 1
6208 498 1
6208 4026 1
6208 3321 1
6208 370 1
6208 1960 1
6208 3432 1
6208 328 1
6208 4589 1
6208 2992 1
6208 897 1
6208 1871 1
6208 833 1
6208 3446 1
6208 1196 1
6208 4324 1
6208 755 1
6208 2814 1
6208 2082 1
6208 1764 1
6208 2866 1
6208 2542 1
6208 2521 1
6208 367 1
6208 1883 1
6210 2018 1
6210 417 1
6210 3872 1
6210 522 1
6210 1540 1
6210 3654 1
6210 3795 1
6210 1958 1
6210 4422 1
6210 3824 1
6210 4192 1
6210 4089 1
6210 2280 1
6210 1763 1
6214 3595 1
6214 3316 1
6214 1506 1
6214 2037 1
6214 3998 1
6214 2542 1
6214 1252 1
6214 633 1
6214 2619 1
6214 201 1
6214 3748 1
6214 9 1
6214 3863 1
6214 4086 1
6214 1706 1
6214 417 1
6214 2521 1
6214 1540 1
6214 509 1
6214 223 1
6214 3247 1
6214 2092 1
6214 1181 1
6214 3126 1
6214 1196 1
6214 4309 1
6214 3446 1
6214 292 1
6214 4519 1
6214 1763 1
6214 3021 1
6214 2922 1
6214 3280 1
6214 464 1
6214 3824 1
6214 2082 1
6214 2375 1
6214 2044 1
6214 2838 1
6214 3261 1
6214 782 1
6214 527 1
6214 3452 1
6214 2484 1
6214 874 1
6214 119 1
6214 1821 1
6214 4498 1
6214 2039 1
6214 1126 1
6214 2203 1
6214 4213 1
6214 577 1
6214 2340 1
6214 2120 1
6214 833 1
6214 3461 1
6214 755 1
6214 3104 1
6214 2069 1
6215 1825 1
6215 3489 1
6215 3376 1
6215 3267 1
6215 765 1
6215 3534 1
6215 350 1
6215 3667 1
6215 1077 1
6215 475 1
6218 2577 1
6218 1122 1
6218 1601 1
6218 2059 1
6218 1835 1
6218 1179 1
6218 3309 1
6218 4159 1
6218 247 1
6218 3259 1
6218 2092 1
6218 997 1
6218 3713 1
6218 1157 1
6218 4303 1
6218 326 1
6218 375 1
6218 4105 1
6218 1594 1
6218 2273 1
6218 2305 1
6218 3866 1
6218 2159 1
6218 2782 1
6218 1252 1
6218 3399 1
6219 1594 1
6219 3795 1
6219 3629 1
6219 1110 1
6219 893 1
6219 1122 1
6219 2577 1
6222 1540 1
6222 4475 1
6222 1169 1
6222 371 1
6222 2748 1
6222 3972 1
6222 522 1
6222 1122 1
6222 868 1
6222 535 1
6222 1525 1
6222 1958 1
6222 3967 1
6222 1835 1
6222 4061 1
6222 671 1
6222 2577 1
6222 2311 1
6222 3837 1
6224 3450 1
6224 421 1
6224 4339 1
6224 2697 1
6224 2577 1
6225 3710 1
6225 353 1
6225 2196 1
6225 4690 1
6225 562 1
6225 1604 1
6225 616 1
6225 2996 1
6225 4720 1
6225 2057 1
6227 2657 1
6227 3753 1
6227 2608 1
6227 3072 1
6230 3197 1
6233 1492 1
6233 1284 1
6233 3399 1
6233 2112 1
6235 3426 1
6235 1835 1
6235 4744 1
6235 985 1
6235 3856 1
6235 535 1
6235 3999 1
6235 2577 1
6235 256 1
6235 2573 1
6235 1610 1
6235 3291 1
6235 691 1
6235 2153 1
6235 906 1
6235 3329 1
6235 2382 1
6235 3044 1
6235 3534 1
6240 3273 1
6240 2446 1
6240 4097 1
6240 931 1
6241 4493 1
6241 4545 1
6243 3197 1
6243 662 1
6243 4670 1
6243 3605 1
6243 1610 1
6243 1112 1
6243 1540 1
6243 755 1
6243 56 1
6243 1600 1
6243 3105 1
6243 2484 1
6243 997 1
6243 4422 1
6243 2375 1
6246 1105 1
6246 1954 1
6246 535 1
6247 1540 1
6247 421 1
6247 1624 1
6247 2577 1
6247 1699 1
6247 4127 1
6247 463 1
6247 4302 1
6247 24 1
6247 3857 1
6247 2617 1
6247 2921 1
6247 3034 1
6247 2527 1
6247 189 1
6249 2777 1
6251 2273 1
6251 3896 1
6251 1351 1
6251 16 1
6251 1540 1
6254 972 1
6254 997 1
6254 1135 1
6254 2219 1
6254 3145 1
6254 1067 1
6254 2173 1
6254 2136 1
6254 1324 1
6254 1507 1
6254 1999 1
6254 4422 1
6254 759 1
6254 1561 1
6254 4584 1
6254 3569 1
6254 2142 1
6254 336 1
6254 1646 1
6254 3972 1
6254 1127 1
6254 3495 1
6254 123 1
6254 4423 1
6254 3197 1
6254 291 1
6254 3726 1
6254 4111 1
6254 3871 1
6254 74 1
6254 4092 1
6254 4611 1
6254 1348 1
6254 152 1
6254 1439 1
6254 3464 1
6254 4114 1
6254 3467 1
6254 1586 1
6254 2041 1
6254 4492 1
6254 2604 1
6254 3952 1
6254 2748 1
6254 3246 1
6254 4122 1
6254 48 1
6254 2881 1
6254 3829 1
6254 3196 1
6254 3540 1
6254 3109 1
6254 3378 1
6254 2059 1
6254 4068 1
6254 4339 1
6254 4001 1
6254 616 1
6254 4080 1
6254 989 1
6254 3393 1
6254 2342 1
6254 2740 1
6254 1499 1
6254 1799 1
6254 4690 1
6254 2305 1
6254 1575 1
6254 4296 1
6254 434 1
6255 535 1
6255 4748 1
6255 1727 1
6255 4345 1
6255 2223 1
6255 4339 1
6255 2382 1
6255 983 1
6255 3713 1
6255 3197 1
6255 118 1
6255 3070 1
6259 137 1
6259 838 1
6259 1763 1
6259 2748 1
6259 1289 1
6259 1263 1
6259 2305 1
6259 3181 1
6259 1610 1
6259 3026 1
6259 157 1
6259 3441 1
6259 1999 1
6259 3734 1
6259 19 1
6259 3740 1
6259 3331 1
6259 2241 1
6259 2780 1
6259 2186 1
6259 3148 1
6259 2092 1
6259 1092 1
6259 2484 1
6259 3562 1
6259 1118 1
6259 3505 1
6259 997 1
6259 523 1
6259 1619 1
6259 3719 1
6259 1835 1
6259 1578 1
6259 3310 1
6259 4216 1
6259 4061 1
6263 1835 1
6263 2340 1
6263 2577 1
6263 1476 1
6263 2382 1
6263 4127 1
6263 1540 1
6264 2121 1
6264 1179 1
6264 3145 1
6268 816 1
6268 3562 1
6273 3921 1
6273 4383 1
6273 4401 1
6273 3150 1
6273 2131 1
6273 4475 1
6273 945 1
6273 3338 1
6273 1212 1
6273 3864 1
6273 486 1
6273 1135 1
6273 3196 1
6273 4181 1
6273 1096 1
6273 4238 1
6273 769 1
6273 436 1
6273 2215 1
6273 2577 1
6273 223 1
6273 734 1
6273 523 1
6273 4553 1
6273 1924 1
6273 1041 1
6273 3824 1
6278 3154 1
6278 3241 1
6278 375 1
6278 3011 1
6278 3366 1
6278 2092 1
6278 4727 1
6278 139 1
6278 1505 1
6278 1610 1
6278 4422 1
6278 2919 1
6278 3866 1
6278 997 1
6278 3967 1
6278 1373 1
6278 2039 1
6278 421 1
6278 1954 1
6278 2173 1
6278 3331 1
6278 2153 1
6278 4548 1
6278 2552 1
6281 3866 1
6281 4422 1
6281 765 1
6282 3197 1
6282 2305 1
6282 2393 1
6282 1507 1
6282 1805 1
6282 4302 1
6282 2883 1
6282 2577 1
6282 3267 1
6282 3154 1
6283 3300 1
6283 4497 1
6284 1902 1
6284 3241 1
6284 4000 1
6284 4548 1
6284 893 1
6289 375 1
6298 765 1
6298 3871 1
6298 4434 1
6298 3366 1
6298 1891 1
6298 350 1
6298 4562 1
6298 2039 1
6298 1194 1
6298 2299 1
6298 3866 1
6298 2092 1
6298 1224 1
6298 3009 1
6298 2881 1
6299 419 1
6300 4401 1
6300 1102 1
6300 1773 1
6300 1681 1
6300 4449 1
6300 3828 1
6300 266 1
6300 295 1
6300 4036 1
6300 68 1
6300 4373 1
6300 3415 1
6300 1961 1
6300 4122 1
6300 4690 1
6300 3450 1
6300 971 1
6300 1117 1
6300 3352 1
6300 3458 1
6300 24 1
6300 3075 1
6300 767 1
6300 1513 1
6300 1193 1
6300 1327 1
6300 4642 1
6300 3770 1
6300 2328 1
6300 3282 1
6300 4422 1
6300 1110 1
6302 1506 1
6302 1505 1
6302 1610 1
6302 628 1
6302 375 1
6305 3714 1
6305 981 1
6307 4380 1
6310 4740 1
6312 4542 1
6312 2031 1
6312 989 1
6312 1077 1
6312 3714 1
6312 436 1
6312 4072 1
6312 985 1
6312 1603 1
6315 3241 1
6315 4523 1
6315 3530 1
6315 1025 1
6315 765 1
6315 147 1
6315 4540 1
6315 3963 1
6315 710 1
6315 3329 1
6315 3402 1
6315 4266 1
6315 3236 1
6315 3464 1
6315 4511 1
6315 2881 1
6319 4072 1
6322 4419 1
6322 3464 1
6322 3954 1
6322 4401 1
6322 3241 1
6322 2523 1
6322 4198 1
6322 362 1
6322 1015 1
6322 2668 1
6322 3651 1
6322 868 1
6322 4072 1
6322 3235 1
6322 3615 1
6322 831 1
6322 4721 1
6323 2818 1
6323 4548 1
6323 161 1
6324 4422 1
6324 3192 1
6324 522 1
6324 1105 1
6324 4467 1
6324 2577 1
6324 765 1
6324 1169 1
6324 2223 1
6326 3007 1
6326 456 1
6327 2092 1
6327 1540 1
6327 1588 1
6327 1619 1
6327 2577 1
6327 3241 1
6327 1505 1
6327 3669 1
6327 1835 1
6327 378 1
6327 1600 1
6327 4000 1
6327 1169 1
6327 893 1
6327 2484 1
6327 46 1
6327 4519 1
6327 1492 1
6327 4122 1
6334 1122 1
6334 4122 1
6334 3866 1
6334 3534 1
6334 3450 1
6335 359 1
6335 2996 1
6335 930 1
6335 3230 1
6340 4189 1
6340 3767 1
6340 3667 1
6341 4159 1
6341 1077 1
6341 3522 1
6341 2524 1
6341 1619 1
6341 3669 1
6341 358 1
6341 817 1
6341 797 1
6341 2991 1
6341 1594 1
6341 616 1
6341 247 1
6341 3450 1
6341 3817 1
6341 2385 1
6341 2032 1
6346 399 1
6346 9 1
6347 1005 1
6347 2605 1
6347 1139 1
6347 1952 1
6347 16 1
6347 282 1
6347 3291 1
6347 1763 1
6347 3373 1
6347 4213 1
6347 222 1
6347 2875 1
6347 1540 1
6350 765 1
6350 3989 1
6350 4744 1
6350 3787 1
6350 4122 1
6350 3450 1
6350 2730 1
6350 3859 1
6350 985 1
6350 358 1
6350 2612 1
6350 4467 1
6351 2920 1
6351 2697 1
6351 3999 1
6351 1935 1
6351 1194 1
6351 2251 1
6351 3241 1
6351 3507 1
6351 4467 1
6351 1540 1
6351 3197 1
6351 4744 1
6359 2092 1
6362 1949 1
6362 322 1
6362 1179 1
6362 2351 1
6362 3197 1
6362 3713 1
6362 2721 1
6370 2092 1
6370 3667 1
6370 1596 1
6370 1646 1
6370 1752 1
6370 1540 1
6370 2294 1
6370 1169 1
6370 941 1
6370 4158 1
6370 3866 1
6370 1170 1
6370 3507 1
6370 3233 1
6370 2160 1
6370 1610 1
6370 3817 1
6370 3246 1
6370 2251 1
6370 1451 1
6372 783 1
6372 4511 1
6372 1135 1
6372 4750 1
6372 562 1
6372 2987 1
6372 3513 1
6372 1077 1
6372 3164 1
6373 3417 1
6373 2377 1
6373 4194 1
6373 4276 1
6373 3105 1
6373 1300 1
6373 2092 1
6373 4498 1
6373 1996 1
6375 8 1
6376 4583 1
6376 3218 1
6376 3796 1
6376 2756 1
6376 2250 1
6376 1593 1
6376 2092 1
6376 2640 1
6376 2954 1
6376 1578 1
6376 436 1
6376 1415 1
6376 234 1
6376 1485 1
6376 1947 1
6376 1963 1
6376 1540 1
6376 2311 1
6376 1489 1
6376 3126 1
6376 3960 1
6376 3711 1
6376 3329 1
6376 4422 1
6376 2204 1
6376 1538 1
6376 623 1
6376 4021 1
6376 2340 1
6376 747 1
6376 2224 1
6376 931 1
6376 3805 1
6376 188 1
6376 2969 1
6376 60 1
6376 1167 1
6376 4122 1
6376 4345 1
6376 802 1
6376 1672 1
6376 4000 1
6376 1570 1
6376 167 1
6376 539 1
6376 3664 1
6376 2382 1
6376 3874 1
6376 1775 1
6376 2921 1
6376 630 1
6376 200 1
6376 3137 1
6378 1516 1
6378 1752 1
6378 2092 1
6380 3866 1
6382 2039 1
6384 247 1
6384 3241 1
6384 893 1
6388 4339 1
6388 59 1
6388 168 1
6388 3711 1
6388 2059 1
6388 4303 1
6388 1603 1
6388 1857 1
6388 3378 1
6388 4670 1
6388 3507 1
6388 4597 1
6388 1017 1
6388 535 1
6388 1943 1
6388 2925 1
6388 1034 1
6388 3322 1
6388 3585 1
6388 3963 1
6388 46 1
6388 4540 1
6388 74 1
6388 4424 1
6388 4142 1
6388 3871 1
6390 2697 1
6390 3795 1
6390 4356 1
6397 1122 1
6397 3628 1
6397 2340 1
6397 4422 1
6397 4401 1
6397 1540 1
6397 2577 1
6401 2092 1
6401 1540 1
6402 4001 1
6404 223 1
6409 2881 1
6409 3246 1
6416 857 1
6416 1029 1
6416 2037 1
6416 1769 1
6416 1771 1
6416 2994 1
6416 1499 1
6416 2059 1
6416 198 1
6416 27 1
6416 4579 1
6416 3574 1
6416 4043 1
6416 2363 1
6416 282 1
6416 2866 1
6416 3073 1
6416 157 1
6416 3182 1
6416 3285 1
6416 1254 1
6416 1679 1
6416 539 1
6416 3197 1
6416 3904 1
6416 4029 1
6416 760 1
6416 4115 1
6416 833 1
6416 2382 1
6416 1952 1
6416 3170 1
6416 3039 1
6416 3567 1
6416 1268 1
6418 2305 1
6418 2039 1
6418 1544 1
6418 2159 1
6418 1660 1
6418 3291 1
6418 3581 1
6421 3866 1
6421 2362 1
6421 2748 1
6421 223 1
6421 4122 1
6421 2340 1
6421 2092 1
6421 4584 1
6421 4744 1
6421 3241 1
6421 2382 1
6421 2740 1
6421 1610 1
6421 3562 1
6421 1540 1
6421 1594 1
6421 1687 1
6421 3667 1
6421 3567 1
6421 2148 1
6421 522 1
6421 326 1
6421 535 1
6421 3972 1
6421 1122 1
6421 997 1
6421 3450 1
6421 930 1
6421 2920 1
6421 3196 1
6421 358 1
6421 378 1
6421 2311 1
6421 2612 1
6421 3267 1
6421 2251 1
6422 1540 1
6422 2697 1
6422 3620 1
6422 1599 1
6422 1505 1
6422 3197 1
6422 486 1
6422 3687 1
6422 1827 1
6422 3196 1
6422 1498 1
6422 821 1
6422 4073 1
6422 3267 1
6422 98 1
6422 1393 1
6422 1760 1
6422 1324 1
6422 3810 1
6422 391 1
6422 3498 1
6422 1041 1
6422 3569 1
6422 1712 1
6422 3740 1
6422 535 1
6422 2970 1
6422 223 1
6427 3740 1
6427 1957 1
6427 2159 1
6427 2920 1
6427 1760 1
6427 4072 1
6427 375 1
6427 3221 1
6427 2151 1
6427 2039 1
6427 816 1
6427 4744 1
6427 2092 1
6427 4548 1
6427 3109 1
6427 3197 1
6427 4028 1
6427 1879 1
6427 4060 1
6430 4422 1
6430 2148 1
6430 3291 1
6430 358 1
6430 2051 1
6430 2250 1
6430 1105 1
6430 3562 1
6430 1600 1
6430 1236 1
6430 2307 1
6430 536 1
6430 3735 1
6430 1452 1
6430 4345 1
6430 1122 1
6430 1540 1
6430 1763 1
6434 4345 1
6434 24 1
6434 893 1
6434 4380 1
6434 2881 1
6434 1122 1
6434 3963 1
6434 4496 1
6434 1578 1
6434 3534 1
6434 1502 1
6436 4422 1
6436 4001 1
6437 3911 1
6437 861 1
6437 1773 1
6437 3740 1
6443 3740 1
6443 161 1
6448 885 1
6448 765 1
6448 3329 1
6448 2881 1
6448 4542 1
6448 4401 1
6448 1105 1
6448 1505 1
6448 1945 1
6448 2920 1
6448 2578 1
6448 4313 1
6448 1694 1
6448 893 1
6448 1077 1
6448 1857 1
6448 1621 1
6448 2079 1
6448 1039 1
6448 3454 1
6448 1825 1
6448 2219 1
6448 3293 1
6448 3401 1
6448 4548 1
6448 4423 1
6448 2149 1
6448 1891 1
6448 1348 1
6448 3714 1
6448 3104 1
6448 2577 1
6448 569 1
6448 1404 1
6448 161 1
6448 3241 1
6449 3450 1
6451 3866 1
6451 3197 1
6451 897 1
6451 3999 1
6451 816 1
6451 2577 1
6451 3714 1
6451 2219 1
6451 3615 1
6451 4422 1
6451 1406 1
6451 3967 1
6451 1954 1
6451 3210 1
6453 3546 1
6453 906 1
6453 1637 1
6453 1267 1
6453 1673 1
6453 3521 1
6453 2475 1
6453 2201 1
6453 3489 1
6453 3274 1
6453 3477 1
6453 4358 1
6453 421 1
6453 3241 1
6453 4523 1
6458 647 1
6458 3450 1
6458 3713 1
6458 535 1
6458 3330 1
6458 3541 1
6458 2697 1
6458 2763 1
6458 3196 1
6458 3999 1
6458 3233 1
6458 3291 1
6458 223 1
6458 2440 1
6458 2382 1
6458 375 1
6458 816 1
6458 1594 1
6458 1542 1
6458 378 1
6458 24 1
6458 4504 1
6458 3215 1
6460 1077 1
6460 3901 1
6460 3967 1
6460 1938 1
6460 4206 1
6460 1800 1
6460 1667 1
6460 3700 1
6460 4231 1
6460 1945 1
6460 4423 1
6460 1974 1
6460 1091 1
6460 3439 1
6460 2064 1
6460 2020 1
6460 3472 1
6460 4212 1
6460 2884 1
6460 4135 1
6460 2618 1
6460 2073 1
6460 350 1
6460 4611 1
6460 3857 1
6460 3075 1
6460 3489 1
6460 2342 1
6460 4380 1
6460 3378 1
6460 2530 1
6460 3638 1
6460 3272 1
6460 1071 1
6460 1067 1
6460 947 1
6460 4542 1
6460 3866 1
6460 8 1
6460 2152 1
6460 3114 1
6460 3871 1
6460 4064 1
6460 239 1
6460 4646 1
6462 783 1
6462 46 1
6462 1754 1
6462 4670 1
6462 330 1
6462 2763 1
6462 4611 1
6462 997 1
6462 3999 1
6462 4000 1
6462 1954 1
6462 2914 1
6462 3581 1
6462 3534 1
6462 4246 1
6462 3267 1
6462 4306 1
6462 1505 1
6462 1566 1
6462 1506 1
6462 3452 1
6462 1588 1
6462 4562 1
6462 893 1
6462 4122 1
6462 760 1
6462 326 1
6462 1624 1
6462 2039 1
6462 2101 1
6462 3371 1
6462 1309 1
6462 3241 1
6462 2240 1
6462 3866 1
6463 4756 1
6463 4324 1
6463 1818 1
6464 4523 1
6464 1954 1
6464 4542 1
6464 1105 1
6464 3534 1
6464 4422 1
6464 4460 1
6464 3216 1
6464 2092 1
6464 765 1
6464 3274 1
6464 4117 1
6464 3241 1
6464 362 1
6464 3205 1
6464 2079 1
6464 3999 1
6464 1890 1
6464 4401 1
6464 2881 1
6464 2342 1
6464 4423 1
6464 616 1
6464 1540 1
6464 3401 1
6469 4739 1
6469 3049 1
6469 1644 1
6469 4383 1
6469 2807 1
6469 4665 1
6469 2971 1
6469 3635 1
6469 1960 1
6469 3460 1
6469 378 1
6469 2922 1
6469 3971 1
6469 4585 1
6471 4351 1
6471 605 1
6471 2577 1
6471 4605 1
6471 4237 1
6471 3009 1
6471 2092 1
6471 3135 1
6471 1166 1
6471 568 1
6472 4498 1
6472 4031 1
6472 2577 1
6472 221 1
6472 4519 1
6472 968 1
6472 2069 1
6472 2996 1
6472 3526 1
6472 745 1
6472 2873 1
6472 4665 1
6472 4684 1
6472 4756 1
6472 4191 1
6472 3904 1
6472 4110 1
6472 570 1
6472 2651 1
6472 45 1
6473 1373 1
6473 1179 1
6473 1393 1
6473 2092 1
6473 2656 1
6473 1578 1
6473 4036 1
6473 487 1
6473 4755 1
6473 2352 1
6473 1139 1
6473 542 1
6473 1646 1
6474 2044 1
6474 3233 1
6474 4401 1
6474 1329 1
6474 350 1
6474 1373 1
6474 1401 1
6475 1935 1
6475 420 1
6475 4266 1
6475 3489 1
6475 4659 1
6475 2362 1
6475 3507 1
6475 4238 1
6478 402 1
6478 4680 1
6478 4605 1
6478 247 1
6478 4431 1
6478 2906 1
6478 989 1
6478 4363 1
6478 1637 1
6478 1348 1
6478 3651 1
6478 3647 1
6478 1127 1
6478 978 1
6478 77 1
6478 2352 1
6478 714 1
6478 3156 1
6478 3065 1
6478 1408 1
6478 2756 1
6480 3267 1
6483 3871 1
6483 3660 1
6483 1879 1
6484 2866 1
6484 4590 1
6487 1939 1
6487 375 1
6487 3495 1
6489 3196 1
6489 4401 1
6489 888 1
6489 1879 1
6494 4744 1
6494 2138 1
6494 2949 1
6494 24 1
6494 1540 1
6494 375 1
6494 4127 1
6494 3421 1
6494 1118 1
6494 1373 1
6496 3401 1
6496 350 1
6496 3489 1
6496 790 1
6496 4548 1
6496 1077 1
6496 2131 1
6496 2273 1
6496 4523 1
6496 4511 1
6496 1699 1
6496 893 1
6496 2039 1
6496 2505 1
6496 1540 1
6496 2474 1
6496 1879 1
6496 3241 1
6496 2956 1
6498 906 1
6501 247 1
6501 2851 1
6501 3866 1
6501 3367 1
6501 1843 1
6501 4306 1
6501 1745 1
6501 350 1
6501 893 1
6501 4298 1
6501 12 1
6501 3186 1
6501 830 1
6501 4558 1
6501 2148 1
6501 2364 1
6501 4222 1
6501 375 1
6501 3492 1
6502 4422 1
6502 3857 1
6502 1077 1
6502 1122 1
6502 3871 1
6502 4401 1
6502 1348 1
6502 4212 1
6502 3615 1
6502 1879 1
6502 1578 1
6502 3241 1
6502 247 1
6503 3450 1
6503 1110 1
6503 1304 1
6503 333 1
6505 782 1
6505 3496 1
6505 2364 1
6505 4040 1
6510 1594 1
6510 3948 1
6510 295 1
6510 2911 1
6515 2393 1
6515 116 1
6515 2748 1
6515 3972 1
6515 4001 1
6515 3197 1
6521 4422 1
6521 3546 1
6521 95 1
6521 3329 1
6521 2273 1
6521 4467 1
6521 2677 1
6525 653 1
6527 3197 1
6532 3741 1
6532 1122 1
6532 4496 1
6532 3162 1
6532 616 1
6532 137 1
6534 765 1
6534 3787 1
6534 1578 1
6534 4626 1
6534 4091 1
6534 239 1
6534 4324 1
6534 1110 1
6534 3342 1
6534 4444 1
6534 1139 1
6534 782 1
6534 2517 1
6534 292 1
6534 2023 1
6534 1596 1
6534 1115 1
6534 3300 1
6534 1324 1
6534 898 1
6534 3256 1
6534 1644 1
6534 1196 1
6534 1135 1
6534 4739 1
6534 4159 1
6534 250 1
6534 2866 1
6534 3972 1
6534 1553 1
6534 1566 1
6534 3694 1
6534 8 1
6534 4729 1
6534 1763 1
6534 838 1
6534 3752 1
6534 2345 1
6535 4346 1
6535 3212 1
6535 816 1
6535 4422 1
6535 2577 1
6535 78 1
6535 4467 1
6536 3197 1
6536 2633 1
6536 4512 1
6536 4274 1
6536 4467 1
6536 291 1
6536 2191 1
6536 312 1
6536 1139 1
6536 2577 1
6537 679 1
6537 4690 1
6539 327 1
6539 3145 1
6539 3373 1
6539 2809 1
6539 4158 1
6539 4449 1
6539 2639 1
6543 3254 1
6543 1072 1
6543 2922 1
6543 1761 1
6543 2382 1
6543 3366 1
6543 405 1
6543 27 1
6543 1047 1
6543 4309 1
6543 399 1
6543 948 1
6543 1809 1
6543 1340 1
6543 2325 1
6543 931 1
6543 2350 1
6543 1039 1
6543 4097 1
6543 3945 1
6543 3264 1
6543 4045 1
6543 2589 1
6543 787 1
6543 2612 1
6543 132 1
6543 3859 1
6549 1073 1
6549 4084 1
6549 3507 1
6551 893 1
6551 4000 1
6555 4511 1
6555 3153 1
6555 4401 1
6555 529 1
6555 3241 1
6555 314 1
6556 4345 1
6558 3498 1
6558 3795 1
6558 842 1
6558 67 1
6558 930 1
6563 1954 1
6563 120 1
6563 1179 1
6563 436 1
6563 284 1
6563 1781 1
6563 958 1
6563 3197 1
6563 3034 1
6563 2577 1
6563 1702 1
6563 2305 1
6563 1763 1
6563 3452 1
6566 2039 1
6566 2041 1
6566 930 1
6566 57 1
6566 2748 1
6566 4113 1
6566 4434 1
6566 24 1
6566 442 1
6566 2818 1
6566 3009 1
6566 161 1
6567 4667 1
6567 4021 1
6567 861 1
6567 4422 1
6568 3972 1
6568 4364 1
6568 1673 1
6568 2273 1
6568 2577 1
6568 3197 1
6568 997 1
6568 77 1
6568 2092 1
6568 2148 1
6568 375 1
6568 2661 1
6568 671 1
6568 1540 1
6575 645 1
6575 3454 1
6575 3952 1
6575 2382 1
6575 3022 1
6575 1730 1
6575 1085 1
6575 2015 1
6575 3233 1
6575 1001 1
6575 974 1
6575 2659 1
6575 3716 1
6575 2223 1
6575 3464 1
6575 375 1
6575 4690 1
6575 24 1
6575 3811 1
6575 3667 1
6575 1179 1
6575 2124 1
6575 2173 1
6575 1646 1
6575 3450 1
6575 3386 1
6576 1566 1
6576 2382 1
6576 1113 1
6576 1596 1
6576 3452 1
6576 3507 1
6576 4422 1
6576 3534 1
6576 2455 1
6576 3866 1
6576 116 1
6576 1540 1
6576 2577 1
6576 1879 1
6576 2131 1
6576 4523 1
6576 3546 1
6578 3904 1
6578 2484 1
6581 4419 1
6581 458 1
6581 671 1
6581 720 1
6581 3196 1
6581 187 1
6581 3941 1
6581 2459 1
6581 2335 1
6581 2142 1
6581 3960 1
6581 2382 1
6581 2225 1
6581 28 1
6581 2478 1
6581 1835 1
6581 3947 1
6581 2925 1
6581 522 1
6581 1355 1
6581 1348 1
6586 362 1
6586 831 1
6586 3291 1
6586 4306 1
6586 4000 1
6586 540 1
6586 3216 1
6586 393 1
6589 2749 1
6589 4422 1
6589 1236 1
6589 2044 1
6589 1139 1
6589 3652 1
6589 421 1
6589 2612 1
6589 989 1
6589 821 1
6589 4744 1
6589 1238 1
6589 1835 1
6589 3866 1
6589 3653 1
6589 1324 1
6589 375 1
6589 4122 1
6589 2850 1
6589 2294 1
6589 4001 1
6589 3687 1
6589 790 1
6589 3373 1
6589 3787 1
6589 4302 1
6589 2393 1
6589 3197 1
6589 1348 1
6589 359 1
6589 3621 1
6589 2956 1
6589 1540 1
6589 3684 1
6590 362 1
6590 3740 1
6590 3241 1
6590 1095 1
6590 4285 1
6590 4083 1
6590 358 1
6590 95 1
6590 3464 1
6590 3944 1
6590 2315 1
6590 4218 1
6590 2153 1
6590 1674 1
6590 2019 1
6590 3041 1
6590 429 1
6590 3567 1
6591 3978 1
6591 4511 1
6591 4401 1
6591 24 1
6593 671 1
6593 4308 1
6593 2612 1
6593 3300 1
6593 3081 1
6593 4485 1
6593 3522 1
6597 3348 1
6597 1950 1
6597 358 1
6597 893 1
6597 3104 1
6597 1759 1
6597 3972 1
6601 515 1
6601 2873 1
6601 4665 1
6604 2577 1
6605 4422 1
6605 1179 1
6605 1954 1
6605 3045 1
6605 1013 1
6605 1540 1
6605 1096 1
6605 169 1
6605 2920 1
6605 2922 1
6605 535 1
6605 893 1
6605 3281 1
6605 2484 1
6605 3467 1
6605 4306 1
6605 3566 1
6605 2777 1
6608 2277 1
6608 1999 1
6610 2092 1
6613 4422 1
6620 4339 1
6620 3669 1
6620 605 1
6620 4308 1
6620 1771 1
6620 1525 1
6620 3246 1
6620 3857 1
6620 3999 1
6620 653 1
6620 1969 1
6620 4061 1
6620 256 1
6620 1540 1
6620 1824 1
6620 2612 1
6620 378 1
6620 1267 1
6620 2970 1
6620 4401 1
6620 3972 1
6620 39 1
6625 3411 1
6625 1835 1
6625 2748 1
6627 4250 1
6627 421 1
6627 3819 1
6627 4358 1
6627 1135 1
6627 1252 1
6627 4242 1
6627 493 1
6631 371 1
6631 3864 1
6631 3329 1
6633 169 1
6633 3371 1
6633 1224 1
6633 3241 1
6633 1505 1
6633 893 1
6633 4465 1
6633 1600 1
6633 3534 1
6633 4751 1
6633 3659 1
6633 1105 1
6633 417 1
6633 4677 1
6633 223 1
6633 3810 1
6641 3787 1
6641 997 1
6642 4422 1
6642 1763 1
6642 3020 1
6642 1422 1
6642 1759 1
6642 1610 1
6642 535 1
6642 774 1
6642 2305 1
6642 3450 1
6642 4458 1
6642 997 1
6642 2996 1
6642 1373 1
6642 2239 1
6642 3154 1
6642 1902 1
6642 3399 1
6642 3569 1
6642 3452 1
6642 2577 1
6642 1835 1
6642 208 1
6643 4423 1
6643 1179 1
6643 1782 1
6643 4023 1
6643 350 1
6643 290 1
6643 4751 1
6643 3018 1
6643 3401 1
6643 4426 1
6643 913 1
6654 242 1
6654 1186 1
6654 161 1
6654 4401 1
6654 1945 1
6654 1891 1
6654 4548 1
6654 2070 1
6654 930 1
6654 2308 1
6654 1455 1
6654 2401 1
6654 4511 1
6654 3534 1
6654 4218 1
6656 3801 1
6656 3615 1
6656 3578 1
6656 4548 1
6656 1891 1
6656 4215 1
6656 3614 1
6656 3837 1
6656 3999 1
6656 4480 1
6656 2681 1
6656 2675 1
6656 3293 1
6656 924 1
6656 2148 1
6656 1007 1
6656 2079 1
6656 4422 1
6656 2362 1
6656 4231 1
6656 2073 1
6656 3669 1
6656 4511 1
6656 3144 1
6656 1954 1
6656 3011 1
6656 2258 1
6656 1945 1
6656 2577 1
6656 3513 1
6656 2618 1
6656 3241 1
6656 1730 1
6656 326 1
6656 1825 1
6656 3638 1
6656 2285 1
6656 359 1
6656 4460 1
6656 3972 1
6656 358 1
6656 3489 1
6656 3963 1
6656 765 1
6656 3628 1
6656 2299 1
6656 1118 1
6656 1373 1
6656 1540 1
6656 2006 1
6656 4380 1
6656 4670 1
6656 493 1
6656 4542 1
6656 2816 1
6656 1589 1
6656 350 1
6656 3996 1
6656 421 1
6656 3866 1
6656 1071 1
6656 947 1
6656 1355 1
6656 3164 1
6656 2131 1
6656 2409 1
6656 1969 1
6656 2881 1
6656 362 1
6656 2402 1
6657 2298 1
6657 1999 1
6665 352 1
6666 169 1
6666 2850 1
6671 4756 1
6671 2203 1
6671 419 1
6671 399 1
6671 1713 1
6671 4303 1
6671 1865 1
6671 378 1
6671 878 1
6671 1199 1
6671 2908 1
6671 27 1
6671 748 1
6671 31 1
6672 3126 1
6672 653 1
6672 4422 1
6672 4751 1
6672 3561 1
6672 4036 1
6672 2731 1
6675 2092 1
6675 714 1
6675 3534 1
6675 930 1
6675 4401 1
6675 247 1
6675 3871 1
6675 3401 1
6675 4009 1
6675 1790 1
6678 2131 1
6678 4523 1
6678 4422 1
6678 3154 1
6679 326 1
6679 2639 1
6679 2735 1
6679 436 1
6679 1139 1
6679 1811 1
6679 1540 1
6680 4744 1
6680 223 1
6680 2577 1
6680 2740 1
6680 2148 1
6680 3903 1
6680 3837 1
6680 2382 1
6680 433 1
6680 3241 1
6680 188 1
6680 284 1
6686 838 1
6690 2345 1
6690 2577 1
6694 1118 1
6698 2881 1
6698 4670 1
6706 3066 1
6706 282 1
6706 4213 1
6707 2684 1
6707 2545 1
6707 3859 1
6707 4612 1
6707 4021 1
6707 4492 1
6707 2362 1
6707 2850 1
6707 2153 1
6707 4453 1
6707 4182 1
6707 1835 1
6707 714 1
6707 2681 1
6707 4404 1
6707 4728 1
6707 3489 1
6712 106 1
6712 2092 1
6712 3507 1
6712 3735 1
6712 3667 1
6712 421 1
6712 4659 1
6712 4678 1
6712 1139 1
6712 4011 1
6712 2921 1
6712 3450 1
6714 2044 1
6714 2148 1
6714 4023 1
6714 4721 1
6714 3837 1
6714 378 1
6714 1297 1
6714 4339 1
6714 583 1
6714 3453 1
6714 2311 1
6714 3999 1
6714 4459 1
6714 309 1
6714 3912 1
6714 1773 1
6714 4744 1
6714 148 1
6714 2996 1
6714 4000 1
6714 4756 1
6714 2448 1
6714 838 1
6714 4122 1
6715 3009 1
6715 2920 1
6715 1879 1
6715 1502 1
6715 442 1
6715 3740 1
6715 1118 1
6715 2948 1
6715 4548 1
6715 2152 1
6715 3866 1
6715 1580 1
6715 930 1
6715 2039 1
6715 790 1
6719 78 1
6719 571 1
6720 3569 1
6720 2763 1
6722 3713 1
6723 4345 1
6728 3726 1
6728 1285 1
6728 3822 1
6728 4558 1
6728 754 1
6728 3308 1
6728 2410 1
6732 4444 1
6732 3273 1
6732 27 1
6732 2130 1
6732 419 1
6732 557 1
6732 1902 1
6732 3088 1
6732 809 1
6732 3452 1
6733 1203 1
6733 2921 1
6733 4475 1
6733 4383 1
6742 3137 1
6742 3385 1
6742 816 1
6742 46 1
6742 1446 1
6742 4657 1
6742 3837 1
6742 997 1
6742 1924 1
6743 3094 1
6743 4489 1
6744 4571 1
6744 2956 1
6744 3972 1
6744 2092 1
6749 1375 1
6749 3404 1
6749 2380 1
6749 1564 1
6749 4200 1
6750 1540 1
6750 3241 1
6754 1640 1
6755 2382 1
6755 1960 1
6755 1236 1
6755 2542 1
6756 139 1
6756 3241 1
6756 3478 1
6756 1566 1
6756 3999 1
6757 2577 1
6757 1945 1
6757 4341 1
6757 1122 1
6757 3241 1
6757 1373 1
6758 3078 1
6758 4744 1
6758 1540 1
6760 359 1
6760 4380 1
6760 928 1
6760 1699 1
6760 3871 1
6760 2921 1
6760 1071 1
6762 616 1
6762 710 1
6762 3567 1
6762 333 1
6762 73 1
6762 1865 1
6762 2105 1
6762 4122 1
6762 1348 1
6762 847 1
6762 1686 1
6762 1757 1
6762 282 1
6762 4273 1
6762 3507 1
6762 4472 1
6762 1236 1
6762 337 1
6764 4179 1
6765 4545 1
6768 3081 1
6768 4335 1
6768 3401 1
6768 4401 1
6768 1077 1
6768 2537 1
6768 3866 1
6768 1507 1
6768 3869 1
6768 3675 1
6768 4463 1
6768 3450 1
6768 1945 1
6768 4467 1
6768 1540 1
6768 4345 1
6768 1085 1
6768 1902 1
6768 2044 1
6768 2681 1
6768 1118 1
6768 2124 1
6768 2098 1
6768 4469 1
6770 4422 1
6770 3569 1
6770 4273 1
6770 2577 1
6770 3291 1
6770 4401 1
6770 1077 1
6773 1041 1
6773 862 1
6773 284 1
6773 2922 1
6773 590 1
6773 783 1
6773 616 1
6774 3831 1
6774 3522 1
6774 3967 1
6774 3011 1
6776 421 1
6779 459 1
6779 1594 1
6779 3241 1
6779 3787 1
6779 1736 1
6779 1619 1
6779 535 1
6779 4659 1
6779 3267 1
6779 2639 1
6779 2956 1
6779 2577 1
6780 350 1
6780 2305 1
6781 67 1
6781 2931 1
6781 1675 1
6781 4239 1
6781 1321 1
6784 352 1
6784 33 1
6784 2577 1
6784 3787 1
6784 505 1
6784 3991 1
6784 2151 1
6784 2360 1
6784 2092 1
6784 4744 1
6788 1578 1
6788 1610 1
6788 2092 1
6788 4422 1
6794 3507 1
6794 399 1
6794 375 1
6794 1199 1
6794 997 1
6794 562 1
6794 3154 1
6794 1324 1
6794 336 1
6794 2293 1
6794 4553 1
6794 242 1
6794 1566 1
6794 2850 1
6794 2883 1
6794 2142 1
6794 2085 1
6794 714 1
6794 402 1
6794 1581 1
6794 2577 1
6794 4420 1
6794 782 1
6794 1786 1
6794 1139 1
6794 4306 1
6794 378 1
6794 1578 1
6794 2153 1
6794 3300 1
6794 906 1
6794 2313 1
6794 2114 1
6794 3546 1
6794 816 1
6794 857 1
6794 2517 1
6794 2485 1
6794 24 1
6794 4690 1
6794 2159 1
6794 4565 1
6794 3667 1
6794 2655 1
6794 3520 1
6794 2632 1
6794 266 1
6794 8 1
6794 423 1
6794 2908 1
6794 1567 1
6794 2825 1
6794 4504 1
6794 4394 1
6794 1754 1
6794 3385 1
6794 2965 1
6794 2308 1
6794 2473 1
6794 2364 1
6794 701 1
6794 3569 1
6794 4345 1
6794 4744 1
6794 247 1
6794 3859 1
6794 3450 1
6794 1646 1
6794 3787 1
6794 1902 1
6796 2993 1
6798 3267 1
6798 2577 1
6798 1355 1
6798 4548 1
6798 3293 1
6798 722 1
6798 3348 1
6798 2382 1
6798 893 1
6798 3866 1
6798 2920 1
6798 2083 1
6798 4405 1
6798 3628 1
6798 1307 1
6798 2299 1
6798 3241 1
6798 2131 1
6798 3936 1
6798 1540 1
6798 1848 1
6798 3522 1
6798 1158 1
6798 1825 1
6798 2612 1
6798 906 1
6798 1105 1
6798 1950 1
6798 2039 1
6798 137 1
6798 4423 1
6798 375 1
6798 3291 1
6798 46 1
6803 3197 1
6803 3464 1
6803 1348 1
6803 123 1
6803 291 1
6803 247 1
6803 4072 1
6804 1169 1
6804 4504 1
6804 421 1
6804 4028 1
6804 2031 1
6804 1540 1
6804 2776 1
6804 1492 1
6804 1733 1
6804 3765 1
6804 3795 1
6804 2251 1
6804 1410 1
6804 4175 1
6804 104 1
6804 2098 1
6804 3544 1
6804 4001 1
6804 3196 1
6804 2644 1
6804 2268 1
6804 522 1
6804 4489 1
6804 2382 1
6804 3268 1
6804 1763 1
6804 4690 1
6804 2950 1
6804 3180 1
6804 1363 1
6804 1192 1
6804 223 1
6804 1712 1
6804 3667 1
6804 4491 1
6804 1106 1
6804 4294 1
6804 3355 1
6804 1439 1
6804 3241 1
6804 1122 1
6804 3329 1
6804 4670 1
6804 3173 1
6804 3498 1
6804 1997 1
6804 4500 1
6804 3634 1
6804 4650 1
6804 3197 1
6804 3845 1
6804 3115 1
6804 2577 1
6804 1835 1
6806 358 1
6806 616 1
6809 3837 1
6809 4511 1
6809 2131 1
6809 4744 1
6809 4394 1
6809 2273 1
6809 1540 1
6814 4169 1
6814 3866 1
6814 1960 1
6814 970 1
6814 3568 1
6814 4401 1
6814 1196 1
6814 1300 1
6814 1154 1
6814 1789 1
6814 1116 1
6814 3219 1
6814 3166 1
6814 2069 1
6814 1613 1
6814 2484 1
6814 2820 1
6815 2908 1
6815 2577 1
6815 1183 1
6815 1300 1
6815 1578 1
6815 1823 1
6815 378 1
6815 4345 1
6815 1179 1
6815 522 1
6815 3567 1
6815 1540 1
6815 2460 1
6815 2477 1
6815 2518 1
6815 2731 1
6815 1122 1
6815 3713 1
6815 1202 1
6815 3145 1
6819 1555 1
6819 1401 1
6819 456 1
6819 2913 1
6819 2683 1
6819 561 1
6819 291 1
6819 543 1
6823 1540 1
6823 2659 1
6823 24 1
6823 989 1
6824 3197 1
6824 3450 1
6824 2681 1
6824 1616 1
6824 4422 1
6824 421 1
6824 1179 1
6824 3669 1
6824 1763 1
6824 522 1
6825 2920 1
6825 3075 1
6825 3104 1
6825 3196 1
6825 2070 1
6825 4422 1
6825 2041 1
6825 4467 1
6825 4238 1
6825 1578 1
6825 1454 1
6825 4306 1
6825 3952 1
6825 2019 1
6825 2023 1
6825 3151 1
6825 1313 1
6825 1917 1
6825 4405 1
6825 2092 1
6825 2573 1
6825 1621 1
6825 1892 1
6825 2646 1
6825 4219 1
6825 4540 1
6825 4512 1
6825 3241 1
6825 2051 1
6825 3930 1
6825 3464 1
6826 3930 1
6826 1139 1
6826 132 1
6826 3154 1
6831 4405 1
6832 1825 1
6832 4523 1
6832 1891 1
6832 3162 1
6832 3967 1
6832 4542 1
6832 988 1
6832 4460 1
6832 1953 1
6832 2618 1
6832 378 1
6832 3614 1
6832 2530 1
6832 1420 1
6832 2578 1
6832 2881 1
6832 1105 1
6832 24 1
6832 3489 1
6832 3714 1
6832 3534 1
6832 2399 1
6832 2675 1
6832 1077 1
6832 3011 1
6832 4423 1
6832 372 1
6832 765 1
6832 3615 1
6832 362 1
6832 4339 1
6836 1578 1
6836 4422 1
6836 1759 1
6836 2577 1
6836 703 1
6836 1122 1
6836 2092 1
6839 522 1
6839 194 1
6839 3837 1
6839 3567 1
6839 2612 1
6845 2180 1
6845 1646 1
6845 1739 1
6845 1893 1
6845 3401 1
6845 1071 1
6845 4072 1
6845 1502 1
6845 3246 1
6845 40 1
6845 4009 1
6845 1224 1
6845 1227 1
6845 1310 1
6845 4696 1
6845 1744 1
6845 2321 1
6845 2920 1
6845 2705 1
6845 3153 1
6845 2039 1
6845 3241 1
6845 358 1
6845 362 1
6845 3009 1
6845 1013 1
6845 3871 1
6845 1650 1
6845 2159 1
6845 790 1
6845 4434 1
6845 1857 1
6845 118 1
6845 1803 1
6845 1578 1
6845 3999 1
6845 4401 1
6845 893 1
6845 2454 1
6845 1505 1
6845 2034 1
6845 3740 1
6845 683 1
6846 2748 1
6846 1610 1
6846 2996 1
6846 4422 1
6846 2577 1
6846 2573 1
6846 1644 1
6846 378 1
6846 3450 1
6846 247 1
6846 1780 1
6846 2971 1
6846 358 1
6848 2460 1
6848 786 1
6848 898 1
6848 3273 1
6848 1865 1
6848 782 1
6848 2658 1
6848 2087 1
6848 3919 1
6848 2873 1
6848 2971 1
6848 2807 1
6848 542 1
6848 2520 1
6848 2092 1
6848 370 1
6848 968 1
6848 3385 1
6848 1996 1
6848 1902 1
6848 3752 1
6848 4024 1
6848 4020 1
6848 4665 1
6848 2484 1
6848 3363 1
6848 4756 1
6848 4241 1
6848 1968 1
6848 4253 1
6848 4091 1
6850 1759 1
6854 3154 1
6854 475 1
6854 605 1
6854 3012 1
6854 3912 1
6854 1825 1
6854 3450 1
6854 1085 1
6854 1594 1
6854 1135 1
6861 628 1
6862 3934 1
6862 3992 1
6862 729 1
6862 1958 1
6862 2748 1
6862 4475 1
6862 2428 1
6862 3411 1
6862 1041 1
6862 2763 1
6862 1428 1
6862 1626 1
6862 493 1
6862 2738 1
6862 78 1
6862 2897 1
6862 3227 1
6862 2740 1
6862 3196 1
6862 1835 1
6862 4171 1
6862 4606 1
6862 4059 1
6862 734 1
6862 1619 1
6862 1823 1
6862 3544 1
6862 1339 1
6863 893 1
6864 421 1
6864 2382 1
6864 3921 1
6864 2922 1
6864 4179 1
6864 3669 1
6864 3010 1
6864 3874 1
6864 4504 1
6864 1671 1
6864 3258 1
6864 2518 1
6864 208 1
6864 275 1
6864 2965 1
6864 3698 1
6864 764 1
6864 1973 1
6864 404 1
6864 3298 1
6864 4021 1
6864 1523 1
6864 4553 1
6864 2987 1
6864 337 1
6864 1101 1
6864 3428 1
6864 3837 1
6864 1993 1
6864 3047 1
6864 1492 1
6865 247 1
6869 3329 1
6869 3489 1
6871 436 1
6880 24 1
6880 4009 1
6880 3489 1
6880 4523 1
6881 1179 1
6881 2484 1
6881 711 1
6881 3305 1
6881 2340 1
6881 2577 1
6881 1348 1
6881 1835 1
6881 1825 1
6881 3795 1
6881 378 1
6881 535 1
6881 4335 1
6881 1889 1
6881 2240 1
6881 1110 1
6881 2816 1
6881 3033 1
6881 985 1
6881 3196 1
6881 2248 1
6881 375 1
6881 4104 1
6881 4339 1
6881 1610 1
6881 4122 1
6883 2738 1
6883 1540 1
6883 4072 1
6883 3241 1
6883 4306 1
6883 3197 1
6883 3520 1
6883 4422 1
6883 2577 1
6883 4171 1
6883 2031 1
6883 1578 1
6883 1122 1
6883 2763 1
6889 1763 1
6889 2092 1
6889 1122 1
6889 3241 1
6889 2340 1
6889 1566 1
6889 3534 1
6889 139 1
6889 1492 1
6889 1578 1
6889 24 1
6889 1355 1
6889 3999 1
6889 4182 1
6889 2148 1
6889 359 1
6889 2578 1
6889 1077 1
6889 2577 1
6889 247 1
6889 893 1
6889 326 1
6889 3522 1
6889 1691 1
6892 3442 1
6892 1795 1
6892 4449 1
6892 421 1
6892 2410 1
6893 3960 1
6893 710 1
6893 375 1
6893 3246 1
6893 1646 1
6893 2294 1
6893 2858 1
6893 2351 1
6897 1769 1
6897 3196 1
6897 27 1
6898 3824 1
6898 613 1
6898 2954 1
6898 223 1
6898 1127 1
6898 3864 1
6898 4509 1
6898 522 1
6898 1625 1
6898 4073 1
6898 2484 1
6898 1917 1
6898 3196 1
6898 1759 1
6898 3197 1
6898 2117 1
6898 1835 1
6898 4505 1
6898 2092 1
6898 816 1
6898 4204 1
6898 2740 1
6898 1528 1
6898 4251 1
6898 2695 1
6898 1236 1
6898 1535 1
6898 269 1
6898 314 1
6898 4306 1
6898 256 1
6898 908 1
6898 1578 1
6898 2697 1
6898 4021 1
6898 1135 1
6898 4584 1
6898 3440 1
6898 4476 1
6898 720 1
6898 1470 1
6898 649 1
6898 1924 1
6898 4339 1
6898 3659 1
6898 2677 1
6898 4001 1
6898 4744 1
6906 3246 1
6906 930 1
6906 267 1
6906 2519 1
6906 874 1
6906 863 1
6906 4358 1
6906 208 1
6908 3714 1
6908 4738 1
6908 4122 1
6908 3972 1
6908 337 1
6908 2577 1
6908 2192 1
6908 2655 1
6909 1110 1
6909 3972 1
6909 3464 1
6909 1759 1
6909 2023 1
6909 4251 1
6909 1021 1
6909 616 1
6909 4410 1
6909 1348 1
6909 3450 1
6909 1428 1
6909 322 1
6909 1881 1
6909 2748 1
6909 3065 1
6909 359 1
6909 1603 1
6909 1502 1
6909 3373 1
6909 2031 1
6909 3686 1
6909 4266 1
6909 4425 1
6909 4659 1
6909 4467 1
6909 1354 1
6909 4465 1
6909 2921 1
6909 1578 1
6909 516 1
6909 2101 1
6909 989 1
6909 244 1
6909 1675 1
6909 2051 1
6909 2943 1
6909 4023 1
6909 1367 1
6909 163 1
6909 3787 1
6909 417 1
6909 4459 1
6909 3698 1
6909 4054 1
6909 1007 1
6909 2612 1
6909 2283 1
6909 3544 1
6909 2740 1
6909 653 1
6909 4367 1
6909 3075 1
6909 3682 1
6909 2695 1
6909 4203 1
6909 8 1
6909 3603 1
6909 3562 1
6909 2092 1
6909 3831 1
6909 3196 1
6909 2875 1
6909 2681 1
6909 2744 1
6909 282 1
6909 766 1
6909 1646 1
6909 3811 1
6909 3599 1
6910 4213 1
6910 2540 1
6910 2092 1
6914 3667 1
6915 2159 1
6915 4562 1
6915 1879 1
6916 3787 1
6916 4444 1
6916 2550 1
6916 270 1
6916 311 1
6916 1540 1
6916 3992 1
6916 2956 1
6916 1753 1
6916 997 1
6918 997 1
6918 4744 1
6920 1493 1
6920 4553 1
6920 3329 1
6920 27 1
6920 1196 1
6920 2484 1
6920 4343 1
6920 4344 1
6920 1572 1
6920 782 1
6920 3160 1
6920 2354 1
6920 2130 1
6920 2658 1
6920 4189 1
6920 3175 1
6920 3285 1
6920 1199 1
6920 31 1
6920 3874 1
6920 162 1
6920 3273 1
6920 591 1
6920 1835 1
6920 405 1
6920 282 1
6920 1275 1
6920 399 1
6920 595 1
6920 707 1
6920 898 1
6920 1771 1
6920 258 1
6920 838 1
6920 833 1
6922 2004 1
6922 522 1
6922 3653 1
6922 1429 1
6922 1115 1
6922 117 1
6922 4422 1
6922 4485 1
6922 4171 1
6922 3930 1
6922 292 1
6922 2850 1
6922 989 1
6922 1252 1
6922 395 1
6922 3769 1
6922 1769 1
6922 378 1
6922 3096 1
6922 1540 1
6922 1229 1
6922 2051 1
6922 3795 1
6922 3763 1
6922 4298 1
6922 306 1
6922 4504 1
6922 1472 1
6922 2900 1
6922 3329 1
6922 4184 1
6922 727 1
6922 2867 1
6922 1281 1
6922 3320 1
6922 3567 1
6922 1129 1
6922 2307 1
6922 3667 1
6922 1135 1
6922 375 1
6922 874 1
6922 80 1
6929 3196 1
6929 3281 1
6929 4171 1
6929 3104 1
6929 1179 1
6929 4548 1
6929 3197 1
6929 4562 1
6929 4335 1
6929 371 1
6929 893 1
6929 3357 1
6929 2697 1
6930 417 1
6933 3801 1
6933 1135 1
6933 832 1
6933 4001 1
6933 42 1
6933 4467 1
6933 903 1
6933 2748 1
6933 3731 1
6933 1499 1
6934 3216 1
6934 4422 1
6936 3464 1
6936 3799 1
6936 160 1
6936 2764 1
6936 4267 1
6936 765 1
6936 399 1
6936 3534 1
6936 1537 1
6940 1594 1
6940 1610 1
6941 73 1
6941 421 1
6941 4422 1
6941 1763 1
6942 3291 1
6944 760 1
6944 2148 1
6944 1373 1
6944 1835 1
6944 1594 1
6944 3972 1
6944 4422 1
6946 358 1
6946 1506 1
6951 3241 1
6951 4000 1
6951 3507 1
6954 2296 1
6954 2820 1
6954 81 1
6954 2085 1
6954 464 1
6954 2866 1
6954 4194 1
6954 1761 1
6954 419 1
6954 2657 1
6954 3457 1
6954 273 1
6954 3399 1
6955 378 1
6955 1072 1
6959 3065 1
6965 4736 1
6965 2226 1
6965 3370 1
6967 3863 1
6967 2352 1
6967 3569 1
6967 2542 1
6967 1499 1
6967 1855 1
6967 874 1
6967 1968 1
6967 3021 1
6967 2393 1
6967 421 1
6972 1096 1
6972 874 1
6972 3154 1
6972 1601 1
6972 27 1
6972 4417 1
6972 1556 1
6972 4352 1
6972 2116 1
6972 535 1
6972 4122 1
6972 3600 1
6972 201 1
6972 906 1
6972 3067 1
6972 842 1
6972 3549 1
6972 1686 1
6972 857 1
6972 3921 1
6972 782 1
6972 1324 1
6972 2681 1
6972 847 1
6972 3795 1
6972 3170 1
6972 2577 1
6972 522 1
6972 2922 1
6972 4278 1
6972 3373 1
6972 1985 1
6972 3558 1
6972 358 1
6972 1179 1
6972 1863 1
6972 282 1
6972 1902 1
6972 2382 1
6972 2875 1
6972 1763 1
6972 1799 1
6972 4080 1
6972 311 1
6972 3450 1
6972 3839 1
6972 1236 1
6972 3897 1
6972 3972 1
6974 1759 1
6974 1122 1
6974 3192 1
6974 535 1
6979 2463 1
6979 1954 1
6979 4460 1
6979 3489 1
6979 359 1
6979 3241 1
6980 3447 1
6980 4670 1
6982 2644 1
6982 4381 1
6982 417 1
6982 2738 1
6982 4192 1
6982 2591 1
6982 1610 1
6982 4055 1
6982 2280 1
6982 1521 1
6982 4422 1
6982 2701 1
6982 2740 1
6982 997 1
6982 3316 1
6984 1646 1
6984 1348 1
6984 2881 1
6984 3267 1
6984 87 1
6984 816 1
6984 2505 1
6984 3464 1
6984 1071 1
6984 2020 1
6989 1915 1
6989 2528 1
6989 9 1
6989 3657 1
6989 4640 1
6989 1960 1
6989 3693 1
6989 1644 1
6989 1115 1
6989 11 1
6989 1196 1
6989 970 1
6989 45 1
6989 4311 1
6989 1300 1
6989 4589 1
6989 4026 1
6989 2354 1
6989 546 1
6989 4735 1
6989 1996 1
6989 3488 1
6989 3260 1
6989 2015 1
6989 833 1
6989 2069 1
6989 4194 1
6989 2866 1
6989 3565 1
6989 2971 1
6989 4143 1
6989 2820 1
6992 1096 1
6992 3011 1
6992 2092 1
6992 3710 1
6992 1110 1
6992 3983 1
6992 2131 1
6994 1122 1
6994 3246 1
6994 247 1
6994 1578 1
6994 1118 1
6994 1224 1
6994 249 1
6994 3019 1
6994 1575 1
6994 3464 1
6994 1646 1
6994 3197 1
6997 2474 1
6998 3866 1
6998 1194 1
7000 1610 1
7002 1825 1
7002 3495 1
7002 1544 1
7002 3718 1
7002 1013 1
7002 3142 1
7002 3687 1
7002 2705 1
7002 2499 1
7007 1902 1
7007 3291 1
7007 3281 1
7007 2092 1
7007 1610 1
7008 247 1
7008 3197 1
7010 3999 1
7010 3272 1
7010 3205 1
7010 3534 1
7010 1774 1
7010 1857 1
7010 3660 1
7010 1521 1
7010 3109 1
7010 4028 1
7013 2477 1
7013 169 1
7013 3740 1
7013 2693 1
7013 1097 1
7013 3714 1
7013 1148 1
7013 1122 1
7013 3329 1
7013 4440 1
7013 2474 1
7013 3246 1
7013 501 1
7013 3196 1
7013 922 1
7013 984 1
7014 2731 1
7014 4548 1
7014 3366 1
7014 930 1
7014 4380 1
7014 3401 1
7014 790 1
7014 417 1
7014 3009 1
7014 4186 1
7014 3464 1
7014 2783 1
7015 3740 1
7015 2577 1
7015 1624 1
7015 3936 1
7015 1902 1
7015 1073 1
7015 1827 1
7015 4450 1
7015 1739 1
7015 4422 1
7015 2321 1
7015 169 1
7015 330 1
7015 1540 1
7017 3758 1
7017 2142 1
7017 169 1
7017 3401 1
7017 2094 1
7017 2783 1
7017 2124 1
7017 4024 1
7017 291 1
7017 2920 1
7017 1203 1
7017 1348 1
7017 1013 1
7017 4700 1
7018 4401 1
7018 1105 1
7023 2195 1
7023 4122 1
7023 1463 1
7023 367 1
7023 3999 1
7023 631 1
7023 4542 1
7023 1624 1
7023 2092 1
7023 3534 1
7025 2192 1
7025 838 1
7025 874 1
7025 588 1
7025 782 1
7025 4553 1
7025 4590 1
7025 4324 1
7025 2517 1
7025 2595 1
7025 3514 1
7025 2473 1
7025 3488 1
7025 2866 1
7033 2908 1
7033 1830 1
7033 2819 1
7033 2339 1
7033 358 1
7033 4097 1
7033 1708 1
7033 4491 1
7033 825 1
7033 4630 1
7033 3215 1
7033 931 1
7033 2407 1
7033 1433 1
7033 4262 1
7034 3361 1
7034 1211 1
7034 2587 1
7034 4449 1
7034 1135 1
7034 4744 1
7034 1297 1
7034 3739 1
7034 2974 1
7034 578 1
7034 3721 1
7036 3963 1
7036 3274 1
7036 1953 1
7036 2219 1
7037 4548 1
7037 3241 1
7037 1118 1
7038 3352 1
7038 1566 1
7038 4268 1
7038 57 1
7041 4009 1
7041 46 1
7041 3999 1
7041 1825 1
7041 3452 1
7041 989 1
7041 1603 1
7041 3011 1
7041 4485 1
7041 2304 1
7041 1600 1
7041 4000 1
7041 1521 1
7041 1610 1
7041 4266 1
7041 3336 1
7041 3241 1
7041 3972 1
7041 4467 1
7041 1238 1
7041 4519 1
7041 1324 1
7041 4670 1
7041 330 1
7041 1122 1
7041 1594 1
7041 1902 1
7041 1505 1
7041 4122 1
7041 3267 1
7041 3450 1
7041 1578 1
7041 2748 1
7041 2333 1
7041 1072 1
7041 4401 1
7041 2092 1
7041 1588 1
7041 137 1
7041 1540 1
7041 3534 1
7041 4744 1
7041 3353 1
7041 3277 1
7043 2577 1
7043 970 1
7043 838 1
7043 3154 1
7043 127 1
7043 457 1
7043 375 1
7043 1196 1
7043 682 1
7043 3547 1
7043 588 1
7043 2706 1
7043 1794 1
7043 3693 1
7043 2542 1
7043 755 1
7043 2473 1
7043 2873 1
7043 1072 1
7043 1878 1
7043 4137 1
7043 2553 1
7043 4493 1
7043 1814 1
7043 1116 1
7043 2449 1
7043 419 1
7043 4498 1
7045 3241 1
7045 378 1
7045 3871 1
7050 3507 1
7053 3714 1
7055 3378 1
7055 2681 1
7055 4306 1
7055 375 1
7055 3489 1
7055 67 1
7055 4300 1
7056 1578 1
7057 4548 1
7060 535 1
7060 930 1
7060 1168 1
7060 1811 1
7060 352 1
7060 4744 1
7062 2577 1
7062 756 1
7064 75 1
7064 2333 1
7064 45 1
7064 1644 1
7064 3693 1
7064 2069 1
7064 4553 1
7064 1915 1
7064 4498 1
7065 1540 1
7066 3921 1
7066 4389 1
7066 1578 1
7066 3291 1
7066 1763 1
7066 337 1
7066 2092 1
7066 874 1
7066 1540 1
7066 539 1
7066 1173 1
7066 1958 1
7066 4104 1
7066 522 1
7066 4339 1
7068 3543 1
7068 276 1
7068 3238 1
7068 3952 1
7068 595 1
7068 1154 1
7068 4449 1
7068 2252 1
7068 1072 1
7068 1865 1
7068 78 1
7068 1557 1
7068 2519 1
7068 1893 1
7068 1122 1
7068 68 1
7068 423 1
7068 3859 1
7068 1636 1
7068 3197 1
7068 4498 1
7068 2392 1
7068 3154 1
7068 2308 1
7068 2681 1
7068 2234 1
7068 2903 1
7068 2293 1
7068 3546 1
7068 878 1
7068 2442 1
7068 1835 1
7068 419 1
7068 1702 1
7068 2595 1
7068 358 1
7068 2286 1
7068 3580 1
7068 2908 1
7068 2956 1
7068 997 1
7068 1382 1
7068 1193 1
7068 3972 1
7068 2788 1
7068 366 1
7068 2475 1
7068 971 1
7068 2797 1
7068 1566 1
7068 2153 1
7068 4483 1
7068 3864 1
7068 1238 1
7068 3787 1
7068 781 1
7068 375 1
7068 2507 1
7068 1236 1
7068 664 1
7068 1540 1
7068 378 1
7068 4309 1
7068 3300 1
7068 4422 1
7068 2132 1
7068 2659 1
7068 2473 1
7068 931 1
7068 10 1
7078 3329 1
7078 3583 1
7078 3450 1
7078 417 1
7078 4423 1
7078 3546 1
7078 2748 1
7078 997 1
7078 1499 1
7078 4401 1
7078 3536 1
7078 2092 1
7082 1044 1
7084 290 1
7084 3972 1
7084 3871 1
7084 3999 1
7084 4670 1
7084 3241 1
7084 3018 1
7084 24 1
7084 2092 1
7084 1505 1
7084 3866 1
7084 3452 1
7084 4366 1
7084 1588 1
7084 3534 1
7084 4751 1
7084 4000 1
7085 4756 1
7088 2578 1
7088 4401 1
7088 1485 1
7088 1857 1
7088 2148 1
7088 1400 1
7088 4001 1
7088 3831 1
7088 4562 1
7088 1610 1
7088 616 1
7088 74 1
7088 427 1
7088 1566 1
7088 4380 1
7088 1891 1
7088 203 1
7088 3164 1
7088 2770 1
7088 3871 1
7088 4460 1
7088 2131 1
7088 1499 1
7088 3291 1
7088 3215 1
7088 1879 1
7088 1825 1
7088 4523 1
7088 765 1
7088 4231 1
7088 630 1
7088 4542 1
7088 3669 1
7088 1954 1
7088 522 1
7088 2901 1
7088 3378 1
7088 947 1
7088 1105 1
7088 1824 1
7088 1902 1
7088 893 1
7088 2855 1
7088 362 1
7088 1525 1
7088 3232 1
7088 2250 1
7088 3857 1
7088 2748 1
7088 3698 1
7088 3999 1
7088 3567 1
7088 4582 1
7088 3615 1
7088 4009 1
7088 3135 1
7088 1077 1
7088 4061 1
7088 3866 1
7088 2219 1
7088 4422 1
7088 2534 1
7088 3109 1
7088 4437 1
7088 4212 1
7088 3972 1
7088 3967 1
7088 2173 1
7092 3126 1
7092 4467 1
7092 3246 1
7092 4021 1
7092 669 1
7092 2370 1
7092 1174 1
7092 4266 1
7092 220 1
7092 3711 1
7092 1192 1
7092 3988 1
7092 3967 1
7092 1714 1
7092 3873 1
7092 1521 1
7092 4287 1
7092 3556 1
7092 1754 1
7092 4512 1
7092 934 1
7092 3812 1
7092 2303 1
7092 3055 1
7092 1355 1
7092 1302 1
7092 3530 1
7092 123 1
7092 475 1
7092 247 1
7092 4380 1
7092 3329 1
7092 3713 1
7092 2087 1
7092 4239 1
7092 3234 1
7092 1540 1
7092 2382 1
7092 3278 1
7092 2579 1
7092 3452 1
7092 3217 1
7092 2787 1
7092 4356 1
7092 4367 1
7092 4764 1
7092 4755 1
7092 1588 1
7098 3154 1
7098 711 1
7098 3972 1
7098 417 1
7098 4104 1
7098 1473 1
7098 730 1
7099 3811 1
7099 4107 1
7099 3246 1
7099 2124 1
7099 2094 1
7099 1373 1
7099 3094 1
7099 1688 1
7099 3464 1
7099 4605 1
7099 1509 1
7099 223 1
7099 1118 1
7099 3983 1
7099 291 1
7099 4467 1
7099 4105 1
7099 821 1
7099 4302 1
7099 4755 1
7099 1575 1
7099 1902 1
7099 1872 1
7099 78 1
7099 2679 1
7099 991 1
7099 658 1
7099 1608 1
7099 4113 1
7099 1646 1
7099 1617 1
7099 1759 1
7099 3077 1
7099 2136 1
7099 1139 1
7099 633 1
7099 818 1
7099 1603 1
7099 3960 1
7099 836 1
7099 2305 1
7099 2142 1
7099 3714 1
7099 420 1
7099 2378 1
7099 1475 1
7099 1853 1
7099 2777 1
7099 1610 1
7099 2059 1
7099 2151 1
7099 2677 1
7099 118 1
7099 3569 1
7099 1127 1
7099 2573 1
7099 1540 1
7099 1438 1
7099 3562 1
7099 1507 1
7099 3804 1
7099 1621 1
7099 1170 1
7099 2818 1
7101 3667 1
7101 3196 1
7101 2221 1
7103 1621 1
7104 2039 1
7104 893 1
7104 2741 1
7104 4434 1
7104 4548 1
7104 2338 1
7104 4562 1
7108 4102 1
7108 3811 1
7108 1316 1
7108 2519 1
7118 3999 1
7118 2458 1
7118 4687 1
7118 571 1
7118 358 1
7118 3714 1
7118 2578 1
7118 3912 1
7118 1348 1
7118 3164 1
7118 1624 1
7118 1945 1
7118 3241 1
7118 1610 1
7118 720 1
7118 4401 1
7118 375 1
7118 4380 1
7118 1540 1
7118 4456 1
7118 4542 1
7118 4511 1
7118 3011 1
7118 3534 1
7118 350 1
7118 1954 1
7120 535 1
7120 1953 1
7120 362 1
7120 3638 1
7120 4423 1
7120 2881 1
7120 3562 1
7126 3580 1
7126 3179 1
7126 4511 1
7126 4449 1
7126 3838 1
7126 3972 1
7126 247 1
7126 2612 1
7126 378 1
7126 375 1
7126 3267 1
7126 2476 1
7126 421 1
7126 730 1
7126 3546 1
7126 997 1
7126 4548 1
7126 1765 1
7126 2092 1
7127 4423 1
7127 3999 1
7127 1139 1
7127 337 1
7127 2092 1
7127 4216 1
7132 2606 1
7132 3011 1
7132 4467 1
7132 4584 1
7132 3196 1
7132 2956 1
7132 4659 1
7132 4542 1
7132 2612 1
7132 3215 1
7132 1462 1
7134 3704 1
7134 3960 1
7134 1610 1
7134 1186 1
7134 350 1
7134 4511 1
7134 4699 1
7134 1588 1
7134 3382 1
7134 2469 1
7134 4292 1
7134 3366 1
7134 456 1
7134 2577 1
7134 3653 1
7134 1945 1
7134 1624 1
7134 4422 1
7134 3152 1
7134 1540 1
7134 4620 1
7134 169 1
7134 4206 1
7134 1719 1
7134 3866 1
7134 3999 1
7134 4009 1
7134 3241 1
7134 4755 1
7134 1499 1
7134 1013 1
7134 2955 1
7134 1521 1
7134 3464 1
7134 992 1
7134 118 1
7134 1838 1
7134 1578 1
7135 2393 1
7135 535 1
7135 1139 1
7135 3373 1
7135 4001 1
7135 1594 1
7135 1601 1
7135 997 1
7135 1348 1
7135 616 1
7136 744 1
7136 4457 1
7136 3450 1
7136 4755 1
7136 604 1
7136 2476 1
7136 2313 1
7141 2163 1
7141 2092 1
7141 2148 1
7141 2484 1
7141 888 1
7142 4605 1
7142 2681 1
7142 326 1
7142 2309 1
7142 4298 1
7142 3060 1
7142 1023 1
7142 2586 1
7142 1610 1
7142 989 1
7142 1239 1
7142 2313 1
7142 1013 1
7142 2331 1
7142 2577 1
7142 3513 1
7142 3864 1
7142 3021 1
7142 3653 1
7142 4690 1
7142 3562 1
7142 4467 1
7142 3196 1
7142 4678 1
7142 2041 1
7142 1945 1
7146 1179 1
7146 4642 1
7146 2041 1
7146 2922 1
7146 1902 1
7147 3567 1
7147 475 1
7147 3034 1
7147 3713 1
7147 227 1
7147 893 1
7147 4273 1
7148 2382 1
7148 3667 1
7148 152 1
7148 3866 1
7148 2092 1
7148 1077 1
7149 1547 1
7149 1960 1
7149 292 1
7149 1865 1
7149 2589 1
7149 3488 1
7149 3049 1
7149 4158 1
7149 4553 1
7149 2658 1
7149 399 1
7149 4565 1
7149 2109 1
7149 4086 1
7149 27 1
7149 1199 1
7149 1254 1
7149 838 1
7149 2681 1
7149 2866 1
7149 707 1
7151 161 1
7151 3664 1
7151 1283 1
7151 4751 1
7151 3267 1
7151 3972 1
7151 893 1
7152 3241 1
7152 3024 1
7153 3291 1
7153 3999 1
7153 2092 1
7153 647 1
7153 1646 1
7153 2730 1
7153 3866 1
7153 1540 1
7153 4159 1
7153 2748 1
7161 3200 1
7161 1780 1
7161 3813 1
7161 211 1
7161 3043 1
7161 267 1
7161 4254 1
7161 4193 1
7161 1072 1
7161 4213 1
7166 3904 1
7166 1540 1
7166 1006 1
7167 3972 1
7167 1540 1
7167 3866 1
7167 3077 1
7167 3562 1
7167 2273 1
7167 778 1
7167 4422 1
7167 378 1
7167 4562 1
7167 247 1
7167 4072 1
7167 1906 1
7167 3081 1
7167 2148 1
7167 1324 1
7170 3154 1
7170 1110 1
7170 2577 1
7170 359 1
7170 821 1
7170 4562 1
7170 3267 1
7170 1544 1
7170 1578 1
7170 714 1
7170 1954 1
7170 522 1
7170 3871 1
7170 1825 1
7170 857 1
7170 3102 1
7170 4108 1
7170 2763 1
7170 1505 1
7170 4104 1
7170 893 1
7170 4072 1
7170 3543 1
7170 247 1
7170 3546 1
7170 3534 1
7170 1610 1
7170 378 1
7170 2219 1
7170 1373 1
7170 4021 1
7170 1218 1
7170 2305 1
7170 337 1
7170 3507 1
7170 4553 1
7170 1540 1
7170 3378 1
7170 838 1
7170 790 1
7170 3811 1
7170 1139 1
7170 1492 1
7170 3241 1
7170 4306 1
7170 46 1
7170 2922 1
7170 3787 1
7170 997 1
7170 4744 1
7170 2987 1
7170 137 1
7170 1236 1
7170 989 1
7170 2612 1
7170 3667 1
7170 4584 1
7170 4122 1
7170 375 1
7170 4423 1
7170 3522 1
7170 4751 1
7170 3866 1
7170 628 1
7170 3385 1
7170 1566 1
7170 4216 1
7170 4001 1
7170 2920 1
7170 2342 1
7172 3502 1
7172 2831 1
7172 2069 1
7172 1015 1
7172 27 1
7172 670 1
7172 399 1
7172 1952 1
7172 1337 1
7172 3049 1
7172 1780 1
7172 2965 1
7172 588 1
7172 1275 1
7172 4122 1
7172 2177 1
7172 825 1
7172 3612 1
7172 1196 1
7172 4478 1
7172 1147 1
7172 3673 1
7172 2598 1
7172 782 1
7172 2866 1
7172 106 1
7172 3364 1
7172 3752 1
7172 3795 1
7172 3431 1
7172 1682 1
7172 4031 1
7172 1542 1
7172 3635 1
7172 982 1
7172 1115 1
7172 2577 1
7172 1461 1
7172 874 1
7172 3160 1
7172 1960 1
7172 267 1
7172 4324 1
7172 2922 1
7172 2118 1
7176 3870 1
7176 1071 1
7176 2039 1
7176 1907 1
7176 2880 1
7176 2219 1
7178 1117 1
7178 3734 1
7178 3241 1
7178 2763 1
7178 3323 1
7180 522 1
7180 3837 1
7180 4104 1
7180 3241 1
7180 2219 1
7180 378 1
7180 3543 1
7182 1540 1
7182 2966 1
7182 3241 1
7182 1954 1
7184 33 1
7184 4422 1
7184 2920 1
7184 1122 1
7184 4399 1
7184 892 1
7185 2577 1
7185 1236 1
7185 1540 1
7186 3534 1
7186 4156 1
7186 1122 1
7189 3972 1
7189 874 1
7189 3999 1
7189 1610 1
7189 1354 1
7189 4422 1
7189 2538 1
7189 468 1
7189 4319 1
7189 4159 1
7189 4250 1
7189 2748 1
7189 2364 1
7189 3154 1
7189 3308 1
7189 68 1
7189 4254 1
7189 893 1
7189 1096 1
7189 3567 1
7189 2777 1
7189 3561 1
7189 4021 1
7189 1917 1
7189 4449 1
7189 2092 1
7189 3461 1
7189 749 1
7189 4029 1
7189 628 1
7189 4346 1
7190 1945 1
7190 1179 1
7190 3562 1
7192 3452 1
7192 3837 1
7192 1999 1
7192 2148 1
7192 1476 1
7192 4422 1
7192 282 1
7192 2748 1
7192 3246 1
7194 2639 1
7194 2159 1
7194 1835 1
7194 4609 1
7194 9 1
7194 2748 1
7194 2922 1
7195 2875 1
7195 2234 1
7195 3669 1
7195 378 1
7195 2866 1
7195 73 1
7195 2176 1
7195 1466 1
7195 3170 1
7195 3053 1
7195 2763 1
7195 1835 1
7195 4212 1
7195 4179 1
7195 4519 1
7195 1745 1
7195 2473 1
7195 2305 1
7195 1954 1
7195 2484 1
7195 1939 1
7195 3853 1
7199 3329 1
7199 4423 1
7199 997 1
7199 1071 1
7199 4401 1
7199 1203 1
7199 2920 1
7202 1699 1
7202 4558 1
7202 67 1
7202 1122 1
7202 1529 1
7202 4021 1
7202 4401 1
7202 475 1
7202 302 1
7202 3850 1
7202 2956 1
7202 3114 1
7202 3522 1
7202 2586 1
7202 95 1
7202 1647 1
7202 2996 1
7202 4339 1
7202 3498 1
7202 997 1
7202 1759 1
7202 730 1
7203 256 1
7203 1095 1
7203 223 1
7203 4588 1
7203 4269 1
7203 3150 1
7203 24 1
7203 1348 1
7203 2956 1
7203 2577 1
7203 125 1
7203 2067 1
7203 1619 1
7203 4467 1
7205 4000 1
7205 1540 1
7205 2362 1
7208 1012 1
7208 1110 1
7208 4422 1
7208 1573 1
7208 3613 1
7208 3863 1
7208 272 1
7208 3567 1
7209 613 1
7209 2030 1
7209 4603 1
7209 1528 1
7209 2961 1
7212 1286 1
7212 947 1
7212 1056 1
7212 3534 1
7212 2219 1
7212 1505 1
7212 4401 1
7212 893 1
7212 3866 1
7212 1077 1
7212 2299 1
7212 3740 1
7212 4423 1
7212 3871 1
7212 2039 1
7215 4364 1
7216 4024 1
7216 2092 1
7220 2784 1
7220 3498 1
7220 3795 1
7220 1085 1
7220 2044 1
7220 131 1
7220 986 1
7220 1236 1
7220 436 1
7222 2573 1
7222 2577 1
7224 3196 1
7224 3365 1
7224 1773 1
7224 2748 1
7224 3569 1
7224 360 1
7224 997 1
7224 4001 1
7224 1540 1
7227 3154 1
7227 2219 1
7227 3497 1
7227 4160 1
7227 1285 1
7227 3546 1
7227 4482 1
7227 3197 1
7227 3874 1
7229 2577 1
7240 4021 1
7240 1521 1
7240 3713 1
7240 3758 1
7240 1621 1
7240 4090 1
7240 1917 1
7240 169 1
7240 4467 1
7240 4266 1
7240 1945 1
7240 1566 1
7240 3795 1
7240 123 1
7240 3920 1
7240 4695 1
7240 118 1
7240 1719 1
7240 3317 1
7240 4496 1
7240 4512 1
7240 4108 1
7240 1578 1
7240 2993 1
7240 4250 1
7240 1951 1
7240 1920 1
7240 161 1
7240 2142 1
7240 1752 1
7240 482 1
7240 2906 1
7240 3242 1
7240 4579 1
7240 2913 1
7240 4554 1
7240 852 1
7240 2043 1
7240 2548 1
7240 4300 1
7240 3188 1
7240 4410 1
7240 2340 1
7240 222 1
7240 3773 1
7240 1348 1
7240 3104 1
7240 930 1
7240 631 1
7240 628 1
7240 1540 1
7241 4422 1
7243 2854 1
7243 3963 1
7243 4117 1
7243 362 1
7243 3628 1
7243 1122 1
7243 4306 1
7243 997 1
7243 3401 1
7243 3135 1
7243 1825 1
7243 4548 1
7243 1954 1
7243 4422 1
7243 4380 1
7243 4266 1
7243 1505 1
7243 3698 1
7243 2612 1
7243 4345 1
7243 4523 1
7243 2101 1
7243 3267 1
7243 3196 1
7243 1552 1
7243 4000 1
7243 4401 1
7243 359 1
7243 1355 1
7243 842 1
7243 2079 1
7243 3075 1
7243 3787 1
7243 3241 1
7243 4744 1
7243 4519 1
7243 3999 1
7243 4423 1
7243 2148 1
7243 1578 1
7243 1566 1
7243 1118 1
7243 475 1
7243 2881 1
7243 4542 1
7243 3871 1
7243 4670 1
7243 4206 1
7243 535 1
7243 671 1
7243 2362 1
7243 3561 1
7243 2131 1
7243 8 1
7243 4104 1
7243 2484 1
7243 4546 1
7243 4122 1
7243 4511 1
7243 3567 1
7243 1879 1
7243 3615 1
7243 3534 1
7243 3489 1
7243 765 1
7243 3274 1
7243 714 1
7243 3972 1
7243 720 1
7243 3967 1
7245 2131 1
7245 1733 1
7245 4670 1
7245 4449 1
7245 3241 1
7245 4122 1
7245 4000 1
7245 3197 1
7245 284 1
7245 1179 1
7245 3452 1
7245 3281 1
7245 1492 1
7247 1540 1
7248 4584 1
7248 2763 1
7248 3740 1
7248 3656 1
7248 1392 1
7248 1798 1
7248 1096 1
7248 4615 1
7248 2153 1
7248 3467 1
7248 265 1
7248 229 1
7248 4171 1
7248 4001 1
7248 2740 1
7248 1178 1
7248 1170 1
7248 2092 1
7248 1285 1
7248 4273 1
7248 1803 1
7248 816 1
7248 24 1
7248 1611 1
7248 790 1
7248 3154 1
7248 2220 1
7248 1139 1
7248 4072 1
7248 1765 1
7248 3357 1
7248 1759 1
7248 821 1
7248 3787 1
7248 371 1
7248 358 1
7248 3267 1
7248 3197 1
7248 522 1
7248 2809 1
7248 4475 1
7248 1858 1
7249 27 1
7249 1644 1
7249 595 1
7249 378 1
7249 838 1
7256 1635 1
7256 305 1
7256 2515 1
7256 1578 1
7256 838 1
7256 2822 1
7256 2763 1
7256 3777 1
7256 1694 1
7256 753 1
7256 3836 1
7256 3808 1
7256 1540 1
7256 3401 1
7256 997 1
7256 290 1
7256 2305 1
7256 1696 1
7256 3920 1
7256 3192 1
7256 3888 1
7256 2184 1
7256 3399 1
7256 3740 1
7256 2725 1
7256 2141 1
7256 3447 1
7256 3186 1
7256 2771 1
7256 256 1
7256 4159 1
7256 4751 1
7256 1612 1
7256 1429 1
7256 3246 1
7256 169 1
7256 2136 1
7256 1853 1
7256 4564 1
7256 844 1
7256 658 1
7256 68 1
7256 3889 1
7256 2298 1
7256 3904 1
7256 535 1
7256 3277 1
7256 2726 1
7256 2407 1
7256 3498 1
7256 436 1
7256 3067 1
7256 1835 1
7256 3009 1
7256 4430 1
7256 3467 1
7256 4302 1
7256 247 1
7256 2740 1
7256 66 1
7256 1610 1
7256 3982 1
7256 522 1
7256 4422 1
7256 3196 1
7256 3085 1
7256 1564 1
7256 989 1
7258 3852 1
7258 4212 1
7258 4122 1
7260 1355 1
7260 364 1
7260 3378 1
7260 4401 1
7260 2077 1
7260 906 1
7260 2391 1
7260 1122 1
7260 4102 1
7260 4418 1
7260 2578 1
7260 362 1
7260 2324 1
7260 3866 1
7260 569 1
7260 3389 1
7260 545 1
7260 1307 1
7260 1286 1
7260 3397 1
7260 3880 1
7260 3428 1
7260 4720 1
7260 1593 1
7260 4380 1
7260 1770 1
7260 3293 1
7260 1890 1
7260 1105 1
7260 3291 1
7261 80 1
7263 475 1
7263 2655 1
7263 24 1
7263 4122 1
7263 4021 1
7263 2943 1
7265 2142 1
7265 1540 1
7265 1499 1
7265 4389 1
7265 1578 1
7265 4700 1
7265 1646 1
7265 3291 1
7266 1193 1
7266 1578 1
7271 3241 1
7271 1610 1
7271 1835 1
7271 3164 1
7271 3274 1
7271 3534 1
7271 1077 1
7271 4405 1
7271 4401 1
7275 2476 1
7275 421 1
7275 4203 1
7277 1036 1
7277 1506 1
7277 4029 1
7277 4702 1
7277 4385 1
7277 4484 1
7277 3736 1
7277 3104 1
7277 539 1
7277 2542 1
7277 838 1
7277 1505 1
7277 2365 1
7277 4545 1
7277 1578 1
7277 3461 1
7277 1644 1
7277 2126 1
7277 3462 1
7277 2981 1
7277 3921 1
7277 522 1
7277 782 1
7277 2092 1
7277 3465 1
7277 2118 1
7277 1077 1
7277 1009 1
7277 931 1
7277 419 1
7277 546 1
7277 198 1
7277 3376 1
7277 3904 1
7277 4443 1
7281 4345 1
7281 2577 1
7281 842 1
7281 616 1
7281 1085 1
7281 1616 1
7281 2382 1
7281 3450 1
7281 1117 1
7281 2105 1
7281 1993 1
7281 4022 1
7285 2382 1
7285 3999 1
7285 4061 1
7285 337 1
7285 1825 1
7285 3562 1
7285 1798 1
7285 4548 1
7285 765 1
7285 3696 1
7285 3274 1
7285 4670 1
7285 1203 1
7285 4122 1
7285 2299 1
7285 2023 1
7285 1958 1
7285 1803 1
7285 2920 1
7285 3196 1
7285 2148 1
7285 295 1
7285 2305 1
7285 4543 1
7285 4744 1
7285 3740 1
7285 2612 1
7285 3561 1
7285 3291 1
7285 893 1
7285 4553 1
7285 2101 1
7285 4422 1
7285 1118 1
7285 1835 1
7285 1902 1
7285 1540 1
7285 8 1
7285 816 1
7285 3534 1
7285 3018 1
7285 3972 1
7285 1505 1
7285 1492 1
7285 4751 1
7285 3197 1
7285 3009 1
7285 2092 1
7285 4000 1
7285 2763 1
7285 633 1
7285 1236 1
7285 3613 1
7285 2577 1
7285 46 1
7285 1096 1
7285 375 1
7285 358 1
7285 3787 1
7285 2340 1
7285 1525 1
7285 3837 1
7285 3967 1
7285 4345 1
7285 4423 1
7285 290 1
7285 997 1
7285 4467 1
7285 1193 1
7285 4212 1
7286 3711 1
7286 675 1
7286 4553 1
7286 3450 1
7286 631 1
7286 4171 1
7286 1052 1
7286 1214 1
7286 3601 1
7286 3018 1
7286 1593 1
7286 1896 1
7286 358 1
7286 3327 1
7286 1029 1
7286 2620 1
7286 1300 1
7286 2251 1
7286 2484 1
7286 3824 1
7286 640 1
7286 4603 1
7286 4417 1
7290 1540 1
7291 4189 1
7291 1865 1
7291 3105 1
7291 1039 1
7291 2580 1
7293 2763 1
7293 2577 1
7293 2996 1
7293 69 1
7293 2044 1
7293 4158 1
7293 2922 1
7293 3183 1
7293 189 1
7293 616 1
7293 4358 1
7293 1224 1
7293 4015 1
7293 3567 1
7293 2790 1
7293 1179 1
7297 3352 1
7297 3075 1
7297 3696 1
7297 4306 1
7298 4751 1
7299 1902 1
7299 3291 1
7301 930 1
7301 3489 1
7301 1580 1
7301 1105 1
7301 2983 1
7301 2152 1
7301 3963 1
7301 3378 1
7301 1071 1
7301 616 1
7301 2275 1
7301 2948 1
7301 1763 1
7301 460 1
7301 1110 1
7301 3967 1
7301 3366 1
7301 4135 1
7301 4401 1
7301 3871 1
7301 2474 1
7301 3401 1
7301 1953 1
7301 2219 1
7301 247 1
7301 2148 1
7301 3999 1
7301 765 1
7301 893 1
7301 4460 1
7301 4511 1
7301 2382 1
7301 1879 1
7301 1505 1
7301 350 1
7301 2578 1
7301 3495 1
7304 2577 1
7304 1775 1
7304 2393 1
7304 46 1
7304 1179 1
7304 375 1
7304 523 1
7308 2611 1
7309 2246 1
7309 590 1
7309 3333 1
7309 831 1
7309 1742 1
7309 4024 1
7309 4401 1
7309 2313 1
7309 310 1
7309 1735 1
7309 4557 1
7309 667 1
7309 1179 1
7309 3504 1
7309 991 1
7309 1892 1
7309 3541 1
7309 1763 1
7309 2607 1
7309 3175 1
7309 1404 1
7312 282 1
7312 2706 1
7313 4548 1
7313 893 1
7314 4275 1
7314 535 1
7314 997 1
7314 421 1
7314 2219 1
7314 4491 1
7314 2710 1
7314 1324 1
7314 2148 1
7314 4212 1
7316 3399 1
7316 2484 1
7316 1610 1
7316 4159 1
7316 2037 1
7316 1956 1
7316 4562 1
7316 535 1
7316 4346 1
7316 2149 1
7316 3400 1
7316 774 1
7316 1996 1
7317 2335 1
7317 1542 1
7317 1503 1
7317 4744 1
7317 4122 1
7317 2655 1
7317 1236 1
7317 4345 1
7317 3154 1
7318 3511 1
7318 605 1
7318 2677 1
7318 3566 1
7318 3197 1
7318 1170 1
7319 501 1
7319 1502 1
7319 1653 1
7319 2092 1
7319 2079 1
7319 1600 1
7319 2131 1
7319 765 1
7319 1699 1
7319 1505 1
7319 3871 1
7319 4744 1
7319 78 1
7319 2392 1
7319 326 1
7319 2573 1
7319 3999 1
7319 688 1
7319 359 1
7319 3795 1
7319 1610 1
7319 1902 1
7319 4216 1
7319 1105 1
7319 540 1
7319 1077 1
7319 4072 1
7319 1879 1
7319 4401 1
7319 3216 1
7319 4548 1
7319 4009 1
7319 757 1
7319 947 1
7319 3534 1
7319 3197 1
7319 3489 1
7319 3967 1
7319 1071 1
7319 2299 1
7319 2577 1
7319 1355 1
7319 1954 1
7319 15 1
7319 2489 1
7319 139 1
7319 2152 1
7319 3291 1
7319 3866 1
7319 242 1
7319 1624 1
7319 3241 1
7319 4562 1
7319 3972 1
7319 4422 1
7319 1517 1
7319 1224 1
7319 4697 1
7319 535 1
7319 4380 1
7324 2740 1
7326 1540 1
7326 375 1
7326 1954 1
7333 3126 1
7333 4084 1
7335 2577 1
7335 2807 1
7335 2122 1
7335 2517 1
7335 375 1
7335 782 1
7335 77 1
7335 3507 1
7335 4017 1
7335 4755 1
7336 3196 1
7336 4339 1
7336 1348 1
7336 1759 1
7336 3498 1
7336 2748 1
7336 256 1
7336 893 1
7336 4519 1
7336 3274 1
7336 2051 1
7336 1600 1
7336 3713 1
7336 2025 1
7336 4122 1
7336 1455 1
7336 1232 1
7336 1540 1
7336 3972 1
7336 4405 1
7336 997 1
7336 2920 1
7336 371 1
7336 705 1
7336 4003 1
7336 67 1
7336 436 1
7336 3999 1
7336 3241 1
7336 4112 1
7336 2273 1
7336 3871 1
7336 1588 1
7336 2730 1
7336 3534 1
7336 1505 1
7336 2092 1
7336 3489 1
7340 2218 1
7340 422 1
7340 1745 1
7340 299 1
7340 4422 1
7340 2328 1
7340 4751 1
7345 4339 1
7345 1348 1
7345 1499 1
7345 2136 1
7345 1568 1
7345 2138 1
7345 1139 1
7345 645 1
7345 1411 1
7345 853 1
7346 4339 1
7346 1881 1
7346 3001 1
7346 421 1
7346 3952 1
7350 2577 1
7350 4122 1
7350 4555 1
7350 2382 1
7350 2362 1
7350 4266 1
7350 3154 1
7350 3664 1
7350 535 1
7350 3484 1
7350 4744 1
7350 1446 1
7350 3543 1
7350 4104 1
7351 3787 1
7351 337 1
7351 2577 1
7353 4422 1
7353 3507 1
7353 3948 1
7353 893 1
7353 4512 1
7353 989 1
7353 4000 1
7354 3400 1
7354 1283 1
7354 34 1
7354 3734 1
7355 3967 1
7355 4021 1
7355 1540 1
7357 4367 1
7357 1596 1
7357 1544 1
7357 3498 1
7357 2142 1
7357 4040 1
7357 2298 1
7357 2070 1
7357 1646 1
7357 3067 1
7357 4579 1
7357 2012 1
7357 3160 1
7357 2098 1
7357 1751 1
7357 3506 1
7357 2164 1
7357 4072 1
7357 1073 1
7357 4690 1
7357 3718 1
7357 3684 1
7357 961 1
7357 1540 1
7357 2094 1
7357 1578 1
7357 790 1
7357 3652 1
7357 377 1
7357 2996 1
7357 3077 1
7357 3064 1
7357 863 1
7357 4176 1
7357 1199 1
7357 2892 1
7357 1241 1
7357 4744 1
7357 4620 1
7357 2281 1
7357 2412 1
7357 3399 1
7357 3897 1
7357 3197 1
7357 291 1
7357 1803 1
7357 229 1
7357 1203 1
7357 50 1
7357 4222 1
7357 3142 1
7357 3667 1
7357 1886 1
7357 1252 1
7357 983 1
7357 1760 1
7357 4700 1
7357 3825 1
7357 3144 1
7357 3102 1
7357 4266 1
7357 4556 1
7357 2151 1
7357 2079 1
7357 941 1
7357 434 1
7357 1013 1
7357 631 1
7357 4153 1
7357 3521 1
7360 1999 1
7360 3267 1
7360 3544 1
7360 4475 1
7360 2092 1
7360 1902 1
7360 1118 1
7360 4422 1
7360 1139 1
7360 371 1
7360 3291 1
7360 4748 1
7360 997 1
7360 2639 1
7360 4674 1
7360 2920 1
7360 3811 1
7360 436 1
7360 1759 1
7360 2969 1
7360 1594 1
7360 2612 1
7360 2248 1
7360 2956 1
7360 1853 1
7360 360 1
7360 1122 1
7360 2163 1
7361 874 1
7361 441 1
7361 2393 1
7361 1702 1
7361 4086 1
7361 4273 1
7361 4159 1
7361 3507 1
7361 3218 1
7363 1487 1
7363 762 1
7367 2866 1
7367 1465 1
7367 1644 1
7367 4324 1
7367 27 1
7368 765 1
7368 1835 1
7368 2362 1
7368 4032 1
7368 202 1
7368 1988 1
7368 1122 1
7369 2748 1
7369 2279 1
7369 658 1
7369 997 1
7369 2335 1
7369 2850 1
7369 3787 1
7380 282 1
7380 3329 1
7380 2446 1
7380 782 1
7380 3291 1
7380 4702 1
7380 1835 1
7380 2834 1
7380 771 1
7380 3103 1
7381 45 1
7381 1524 1
7381 2520 1
7381 1190 1
7381 4589 1
7381 4633 1
7381 1968 1
7381 2817 1
7381 3072 1
7381 1585 1
7381 1116 1
7381 1748 1
7381 435 1
7381 4703 1
7381 838 1
7381 4029 1
7381 9 1
7381 258 1
7383 3546 1
7383 4423 1
7383 2847 1
7383 4548 1
7383 4401 1
7383 4460 1
7383 3999 1
7383 2342 1
7383 3011 1
7383 2391 1
7384 3281 1
7385 3717 1
7385 3197 1
7385 1578 1
7385 2850 1
7385 3135 1
7385 3023 1
7385 1759 1
7385 3055 1
7385 4422 1
7385 4744 1
7386 4313 1
7386 4422 1
7386 1540 1
7388 1610 1
7388 4306 1
7388 4422 1
7388 2474 1
7388 1578 1
7390 2544 1
7390 2062 1
7398 2273 1
7398 4422 1
7400 3866 1
7400 671 1
7400 4009 1
7400 3871 1
7400 2921 1
7400 1256 1
7400 4584 1
7400 1012 1
7400 2257 1
7400 765 1
7400 1077 1
7400 1945 1
7400 3628 1
7400 4423 1
7400 3667 1
7400 359 1
7400 2039 1
7400 4401 1
7401 1374 1
7401 3054 1
7401 2987 1
7401 703 1
7403 3009 1
7403 1857 1
7403 1886 1
7403 3401 1
7403 4023 1
7403 123 1
7403 1502 1
7403 744 1
7403 3871 1
7403 3960 1
7403 2469 1
7403 989 1
7403 2705 1
7403 1578 1
7403 242 1
7403 1203 1
7403 187 1
7403 1507 1
7403 2039 1
7403 2299 1
7403 274 1
7403 2092 1
7403 4755 1
7404 2092 1
7404 2921 1
7404 352 1
7404 3667 1
7404 291 1
7404 4229 1
7404 4024 1
7406 932 1
7406 3452 1
7406 3170 1
7406 2368 1
7406 1183 1
7406 4263 1
7406 2748 1
7406 2484 1
7406 1540 1
7406 4443 1
7406 3972 1
7406 539 1
7406 2922 1
7406 404 1
7411 720 1
7411 2967 1
7411 4024 1
7411 4484 1
7411 4755 1
7411 3246 1
7411 2638 1
7411 1646 1
7411 731 1
7411 4345 1
7411 2092 1
7411 4763 1
7411 3140 1
7411 3811 1
7412 3569 1
7412 1238 1
7412 247 1
7412 1179 1
7412 4080 1
7412 3399 1
7412 4615 1
7412 3197 1
7412 3567 1
7412 4548 1
7412 1578 1
7412 3562 1
7412 2681 1
7412 1999 1
7412 2023 1
7412 2066 1
7413 4210 1
7413 1285 1
7413 997 1
7413 3718 1
7413 4070 1
7413 3373 1
7413 4024 1
7413 4449 1
7413 3197 1
7413 3196 1
7413 1127 1
7413 1139 1
7413 4678 1
7413 4422 1
7413 68 1
7413 2612 1
7413 893 1
7415 171 1
7415 1506 1
7415 3419 1
7415 3341 1
7415 4422 1
7415 1610 1
7415 2023 1
7415 535 1
7415 1950 1
7415 3999 1
7415 1902 1
7415 4306 1
7415 169 1
7415 1917 1
7415 450 1
7415 3291 1
7415 1995 1
7415 1865 1
7415 4104 1
7415 1236 1
7415 4021 1
7415 3852 1
7415 3452 1
7415 893 1
7415 27 1
7415 3029 1
7415 2131 1
7415 3397 1
7415 2303 1
7415 2966 1
7415 1331 1
7415 67 1
7415 1761 1
7415 3874 1
7415 1096 1
7415 247 1
7415 1702 1
7415 4548 1
7415 3183 1
7415 1741 1
7415 1505 1
7415 4179 1
7423 2542 1
7426 350 1
7431 3740 1
7431 1122 1
7431 2023 1
7431 1926 1
7431 2612 1
7435 2987 1
7435 4179 1
7435 4000 1
7435 1540 1
7435 1761 1
7435 3291 1
7435 649 1
7435 535 1
7435 3399 1
7435 2814 1
7435 4122 1
7435 1209 1
7435 4507 1
7435 161 1
7436 2051 1
7436 3034 1
7436 2092 1
7436 4218 1
7436 2577 1
7436 4467 1
7436 4425 1
7436 3866 1
7436 4422 1
7436 2163 1
7438 4612 1
7438 3067 1
7438 3871 1
7438 616 1
7438 4690 1
7438 4744 1
7442 3978 1
7442 4401 1
7442 3489 1
7442 2173 1
7442 3857 1
7442 988 1
7442 475 1
7442 3324 1
7442 3999 1
7442 3197 1
7442 4009 1
7442 2705 1
7442 2391 1
7442 893 1
7442 958 1
7442 2299 1
7442 3656 1
7442 1540 1
7442 393 1
7442 2618 1
7442 3628 1
7442 1588 1
7442 3871 1
7442 2092 1
7442 947 1
7442 2019 1
7442 765 1
7442 4423 1
7442 1891 1
7442 2881 1
7442 888 1
7442 1902 1
7442 1492 1
7442 4562 1
7442 862 1
7442 1505 1
7442 375 1
7442 540 1
7442 1077 1
7442 1354 1
7442 3274 1
7442 2219 1
7442 2577 1
7442 362 1
7442 1355 1
7442 1879 1
7442 2778 1
7442 3967 1
7442 1950 1
7442 4548 1
7442 169 1
7442 4306 1
7442 4122 1
7442 1600 1
7442 3213 1
7442 801 1
7442 3205 1
7442 3972 1
7442 3164 1
7442 3866 1
7442 2342 1
7443 983 1
7443 3818 1
7443 2740 1
7443 3972 1
7443 4266 1
7443 1540 1
7445 4755 1
7448 1236 1
7448 4302 1
7448 4000 1
7448 2881 1
7448 2911 1
7448 4341 1
7448 1447 1
7448 1348 1
7448 4159 1
7448 1578 1
7448 3522 1
7448 189 1
7449 2333 1
7449 1196 1
7449 4432 1
7449 2674 1
7449 847 1
7449 311 1
7449 2459 1
7449 2132 1
7449 1116 1
7449 2377 1
7449 9 1
7449 2046 1
7449 2873 1
7449 838 1
7449 3072 1
7449 283 1
7449 2752 1
7449 1692 1
7449 2866 1
7449 760 1
7449 3565 1
7449 1236 1
7449 1644 1
7449 1582 1
7449 2037 1
7449 2993 1
7451 2920 1
7451 1476 1
7451 1354 1
7451 930 1
7451 3077 1
7451 187 1
7452 2577 1
7452 3154 1
7453 4511 1
7453 1986 1
7454 2577 1
7454 4564 1
7454 2695 1
7454 4345 1
7454 3837 1
7454 33 1
7454 1696 1
7454 371 1
7454 1194 1
7454 2763 1
7454 2364 1
7454 4657 1
7454 1392 1
7454 997 1
7454 4159 1
7454 1169 1
7454 1524 1
7454 229 1
7454 3197 1
7454 3550 1
7454 1216 1
7454 1041 1
7454 3420 1
7454 1285 1
7454 217 1
7454 285 1
7454 1324 1
7454 1019 1
7454 1870 1
7454 3419 1
7454 1851 1
7454 4475 1
7454 4422 1
7454 2215 1
7454 1373 1
7454 2059 1
7454 1761 1
7454 3494 1
7454 3150 1
7454 3589 1
7454 2491 1
7454 4744 1
7454 2382 1
7454 3566 1
7456 1077 1
7463 1332 1
7463 947 1
7465 3102 1
7465 1578 1
7468 4250 1
7468 1763 1
7471 3418 1
7471 4040 1
7471 4088 1
7471 2358 1
7471 3713 1
7471 704 1
7471 1073 1
7471 3082 1
7471 2111 1
7471 3169 1
7471 247 1
7471 3075 1
7471 4009 1
7471 2927 1
7471 3873 1
7471 3246 1
7471 3464 1
7471 2451 1
7471 2420 1
7471 3507 1
7471 4021 1
7471 2911 1
7471 1686 1
7471 721 1
7471 1875 1
7471 580 1
7471 1348 1
7471 2842 1
7471 449 1
7471 3530 1
7471 4255 1
7471 3259 1
7471 291 1
7471 575 1
7471 1544 1
7472 1505 1
7472 4511 1
7472 1610 1
7472 1891 1
7472 4423 1
7472 3866 1
7472 896 1
7472 3154 1
7472 2299 1
7472 2131 1
7472 2748 1
7472 893 1
7472 2159 1
7472 2881 1
7473 3301 1
7473 2049 1
7473 3831 1
7473 3197 1
7473 1594 1
7474 2577 1
7474 3739 1
7474 3667 1
7474 1857 1
7474 1663 1
7474 3871 1
7474 2367 1
7474 535 1
7474 152 1
7474 2173 1
7474 3615 1
7474 3059 1
7474 3967 1
7474 1077 1
7474 475 1
7474 2697 1
7474 3011 1
7474 3638 1
7474 4744 1
7474 3274 1
7474 4401 1
7474 4423 1
7474 242 1
7474 263 1
7477 4744 1
7477 1621 1
7477 4306 1
7477 1610 1
7477 1402 1
7477 223 1
7477 2987 1
7477 4584 1
7477 3567 1
7477 2577 1
7477 1578 1
7477 3063 1
7477 2270 1
7477 3484 1
7477 4422 1
7477 80 1
7477 1429 1
7477 2131 1
7477 247 1
7477 535 1
7477 2311 1
7477 3241 1
7478 475 1
7478 4053 1
7478 1429 1
7478 3241 1
7478 3376 1
7478 4345 1
7478 3053 1
7479 4443 1
7479 4422 1
7479 2577 1
7479 4467 1
7479 4104 1
7483 291 1
7483 282 1
7490 1151 1
7490 2308 1
7490 2219 1
7490 3866 1
7490 442 1
7490 2577 1
7490 3241 1
7490 3329 1
7490 3281 1
7490 359 1
7490 2920 1
7490 2044 1
7491 4432 1
7491 1002 1
7491 2097 1
7491 2058 1
7491 3488 1
7491 970 1
7491 3714 1
7491 4401 1
7491 454 1
7491 3565 1
7491 2873 1
7491 492 1
7491 1196 1
7491 2175 1
7491 45 1
7491 2092 1
7491 595 1
7491 4553 1
7491 1582 1
7491 1968 1
7491 689 1
7493 3972 1
7493 4422 1
7493 3241 1
7493 3291 1
7493 1610 1
7493 3534 1
7493 337 1
7493 1218 1
7493 1505 1
7493 1540 1
7494 3534 1
7494 4231 1
7494 1964 1
7494 1168 1
7494 3011 1
7494 3615 1
7494 1067 1
7494 2530 1
7494 569 1
7494 4068 1
7494 2675 1
7494 350 1
7494 2402 1
7494 2219 1
7494 2067 1
7494 4369 1
7494 2880 1
7494 3489 1
7494 2618 1
7494 1091 1
7494 1953 1
7494 3366 1
7494 4212 1
7494 3901 1
7494 2262 1
7494 4548 1
7494 3135 1
7494 4401 1
7494 4206 1
7494 362 1
7494 4009 1
7494 1969 1
7494 2308 1
7494 4423 1
7494 4542 1
7494 147 1
7494 2881 1
7494 1954 1
7494 1105 1
7494 4135 1
7494 74 1
7494 4178 1
7495 893 1
7495 4320 1
7495 1540 1
7499 3452 1
7499 4122 1
7499 2593 1
7499 1314 1
7503 2883 1
7503 3300 1
7503 73 1
7503 1584 1
7506 1117 1
7506 3450 1
7506 2577 1
7506 2763 1
7508 616 1
7508 3569 1
7508 1218 1
7508 2681 1
7512 3594 1
7512 4542 1
7512 1122 1
7512 326 1
7512 3233 1
7512 350 1
7512 3281 1
7512 1610 1
7512 1746 1
7512 2577 1
7514 1646 1
7514 663 1
7518 816 1
7518 3401 1
7518 1502 1
7518 3422 1
7518 3011 1
7518 3241 1
7518 4594 1
7518 1354 1
7518 3978 1
7520 1879 1
7520 4122 1
7520 4306 1
7520 4423 1
7520 242 1
7520 4009 1
7520 2379 1
7520 393 1
7520 3740 1
7520 3871 1
7520 3459 1
7520 1578 1
7520 540 1
7520 2881 1
7520 1071 1
7520 4401 1
7520 1825 1
7520 3241 1
7520 1102 1
7520 3023 1
7520 1945 1
7520 2578 1
7520 2342 1
7520 3489 1
7520 4519 1
7520 2092 1
7520 46 1
7520 2484 1
7520 4548 1
7520 3378 1
7520 2898 1
7520 2577 1
7520 160 1
7520 1077 1
7520 3857 1
7520 1566 1
7520 2921 1
7520 906 1
7520 3274 1
7520 2219 1
7520 4460 1
7520 893 1
7520 3972 1
7520 1588 1
7520 1699 1
7520 947 1
7520 3999 1
7520 3667 1
7520 4000 1
7520 1950 1
7520 350 1
7520 1286 1
7520 3053 1
7520 2987 1
7520 3452 1
7520 359 1
7520 842 1
7520 1954 1
7520 239 1
7521 2981 1
7521 1012 1
7521 1954 1
7521 161 1
7521 801 1
7521 1505 1
7521 3837 1
7521 3241 1
7521 4214 1
7521 2484 1
7526 493 1
7526 375 1
7526 3450 1
7526 1931 1
7526 1505 1
7526 1835 1
7526 2105 1
7526 1373 1
7526 1540 1
7530 3824 1
7530 577 1
7530 4104 1
7530 838 1
7530 1542 1
7530 1610 1
7530 4603 1
7530 782 1
7530 2176 1
7530 945 1
7530 417 1
7530 2922 1
7530 3399 1
7530 3601 1
7530 539 1
7530 2994 1
7530 27 1
7530 282 1
7530 2543 1
7530 1761 1
7530 1395 1
7530 419 1
7531 1835 1
7531 1139 1
7531 4401 1
7531 3667 1
7531 1072 1
7531 1137 1
7531 1702 1
7532 1505 1
7532 3281 1
7532 2920 1
7532 2187 1
7532 243 1
7532 3104 1
7532 3197 1
7532 1803 1
7532 1546 1
7532 2962 1
7532 2705 1
7532 3866 1
7539 242 1
7539 2618 1
7539 3866 1
7539 3378 1
7539 3628 1
7539 1077 1
7539 4009 1
7539 3857 1
7539 2219 1
7539 3967 1
7539 77 1
7539 3366 1
7539 291 1
7539 4333 1
7539 3454 1
7539 1071 1
7544 1179 1
7546 2345 1
7547 1286 1
7547 801 1
7547 4542 1
7547 4423 1
7547 2578 1
7547 3857 1
7547 3967 1
7547 3628 1
7547 3378 1
7547 4426 1
7547 4027 1
7547 1077 1
7547 3975 1
7547 4231 1
7547 393 1
7547 765 1
7547 1303 1
7547 1071 1
7547 3011 1
7547 3164 1
7547 1699 1
7547 3399 1
7547 3714 1
7547 1945 1
7547 4460 1
7547 1954 1
7547 569 1
7547 85 1
7547 4380 1
7547 4418 1
7547 3534 1
7547 2173 1
7547 3459 1
7547 3660 1
7547 4546 1
7547 3624 1
7547 362 1
7547 2926 1
7547 1825 1
7547 2073 1
7547 4401 1
7547 869 1
7547 2299 1
7547 1879 1
7547 2219 1
7547 4342 1
7547 1891 1
7547 4103 1
7547 947 1
7547 600 1
7547 3614 1
7547 4540 1
7547 3272 1
7547 1857 1
7547 2881 1
7547 74 1
7549 628 1
7549 1032 1
7549 292 1
7549 3197 1
7549 267 1
7552 1902 1
7552 1373 1
7552 3787 1
7552 157 1
7552 2039 1
7552 1803 1
7552 169 1
7552 4159 1
7552 4744 1
7552 930 1
7552 1324 1
7552 2920 1
7552 790 1
7552 3422 1
7552 2142 1
7552 2577 1
7552 857 1
7552 1744 1
7552 375 1
7552 1241 1
7554 2827 1
7554 3197 1
7554 3714 1
7554 1077 1
7554 3638 1
7561 2148 1
7561 358 1
7561 4422 1
7561 4122 1
7561 2987 1
7561 2577 1
7561 1540 1
7562 3556 1
7562 3507 1
7562 535 1
7562 893 1
7562 861 1
7562 1540 1
7562 997 1
7564 221 1
7564 373 1
7564 3652 1
7564 842 1
7564 968 1
7564 941 1
7564 4339 1
7564 3647 1
7564 3949 1
7564 119 1
7564 3197 1
7564 1763 1
7564 1835 1
7564 2542 1
7564 95 1
7564 3567 1
7564 2116 1
7566 2505 1
7572 3450 1
7572 1983 1
7573 2223 1
7573 4159 1
7574 1252 1
7574 522 1
7574 3241 1
7574 2577 1
7574 3534 1
7574 997 1
7574 2393 1
7574 1139 1
7574 3606 1
7574 1357 1
7574 3787 1
7576 1179 1
7576 2335 1
7576 4122 1
7578 4665 1
7578 542 1
7578 1548 1
7578 2118 1
7578 782 1
7578 2069 1
7578 3742 1
7578 2092 1
7578 838 1
7578 399 1
7580 3972 1
7580 1886 1
7582 78 1
7582 1954 1
7582 4584 1
7582 3196 1
7582 1122 1
7582 1540 1
7582 2777 1
7582 2748 1
7582 3972 1
7582 3197 1
7582 1196 1
7582 2239 1
7582 2092 1
7582 2070 1
7582 3569 1
7582 4122 1
7582 535 1
7582 3866 1
7582 4001 1
7584 3489 1
7584 247 1
7586 1891 1
7586 3489 1
7586 4401 1
7586 1953 1
7586 4423 1
7586 2219 1
7586 3967 1
7586 4009 1
7586 242 1
7586 947 1
7586 765 1
7590 3952 1
7590 2519 1
7590 4242 1
7590 2092 1
7590 3144 1
7590 3758 1
7590 87 1
7590 3811 1
7590 4465 1
7590 4755 1
7590 3464 1
7590 2094 1
7590 2180 1
7590 434 1
7590 2041 1
7590 4367 1
7590 1521 1
7590 4024 1
7590 1610 1
7593 1540 1
7595 1825 1
7595 2092 1
7595 775 1
7595 3197 1
7595 1578 1
7595 2365 1
7595 4748 1
7595 3810 1
7595 2920 1
7595 1502 1
7595 501 1
7595 757 1
7595 4422 1
7595 3104 1
7595 2484 1
7595 148 1
7597 1954 1
7597 765 1
7597 3274 1
7597 2275 1
7597 3967 1
7599 3489 1
7599 809 1
7599 420 1
7599 3975 1
7599 1105 1
7599 1216 1
7599 1288 1
7599 2083 1
7599 2770 1
7599 2136 1
7599 2092 1
7599 4562 1
7599 2385 1
7599 4756 1
7599 3992 1
7599 3241 1
7599 4768 1
7599 941 1
7599 358 1
7599 4212 1
7599 3875 1
7599 1879 1
7599 402 1
7599 3378 1
7599 1348 1
7599 2251 1
7599 4542 1
7599 3534 1
7599 339 1
7599 1891 1
7599 2881 1
7599 888 1
7599 628 1
7599 1286 1
7599 3680 1
7599 2131 1
7599 4484 1
7599 2920 1
7599 472 1
7599 801 1
7599 893 1
7599 3787 1
7599 3871 1
7599 3197 1
7599 2921 1
7604 1835 1
7604 12 1
7604 605 1
7607 1578 1
7607 535 1
7607 1902 1
7607 2639 1
7607 3196 1
7607 371 1
7611 1540 1
7611 46 1
7619 419 1
7619 1116 1
7619 1196 1
7621 2542 1
7621 3878 1
7621 1926 1
7623 4422 1
7623 3242 1
7623 1236 1
7623 309 1
7623 1643 1
7623 2163 1
7623 1540 1
7623 2208 1
7623 1823 1
7623 4744 1
7623 3094 1
7623 2735 1
7623 522 1
7623 2612 1
7623 2681 1
7623 679 1
7623 3837 1
7623 3522 1
7623 3866 1
7623 2956 1
7623 3259 1
7623 3710 1
7623 1140 1
7623 700 1
7623 2911 1
7623 2357 1
7623 1755 1
7623 3611 1
7623 93 1
7623 2268 1
7623 535 1
7623 2023 1
7623 3529 1
7623 1122 1
7623 3577 1
7631 865 1
7633 377 1
7633 3233 1
7633 3908 1
7633 436 1
7633 3196 1
7633 816 1
7633 304 1
7633 2117 1
7636 2045 1
7636 905 1
7636 3689 1
7638 1505 1
7638 2542 1
7639 3546 1
7639 3197 1
7639 4422 1
7639 4467 1
7639 1916 1
7639 2151 1
7639 3450 1
7639 2059 1
7639 1696 1
7639 1211 1
7639 4402 1
7639 247 1
7640 814 1
7642 4177 1
7642 4467 1
7642 3972 1
7642 2382 1
7642 3999 1
7642 3291 1
7642 1196 1
7642 2920 1
7642 3032 1
7642 24 1
7642 3201 1
7642 2577 1
7642 4266 1
7642 1013 1
7642 2987 1
7642 4306 1
7642 4405 1
7642 2092 1
7642 2251 1
7642 3866 1
7642 893 1
7642 2681 1
7642 4656 1
7642 522 1
7642 3241 1
7642 1355 1
7642 2956 1
7642 1122 1
7642 3567 1
7642 1566 1
7642 4422 1
7644 2484 1
7644 4548 1
7644 1505 1
7644 4504 1
7644 2136 1
7644 3186 1
7644 4023 1
7644 1218 1
7644 3944 1
7644 4751 1
7644 4122 1
7644 2197 1
7644 3291 1
7644 997 1
7644 688 1
7644 3196 1
7644 893 1
7644 1594 1
7644 46 1
7644 4000 1
7644 1600 1
7644 4072 1
7644 4670 1
7644 95 1
7644 3023 1
7644 163 1
7644 2092 1
7644 290 1
7644 4383 1
7644 1945 1
7644 3669 1
7644 826 1
7644 865 1
7644 256 1
7644 535 1
7644 3534 1
7644 2159 1
7644 78 1
7644 3102 1
7644 1763 1
7644 3871 1
7644 2 1
7644 3241 1
7644 2850 1
7644 1373 1
7649 2577 1
7649 2681 1
7649 1773 1
7650 4339 1
7650 616 1
7650 522 1
7650 4345 1
7650 3233 1
7650 4401 1
7650 2393 1
7650 645 1
7650 4422 1
7650 1511 1
7650 1610 1
7650 2273 1
7650 817 1
7650 1085 1
7650 284 1
7651 1300 1
7651 1847 1
7651 2132 1
7651 9 1
7651 4603 1
7651 3280 1
7651 3779 1
7651 2069 1
7651 1949 1
7651 1493 1
7651 1644 1
7651 3246 1
7651 2542 1
7651 1996 1
7651 1578 1
7651 16 1
7651 1968 1
7651 2704 1
7651 3460 1
7651 2873 1
7651 1506 1
7651 1865 1
7651 708 1
7651 3372 1
7651 1764 1
7651 1867 1
7651 1116 1
7651 4444 1
7652 4273 1
7652 2474 1
7652 691 1
7652 4422 1
7652 3682 1
7652 2969 1
7652 4464 1
7652 1203 1
7652 2635 1
7652 2748 1
7652 3972 1
7652 2920 1
7652 3291 1
7652 1446 1
7652 2740 1
7652 2976 1
7652 2472 1
7652 2061 1
7652 769 1
7652 4268 1
7652 4751 1
7652 1706 1
7652 2148 1
7652 2025 1
7652 525 1
7652 429 1
7652 304 1
7652 4266 1
7652 119 1
7652 134 1
7652 4744 1
7652 1138 1
7652 4548 1
7652 1675 1
7652 4067 1
7652 3732 1
7652 2519 1
7652 2510 1
7652 2448 1
7652 3426 1
7652 3765 1
7652 952 1
7652 4053 1
7652 4647 1
7652 3002 1
7652 116 1
7652 1600 1
7653 4562 1
7654 3569 1
7654 4423 1
7654 350 1
7654 1139 1
7654 3291 1
7654 2777 1
7654 4373 1
7654 169 1
7654 1754 1
7654 4001 1
7655 1540 1
7655 3967 1
7655 242 1
7656 378 1
7656 3077 1
7656 1540 1
7656 782 1
7656 2612 1
7656 3233 1
7656 930 1
7656 542 1
7656 3120 1
7656 3935 1
7656 2023 1
7670 3698 1
7670 3866 1
7670 1169 1
7670 228 1
7670 3530 1
7670 3978 1
7671 58 1
7671 4519 1
7672 1566 1
7672 2402 1
7672 2092 1
7674 4009 1
7674 947 1
7680 4088 1
7680 2362 1
7685 1610 1
7685 3958 1
7685 27 1
7685 735 1
7685 838 1
7685 3103 1
7685 3904 1
7685 2498 1
7685 375 1
7687 4523 1
7687 947 1
7687 4380 1
7687 765 1
7687 2219 1
7687 3241 1
7687 1891 1
7687 2402 1
7687 65 1
7691 3241 1
7691 3534 1
7691 2039 1
7691 844 1
7691 3376 1
7691 2092 1
7691 3714 1
7691 3967 1
7691 3053 1
7691 1071 1
7691 1578 1
7691 1857 1
7691 3011 1
7691 4401 1
7695 3967 1
7695 1505 1
7695 2577 1
7699 3087 1
7699 4380 1
7701 1907 1
7701 628 1
7704 3837 1
7706 658 1
7706 4678 1
7706 654 1
7706 2954 1
7706 1285 1
7707 1371 1
7707 4460 1
7707 1373 1
7707 1330 1
7707 2173 1
7707 2179 1
7707 2342 1
7707 184 1
7707 645 1
7707 359 1
7707 4231 1
7707 1406 1
7707 4122 1
7707 456 1
7707 1539 1
7707 1118 1
7707 1122 1
7707 2219 1
7707 4401 1
7707 330 1
7707 3743 1
7707 4523 1
7707 1105 1
7707 3659 1
7707 46 1
7707 3534 1
7707 190 1
7707 732 1
7707 2887 1
7707 3967 1
7707 997 1
7707 261 1
7707 2429 1
7707 2484 1
7707 1953 1
7707 350 1
7707 2879 1
7707 3241 1
7707 893 1
7707 3075 1
7707 217 1
7707 3489 1
7707 3866 1
7707 1236 1
7707 4000 1
7707 4744 1
7707 1908 1
7707 3340 1
7707 2148 1
7707 4562 1
7707 2092 1
7707 1505 1
7708 1441 1
7708 2234 1
7708 4159 1
7708 3145 1
7708 2586 1
7708 997 1
7708 1578 1
7709 4751 1
7709 3866 1
7709 4206 1
7709 1902 1
7709 3669 1
7709 2678 1
7710 4744 1
7710 378 1
7712 337 1
7712 247 1
7712 3450 1
7712 3507 1
7712 1218 1
7712 997 1
7712 1578 1
7712 2987 1
7712 628 1
7712 1610 1
7712 2740 1
7712 4159 1
7712 4177 1
7716 3154 1
7716 436 1
7716 2996 1
7716 4080 1
7716 1799 1
7716 4345 1
7716 2278 1
7716 2993 1
7716 1241 1
7716 645 1
7716 2251 1
7718 1902 1
7718 4023 1
7718 1449 1
7718 583 1
7718 842 1
7719 1578 1
7719 1540 1
7719 813 1
7719 4701 1
7719 26 1
7719 4422 1
7719 2577 1
7719 1110 1
7719 1802 1
7719 997 1
7719 4584 1
7719 2157 1
7719 2460 1
7719 1610 1
7719 3567 1
7719 1763 1
7722 3012 1
7722 493 1
7722 2059 1
7722 4072 1
7722 517 1
7722 4491 1
7722 3762 1
7722 3197 1
7722 3196 1
7722 3267 1
7724 2197 1
7732 1122 1
7732 2092 1
7732 3999 1
7732 3871 1
7732 1505 1
7732 3241 1
7732 4422 1
7732 3267 1
7732 1578 1
7732 3972 1
7732 821 1
7732 3866 1
7734 2577 1
7734 1763 1
7735 2364 1
7735 3837 1
7735 2043 1
7735 3034 1
7735 2251 1
7735 136 1
7735 247 1
7735 522 1
7735 4119 1
7735 1540 1
7735 3145 1
7735 1225 1
7735 4605 1
7735 2475 1
7735 1234 1
7735 2537 1
7735 432 1
7735 2119 1
7735 1252 1
7735 2299 1
7735 378 1
7735 3489 1
7735 1169 1
7735 1348 1
7735 4359 1
7735 1139 1
7735 2358 1
7735 4690 1
7735 3546 1
7735 4372 1
7735 3246 1
7735 1961 1
7735 637 1
7735 214 1
7737 375 1
7737 3291 1
7737 3866 1
7737 24 1
7737 3795 1
7737 4422 1
7737 3534 1
7737 1610 1
7738 1122 1
7740 2536 1
7741 1227 1
7741 4234 1
7741 2358 1
7741 3904 1
7741 2577 1
7741 931 1
7741 3889 1
7741 1727 1
7741 2148 1
7741 282 1
7741 2660 1
7741 289 1
7741 985 1
7741 1198 1
7741 2956 1
7741 3267 1
7741 4122 1
7741 290 1
7741 2440 1
7741 4339 1
7741 720 1
7741 1022 1
7741 4744 1
7741 2320 1
7741 1601 1
7741 1135 1
7741 3667 1
7741 411 1
7741 2153 1
7741 801 1
7741 3550 1
7741 2059 1
7741 1101 1
7741 2484 1
7741 816 1
7741 1709 1
7741 1199 1
7741 874 1
7741 1815 1
7741 4165 1
7741 4401 1
7741 2305 1
7741 4366 1
7741 4422 1
7741 700 1
7741 906 1
7741 1848 1
7741 2887 1
7741 47 1
7741 3126 1
7741 1610 1
7741 621 1
7741 3450 1
7741 3254 1
7741 358 1
7741 1540 1
7742 3972 1
7742 1954 1
7742 1356 1
7746 4401 1
7746 3450 1
7746 3714 1
7746 615 1
7746 4273 1
7746 1771 1
7746 1196 1
7746 337 1
7746 2810 1
7746 1813 1
7746 4744 1
7746 2333 1
7746 1179 1
7753 2474 1
7753 2092 1
7754 1773 1
7754 1594 1
7754 4744 1
7754 4114 1
7754 375 1
7754 2012 1
7754 349 1
7754 790 1
7756 1309 1
7756 3241 1
7756 1203 1
7756 1324 1
7756 2136 1
7756 74 1
7756 3867 1
7756 2185 1
7756 2410 1
7756 3930 1
7756 4284 1
7756 821 1
7756 1113 1
7756 765 1
7756 274 1
7756 3569 1
7756 2023 1
7756 2522 1
7756 3597 1
7756 1447 1
7756 214 1
7756 2251 1
7756 2294 1
7756 3632 1
7756 3205 1
7756 3653 1
7756 4460 1
7756 608 1
7756 398 1
7756 3366 1
7756 402 1
7756 2933 1
7756 2881 1
7756 3740 1
7756 4480 1
7756 160 1
7756 2205 1
7756 703 1
7756 4178 1
7756 1135 1
7756 4009 1
7756 1566 1
7756 3628 1
7758 2044 1
7758 3309 1
7758 1610 1
7758 3686 1
7758 4401 1
7758 1892 1
7758 358 1
7758 4557 1
7758 822 1
7758 3135 1
7766 4201 1
7766 2969 1
7766 888 1
7768 1505 1
7769 24 1
7769 765 1
7774 1902 1
7774 2578 1
7774 3967 1
7774 4486 1
7774 893 1
7774 2996 1
7774 4467 1
7774 3669 1
7774 3837 1
7778 671 1
7778 888 1
7778 2577 1
7778 4548 1
7778 2092 1
7778 522 1
7778 3569 1
7778 4744 1
7778 4422 1
7778 1348 1
7780 4401 1
7780 1540 1
7781 2121 1
7781 1996 1
7781 2484 1
7781 248 1
7781 3714 1
7781 838 1
7782 775 1
7782 2149 1
7782 3188 1
7785 247 1
7785 304 1
7785 1600 1
7785 3534 1
7785 893 1
7785 1954 1
7785 2219 1
7785 816 1
7785 1624 1
7785 4104 1
7785 3999 1
7785 453 1
7785 997 1
7785 3866 1
7785 4744 1
7785 4562 1
7786 3060 1
7786 3291 1
7786 2986 1
7786 1540 1
7786 790 1
7786 3012 1
7786 2105 1
7786 1462 1
7786 3787 1
7786 2777 1
7786 2577 1
7786 417 1
7786 2031 1
7786 3864 1
7786 375 1
7786 1203 1
7786 493 1
7790 1763 1
7793 3254 1
7793 3795 1
7793 2517 1
7793 4222 1
7793 27 1
7793 2495 1
7793 399 1
7795 790 1
7795 3009 1
7795 247 1
7795 4159 1
7796 816 1
7796 2148 1
7796 4751 1
7798 2092 1
7798 2956 1
7798 1759 1
7798 3795 1
7798 3373 1
7798 3837 1
7798 3569 1
7798 247 1
7807 4523 1
7807 1003 1
7807 2681 1
7807 2205 1
7807 3628 1
7807 3146 1
7808 330 1
7808 4401 1
7808 893 1
7810 265 1
7810 3837 1
7810 2577 1
7810 2875 1
7810 2922 1
7810 2484 1
7810 4104 1
7810 4179 1
7815 2193 1
7815 4511 1
7815 4023 1
7815 1342 1
7815 1891 1
7815 3871 1
7815 105 1
7815 3241 1
7815 4548 1
7815 4562 1
7818 2956 1
7818 3664 1
7818 4422 1
7819 3011 1
7819 3967 1
7819 2612 1
7819 3267 1
7819 1179 1
7819 3075 1
7819 1122 1
7819 3866 1
7819 985 1
7819 3714 1
7819 1540 1
7819 522 1
7819 3241 1
7819 2577 1
7820 4422 1
7822 1857 1
7822 2152 1
7822 3871 1
7822 4540 1
7822 4187 1
7822 1879 1
7822 3967 1
7822 2219 1
7822 3205 1
7822 3366 1
7822 3740 1
7822 2881 1
7822 3216 1
7822 242 1
7822 3401 1
7822 4380 1
7822 4231 1
7822 4423 1
7822 1954 1
7822 1667 1
7822 427 1
7822 1102 1
7822 3614 1
7822 2262 1
7822 2948 1
7822 1891 1
7822 362 1
7822 4542 1
7822 350 1
7822 2299 1
7822 274 1
7825 3614 1
7825 2219 1
7825 4423 1
7825 947 1
7825 3293 1
7825 4523 1
7825 4212 1
7825 2079 1
7825 3489 1
7825 1808 1
7825 2020 1
7825 1699 1
7825 3057 1
7825 1071 1
7825 3871 1
7825 4401 1
7825 3843 1
7825 3401 1
7825 4548 1
7830 3401 1
7830 3871 1
7830 3857 1
7830 4506 1
7830 436 1
7832 3281 1
7832 2577 1
7834 3546 1
7834 1238 1
7834 493 1
7834 34 1
7834 1565 1
7834 3507 1
7834 1540 1
7834 4422 1
7834 3452 1
7834 1879 1
7834 375 1
7834 2568 1
7834 4433 1
7834 3064 1
7834 4002 1
7834 4122 1
7834 1759 1
7834 157 1
7843 4511 1
7843 1947 1
7843 1610 1
7843 1348 1
7843 3871 1
7843 223 1
7843 2092 1
7843 2079 1
7843 1422 1
7843 930 1
7843 1122 1
7843 2173 1
7843 2358 1
7843 1203 1
7843 4422 1
7843 3291 1
7844 4422 1
7844 1077 1
7844 3714 1
7844 2577 1
7844 456 1
7844 1492 1
7844 2448 1
7845 1542 1
7845 2322 1
7845 3669 1
7845 24 1
7845 1324 1
7845 3399 1
7845 2921 1
7845 3999 1
7845 1902 1
7845 2577 1
7845 4273 1
7845 27 1
7845 4551 1
7845 3992 1
7845 714 1
7845 3921 1
7845 1848 1
7845 3197 1
7845 1085 1
7845 3714 1
7845 2129 1
7845 782 1
7845 4021 1
7845 2922 1
7845 419 1
7845 3254 1
7845 2829 1
7845 2018 1
7845 284 1
7845 2223 1
7845 893 1
7845 2996 1
7845 3932 1
7845 4690 1
7845 2153 1
7845 2873 1
7845 1268 1
7845 1891 1
7845 539 1
7845 2987 1
7851 1521 1
7851 3507 1
7851 2701 1
7851 3934 1
7851 4512 1
7851 1832 1
7851 4122 1
7851 1902 1
7851 577 1
7851 3370 1
7851 842 1
7851 3425 1
7851 4649 1
7851 839 1
7851 4077 1
7851 31 1
7851 1233 1
7851 3291 1
7851 2850 1
7851 548 1
7851 475 1
7851 2706 1
7851 2484 1
7851 417 1
7854 3534 1
7855 4690 1
7855 3546 1
7855 1499 1
7855 2329 1
7856 2956 1
7856 3972 1
7856 4422 1
7856 4072 1
7856 3859 1
7856 3281 1
7857 3740 1
7857 3999 1
7857 4401 1
7857 3534 1
7857 1544 1
7857 1505 1
7857 2039 1
7857 4306 1
7857 893 1
7857 3401 1
7858 1566 1
7858 3522 1
7858 421 1
7858 223 1
7858 378 1
7858 1348 1
7858 3534 1
7858 906 1
7858 1825 1
7858 3871 1
7858 359 1
7858 3274 1
7858 139 1
7858 3281 1
7858 844 1
7858 2770 1
7858 436 1
7858 3127 1
7858 2474 1
7858 2612 1
7858 1505 1
7858 3291 1
7858 3254 1
7858 3450 1
7858 1763 1
7858 1954 1
7858 3241 1
7858 1238 1
7858 633 1
7858 2881 1
7858 1877 1
7858 3376 1
7858 3972 1
7858 3399 1
7858 3507 1
7858 2577 1
7858 3053 1
7858 3866 1
7858 1071 1
7858 3787 1
7858 4306 1
7858 1610 1
7858 3546 1
7858 77 1
7858 242 1
7859 1506 1
7859 378 1
7859 4253 1
7865 4422 1
7865 3972 1
7865 247 1
7865 1954 1
7865 1540 1
7865 2484 1
7866 4748 1
7866 1540 1
7867 522 1
7867 375 1
7867 350 1
7867 1954 1
7867 3218 1
7868 1540 1
7868 1588 1
7870 2002 1
7870 3483 1
7870 3452 1
7870 1754 1
7870 1961 1
7870 2632 1
7870 4373 1
7870 3282 1
7870 3486 1
7870 4687 1
7870 4036 1
7870 177 1
7870 4703 1
7870 3212 1
7871 947 1
7871 152 1
7871 3968 1
7871 286 1
7871 4345 1
7871 1236 1
7871 247 1
7871 3859 1
7871 1773 1
7871 4353 1
7871 1733 1
7871 4212 1
7871 1122 1
7871 1105 1
7871 720 1
7871 1507 1
7871 3391 1
7871 842 1
7871 24 1
7871 2850 1
7871 2675 1
7871 1964 1
7871 1919 1
7871 1786 1
7871 214 1
7871 4422 1
7871 1594 1
7871 3246 1
7871 4206 1
7871 1071 1
7871 989 1
7871 3386 1
7871 3534 1
7871 2152 1
7871 4467 1
7871 3551 1
7871 4009 1
7871 2429 1
7871 520 1
7871 3741 1
7871 2697 1
7871 1902 1
7871 1954 1
7871 3259 1
7871 4339 1
7871 3889 1
7871 1699 1
7871 2223 1
7871 117 1
7871 4622 1
7871 92 1
7871 3031 1
7871 4754 1
7871 2943 1
7871 1540 1
7871 4533 1
7871 1277 1
7871 4380 1
7871 1578 1
7871 616 1
7871 4122 1
7871 2219 1
7871 2342 1
7871 2710 1
7871 3866 1
7871 1811 1
7871 2022 1
7871 420 1
7871 3903 1
7871 74 1
7872 535 1
7872 4700 1
7872 2180 1
7872 3667 1
7872 2954 1
7872 3739 1
7872 1578 1
7872 1540 1
7872 1098 1
7872 2092 1
7874 282 1
7874 3072 1
7875 1999 1
7875 1671 1
7875 3866 1
7875 535 1
7875 671 1
7875 2681 1
7875 1578 1
7875 1499 1
7875 2748 1
7875 2239 1
7875 921 1
7878 3154 1
7878 2595 1
7878 1763 1
7878 4482 1
7878 542 1
7878 282 1
7878 3712 1
7879 3871 1
7879 2305 1
7879 3999 1
7879 2039 1
7879 3378 1
7879 1241 1
7879 1739 1
7879 2469 1
7879 33 1
7879 242 1
7879 2173 1
7879 2402 1
7879 436 1
7879 3656 1
7879 3615 1
7879 4072 1
7879 4286 1
7879 4009 1
7879 1502 1
7879 2219 1
7879 3197 1
7879 1071 1
7881 4273 1
7881 1540 1
7881 2092 1
7881 1578 1
7881 4021 1
7881 4422 1
7881 1610 1
7881 2577 1
7881 671 1
7882 282 1
7882 3197 1
7882 2092 1
7882 2875 1
7882 989 1
7882 1348 1
7882 149 1
7882 2748 1
7882 4303 1
7883 838 1
7884 380 1
7884 4504 1
7884 1945 1
7884 2299 1
7884 1414 1
7884 3714 1
7884 3197 1
7884 1157 1
7884 314 1
7884 3811 1
7884 633 1
7884 4303 1
7884 3023 1
7884 417 1
7884 535 1
7884 4401 1
7884 1593 1
7884 305 1
7884 676 1
7884 959 1
7884 3401 1
7884 3569 1
7884 1202 1
7884 1759 1
7884 3373 1
7884 1540 1
7884 3254 1
7884 3562 1
7884 77 1
7884 4266 1
7884 3872 1
7884 3267 1
7884 3164 1
7884 1324 1
7884 2737 1
7884 2755 1
7884 24 1
7884 2697 1
7884 2275 1
7884 3566 1
7884 40 1
7884 1080 1
7884 3269 1
7884 4661 1
7884 1249 1
7884 78 1
7884 1355 1
7884 2059 1
7884 3011 1
7884 33 1
7884 3615 1
7884 4302 1
7884 1703 1
7884 4250 1
7884 4714 1
7884 3866 1
7884 3077 1
7884 2727 1
7884 183 1
7884 2970 1
7884 1077 1
7884 816 1
7884 826 1
7884 4273 1
7884 3450 1
7884 2920 1
7884 3300 1
7884 2092 1
7884 1601 1
7884 3664 1
7892 1122 1
7892 4497 1
7892 2148 1
7893 984 1
7893 3154 1
7896 2219 1
7896 2079 1
7896 1857 1
7896 3378 1
7896 362 1
7896 3866 1
7896 1954 1
7896 1662 1
7896 1348 1
7896 2275 1
7896 4000 1
7896 1790 1
7896 1105 1
7896 4116 1
7896 4401 1
7896 3272 1
7896 2342 1
7896 616 1
7896 893 1
7897 2763 1
7897 1835 1
7897 1759 1
7897 1568 1
7897 1085 1
7897 3540 1
7897 3566 1
7897 2639 1
7897 2044 1
7897 2251 1
7900 3628 1
7900 2173 1
7900 4506 1
7900 4423 1
7900 2342 1
7900 2219 1
7900 558 1
7900 3024 1
7900 2683 1
7900 1077 1
7900 3871 1
7900 1 1
7900 869 1
7900 3155 1
7900 2443 1
7900 1954 1
7900 2913 1
7900 4401 1
7900 3205 1
7900 161 1
7900 4212 1
7900 4206 1
7900 1857 1
7900 1071 1
7900 187 1
7900 2300 1
7900 3534 1
7900 4027 1
7902 4212 1
7902 4558 1
7902 4714 1
7902 3464 1
7904 1759 1
7904 3329 1
7904 1556 1
7904 3569 1
7904 4564 1
7904 2920 1
7904 1798 1
7904 2674 1
7904 535 1
7904 3197 1
7904 4405 1
7904 2023 1
7904 3376 1
7904 3216 1
7904 379 1
7904 1619 1
7904 1135 1
7904 3489 1
7904 2393 1
7904 1179 1
7904 362 1
7904 4670 1
7904 2390 1
7904 3277 1
7904 67 1
7904 2079 1
7904 769 1
7904 4067 1
7904 3967 1
7904 282 1
7904 1945 1
7904 3241 1
7904 2697 1
7904 3272 1
7904 1285 1
7904 1077 1
7904 3164 1
7904 4751 1
7904 3281 1
7904 1606 1
7904 958 1
7904 2294 1
7904 3274 1
7904 4584 1
7904 475 1
7904 3638 1
7904 256 1
7904 161 1
7904 393 1
7904 223 1
7904 3562 1
7904 1436 1
7904 2219 1
7904 3205 1
7904 1429 1
7904 765 1
7904 4266 1
7904 3866 1
7904 821 1
7905 1742 1
7905 1041 1
7905 2493 1
7905 3077 1
7907 3665 1
7907 3489 1
7907 1945 1
7907 2881 1
7907 2153 1
7907 1811 1
7907 456 1
7908 4395 1
7908 2807 1
7914 2234 1
7914 2577 1
7914 3845 1
7918 2023 1
7918 522 1
7918 1540 1
7918 4001 1
7918 1578 1
7918 4159 1
7918 535 1
7918 1179 1
7918 3197 1
7918 247 1
7918 4422 1
7918 2092 1
7918 1203 1
7923 2342 1
7923 1520 1
7923 1201 1
7923 3795 1
7925 350 1
7925 74 1
7925 4401 1
7925 4542 1
7925 3725 1
7925 3759 1
7925 2092 1
7925 4423 1
7925 161 1
7925 2724 1
7925 2079 1
7925 1890 1
7925 4369 1
7926 3871 1
7926 4401 1
7926 2039 1
7926 169 1
7926 3450 1
7926 2577 1
7926 4266 1
7926 997 1
7926 1505 1
7926 1077 1
7926 1578 1
7926 3197 1
7928 2577 1
7928 616 1
7928 117 1
7928 475 1
7928 4239 1
7928 67 1
7928 1054 1
7928 3714 1
7928 167 1
7928 4744 1
7928 2219 1
7928 2956 1
7928 95 1
7928 8 1
7928 3076 1
7928 1324 1
7928 3507 1
7928 3711 1
7928 2173 1
7928 1540 1
7934 4744 1
7934 551 1
7934 816 1
7935 4744 1
7935 4041 1
7935 3214 1
7935 2092 1
7935 3604 1
7935 4467 1
7935 3282 1
7935 1835 1
7935 33 1
7935 3197 1
7935 378 1
7935 2777 1
7935 4465 1
7935 3567 1
7935 2025 1
7935 3613 1
7935 4273 1
7935 2748 1
7935 3357 1
7935 1122 1
7935 4345 1
7935 2127 1
7935 3667 1
7935 3450 1
7935 1763 1
7937 4122 1
7937 1835 1
7937 1892 1
7937 3447 1
7937 2883 1
7937 941 1
7937 1218 1
7937 4651 1
7937 3373 1
7937 1925 1
7937 2638 1
7937 1324 1
7937 523 1
7937 1193 1
7937 3704 1
7937 3895 1
7937 40 1
7937 3464 1
7937 3448 1
7937 2539 1
7937 3300 1
7937 4040 1
7937 4558 1
7937 2092 1
7937 377 1
7937 4251 1
7937 790 1
7937 3361 1
7937 4367 1
7937 4339 1
7937 1760 1
7937 291 1
7937 398 1
7937 3667 1
7937 1982 1
7937 2633 1
7937 4744 1
7937 1507 1
7937 2308 1
7937 4216 1
7937 997 1
7937 4674 1
7937 1203 1
7937 821 1
7937 1238 1
7937 77 1
7937 1013 1
7938 4401 1
7938 3117 1
7938 4576 1
7938 4013 1
7938 1540 1
7938 4123 1
7938 2748 1
7938 4554 1
7938 247 1
7938 4422 1
7938 4504 1
7938 4744 1
7938 2573 1
7938 1803 1
7938 3740 1
7938 2059 1
7938 2437 1
7938 343 1
7938 4346 1
7938 564 1
7938 3936 1
7938 1077 1
7938 4696 1
7938 1341 1
7938 2522 1
7938 757 1
7938 1505 1
7938 4341 1
7939 2518 1
7939 2920 1
7940 3357 1
7940 4703 1
7940 983 1
7941 1179 1
7943 2697 1
7943 3824 1
7944 78 1
7944 421 1
7944 3196 1
7952 874 1
7952 1116 1
7953 4266 1
7963 2974 1
7963 3974 1
7963 3790 1
7963 2194 1
7963 3814 1
7963 1533 1
7963 2577 1
7963 3318 1
7963 1502 1
7963 3851 1
7963 2996 1
7966 3562 1
7966 3160 1
7966 132 1
7966 267 1
7966 3746 1
7966 1118 1
7966 932 1
7966 837 1
7971 4548 1
7971 2506 1
7973 2219 1
7973 359 1
7973 2577 1
7973 157 1
7973 3714 1
7973 522 1
7973 3300 1
7973 1578 1
7973 4548 1
7973 3197 1
7973 1110 1
7973 2159 1
7973 4022 1
7973 337 1
7973 3522 1
7973 1610 1
7973 1218 1
7973 3613 1
7973 4306 1
7973 2382 1
7973 3667 1
7973 2763 1
7973 3109 1
7973 2716 1
7973 4104 1
7973 4159 1
7973 2393 1
7973 3787 1
7973 375 1
7973 1118 1
7973 402 1
7973 3102 1
7973 1566 1
7973 2920 1
7973 1373 1
7973 1505 1
7973 1238 1
7973 4519 1
7973 4584 1
7973 24 1
7973 821 1
7973 2595 1
7973 2131 1
7973 3154 1
7973 3871 1
7973 4690 1
7973 781 1
7973 1825 1
7973 3546 1
7973 46 1
7973 137 1
7973 1601 1
7973 2956 1
7973 4203 1
7973 2850 1
7973 3628 1
7973 4072 1
7973 997 1
7973 3520 1
7973 4001 1
7973 1540 1
7973 2342 1
7973 628 1
7973 950 1
7973 957 1
7973 893 1
7973 4562 1
7973 2292 1
7973 2612 1
7973 714 1
7975 2577 1
7975 3196 1
7975 984 1
7975 1324 1
7975 2956 1
7975 1629 1
7975 4744 1
7975 1105 1
7975 1540 1
7975 1964 1
7975 1202 1
7975 1745 1
7975 4467 1
7975 4339 1
7975 2681 1
7975 4345 1
7975 714 1
7975 3259 1
7975 2358 1
7975 3145 1
7975 350 1
7975 1499 1
7978 4465 1
7978 2153 1
7978 1211 1
7978 3831 1
7978 4422 1
7978 1610 1
7978 600 1
7978 1840 1
7978 3475 1
7978 2092 1
7979 2031 1
7979 2393 1
7979 1610 1
7979 2881 1
7979 3522 1
7979 1540 1
7979 3267 1
7979 838 1
7979 2573 1
7979 2153 1
7979 1566 1
7979 1122 1
7979 1954 1
7979 1699 1
7979 3837 1
7979 2612 1
7979 3228 1
7979 3329 1
7979 2273 1
7979 1763 1
7979 1238 1
7979 4266 1
7979 375 1
7982 4562 1
7984 4401 1
7985 1567 1
7985 2393 1
7985 3014 1
7985 4076 1
7985 4021 1
7988 893 1
7988 3999 1
7988 2039 1
7988 1954 1
7988 4306 1
7988 1505 1
7988 3534 1
7988 1544 1
7988 3241 1
7988 4401 1
7989 4422 1
7989 840 1
7989 2484 1
7989 2517 1
7989 3339 1
7989 129 1
7989 378 1
7989 2577 1
7989 399 1
7989 878 1
7989 3106 1
7989 1865 1
7989 2657 1
7989 857 1
7989 275 1
7989 358 1
7989 292 1
7989 3860 1
7989 10 1
7989 375 1
7989 3457 1
7989 1154 1
7989 3450 1
7991 183 1
7991 3197 1
7992 4113 1
7992 765 1
7992 671 1
7992 1324 1
7992 865 1
7992 2652 1
7992 3450 1
7992 2323 1
7992 1275 1
7992 3871 1
7992 2681 1
7992 3671 1
7992 3534 1
7992 3241 1
7992 2131 1
7996 1139 1
7996 3972 1
7996 4422 1
7996 1122 1
8000 4422 1
8000 2763 1
8000 1505 1
8000 3540 1
8000 3329 1
8000 3972 1
8000 3795 1
8000 535 1
8000 2484 1
8000 2727 1
8002 2922 1
8002 2484 1
8002 2478 1
8002 1564 1
8002 898 1
8002 4422 1
8002 1540 1
8002 3562 1
8002 3196 1
8002 1169 1
8002 2577 1
8004 4401 1
8004 3053 1
8006 2393 1
8006 1775 1
8006 2105 1
8006 4676 1
8006 157 1
8006 1499 1
8009 1229 1
8009 4432 1
8009 1769 1
8009 27 1
8009 4253 1
8009 931 1
8009 2866 1
8011 1458 1
8011 2313 1
8011 3089 1
8011 2612 1
8011 1540 1
8011 3291 1
8011 2219 1
8018 2364 1
8018 2382 1
8018 3154 1
8021 50 1
8021 3787 1
8021 1118 1
8021 371 1
8021 3546 1
8021 1525 1
8021 783 1
8021 3246 1
8021 3154 1
8021 2279 1
8021 2748 1
8021 2577 1
8021 906 1
8021 2393 1
8021 1825 1
8021 2092 1
8021 1085 1
8021 2273 1
8021 1540 1
8021 4422 1
8021 671 1
8021 842 1
8021 4061 1
8021 4755 1
8021 2781 1
8022 3447 1
8022 4222 1
8022 4755 1
8022 3687 1
8022 273 1
8022 218 1
8022 4291 1
8022 2153 1
8022 3721 1
8022 2257 1
8022 2709 1
8024 3667 1
8024 2578 1
8024 2920 1
8024 2152 1
8024 2294 1
8024 3241 1
8024 765 1
8024 1077 1
8024 3714 1
8024 861 1
8024 1739 1
8024 1891 1
8024 3967 1
8024 4009 1
8024 2039 1
8024 2173 1
8024 161 1
8024 326 1
8024 1954 1
8024 4380 1
8024 4210 1
8024 2299 1
8024 2159 1
8024 2023 1
8024 1096 1
8024 2131 1
8024 3274 1
8024 169 1
8024 3871 1
8024 947 1
8024 1544 1
8024 1879 1
8024 3866 1
8026 1386 1
8026 4467 1
8027 1803 1
8027 3740 1
8027 4223 1
8027 2039 1
8027 1578 1
8027 3401 1
8027 1502 1
8027 3432 1
8027 1381 1
8027 2469 1
8027 1544 1
8027 2299 1
8027 1505 1
8027 3197 1
8027 997 1
8032 3102 1
8032 1236 1
8032 3522 1
8032 3698 1
8032 1169 1
8032 434 1
8032 91 1
8032 2577 1
8032 1556 1
8032 2351 1
8032 3562 1
8032 2092 1
8032 2730 1
8032 2255 1
8032 3507 1
8032 3831 1
8032 4659 1
8032 2595 1
8032 2358 1
8035 3444 1
8035 4514 1
8035 3546 1
8035 2825 1
8035 4611 1
8035 398 1
8035 3947 1
8035 1113 1
8035 1110 1
8035 2382 1
8035 3818 1
8035 3667 1
8035 2047 1
8035 4415 1
8035 631 1
8035 4122 1
8035 3329 1
8035 421 1
8035 375 1
8035 3694 1
8035 378 1
8035 1266 1
8035 1135 1
8035 73 1
8035 2956 1
8035 4572 1
8035 821 1
8035 1029 1
8035 687 1
8035 2393 1
8036 2092 1
8036 1954 1
8036 4519 1
8036 2469 1
8036 4392 1
8036 1624 1
8036 4009 1
8036 2920 1
8036 24 1
8036 3871 1
8036 1646 1
8036 3615 1
8036 4670 1
8036 893 1
8036 3534 1
8036 137 1
8036 1105 1
8036 4159 1
8036 2131 1
8036 2163 1
8036 4562 1
8036 1224 1
8036 3726 1
8036 4423 1
8036 247 1
8036 3241 1
8036 421 1
8036 3740 1
8036 3866 1
8036 4206 1
8036 2039 1
0 4339 1
0 1610 1
0 3571 1
0 3507 1
1 3241 1
8 1839 1
14 3952 1
14 3519 1
14 3382 1
23 1499 1
25 3300 1
29 4000 1
30 1122 1
33 2577 1
37 1603 1
37 833 1
37 3197 1
47 3196 1
47 1054 1
49 3565 1
54 4422 1
58 782 1
60 3196 1
62 3628 1
64 4465 1
67 359 1
70 3656 1
75 3241 1
76 2484 1
78 1127 1
80 3170 1
80 152 1
80 1575 1
80 3452 1
80 1692 1
86 2305 1
88 1540 1
93 3075 1
94 3522 1
98 27 1
99 4459 1
102 3401 1
102 893 1
109 393 1
109 3669 1
109 2131 1
109 3324 1
109 3401 1
109 3739 1
109 330 1
110 4562 1
111 3450 1
112 1540 1
112 2853 1
112 4744 1
112 189 1
112 3109 1
116 3546 1
116 3967 1
116 2358 1
116 2159 1
116 1110 1
116 893 1
120 808 1
127 2740 1
129 493 1
132 1835 1
132 1355 1
134 1073 1
135 3562 1
135 2410 1
135 1127 1
135 2411 1
136 1646 1
139 3012 1
144 4423 1
145 3401 1
145 2187 1
146 2577 1
147 3075 1
148 3241 1
152 4422 1
152 3116 1
152 2956 1
152 2136 1
152 2521 1
157 2816 1
159 3197 1
163 894 1
164 821 1
167 4401 1
168 2860 1
169 2920 1
169 4548 1
173 1428 1
173 2148 1
174 2105 1
175 1799 1
177 4000 1
178 2385 1
181 1116 1
187 1858 1
187 535 1
188 4212 1
191 2358 1
192 4122 1
192 3135 1
194 2848 1
195 456 1
200 3422 1
201 4466 1
205 863 1
205 1889 1
208 4744 1
212 3241 1
212 893 1
213 4562 1
215 3399 1
218 402 1
219 2730 1
219 1348 1
219 3135 1
219 985 1
220 4158 1
221 3999 1
223 1203 1
230 4059 1
231 3753 1
232 1390 1
236 4081 1
236 3153 1
236 4523 1
236 92 1
236 4426 1
237 2632 1
237 67 1
237 1596 1
238 4000 1
238 1825 1
238 1104 1
238 3999 1
238 4670 1
239 591 1
239 2037 1
239 3433 1
239 1883 1
239 1644 1
239 2577 1
239 3285 1
239 2517 1
239 2922 1
239 4572 1
240 2577 1
246 3241 1
247 4659 1
247 1218 1
247 4422 1
247 4345 1
247 2808 1
248 2273 1
252 4422 1
253 4190 1
261 3947 1
261 3818 1
267 4308 1
268 3241 1
270 2092 1
272 1624 1
273 989 1
276 2639 1
282 3197 1
283 1139 1
286 3431 1
289 337 1
294 3197 1
298 893 1
300 3241 1
301 1860 1
301 613 1
302 3507 1
303 893 1
305 183 1
306 930 1
306 3615 1
306 653 1
306 436 1
309 2740 1
310 1893 1
310 2690 1
310 4028 1
310 4423 1
310 3197 1
310 436 1
310 1309 1
310 2763 1
310 754 1
312 1236 1
312 3385 1
313 3119 1
314 77 1
321 2542 1
321 2883 1
321 760 1
322 3436 1
322 590 1
322 908 1
322 3024 1
322 4339 1
322 3293 1
322 3578 1
322 475 1
322 2881 1
323 399 1
326 2973 1
328 2846 1
329 1761 1
331 3669 1
332 1578 1
334 997 1
335 1236 1
344 358 1
355 1371 1
357 2039 1
358 2730 1
359 3743 1
359 295 1
361 1203 1
365 1373 1
367 2851 1
367 3866 1
367 4217 1
367 77 1
367 3392 1
367 3411 1
367 3093 1
367 3401 1
367 1986 1
370 865 1
371 2421 1
372 3521 1
372 931 1
372 3567 1
372 4213 1
372 16 1
372 1203 1
372 378 1
372 1476 1
372 2748 1
376 2578 1
382 1436 1
392 1835 1
394 3972 1
395 2382 1
396 3452 1
398 2540 1
398 3233 1
401 1073 1
402 1540 1
403 457 1
404 2333 1
405 4562 1
405 765 1
407 4179 1
407 2135 1
407 1763 1
409 1759 1
409 2740 1
409 803 1
409 118 1
417 2005 1
420 4423 1
420 3459 1
420 3378 1
423 1945 1
424 2590 1
429 4459 1
431 3329 1
432 3921 1
434 3221 1
434 3175 1
434 714 1
434 3196 1
437 3866 1
437 4576 1
442 3329 1
443 1285 1
444 375 1
453 3385 1
454 2577 1
454 1610 1
455 2159 1
456 375 1
478 4401 1
479 2131 1
484 4467 1
486 4659 1
488 1196 1
489 3972 1
490 670 1
490 3657 1
491 4603 1
494 4079 1
496 3967 1
496 2920 1
496 1954 1
498 2681 1
499 3401 1
499 1691 1
500 3534 1
502 4670 1
502 1314 1
505 1369 1
505 1578 1
505 3385 1
505 1596 1
505 855 1
505 3267 1
507 2577 1
511 1012 1
512 3571 1
512 4449 1
519 208 1
520 1879 1
522 2520 1
522 3385 1
525 2430 1
528 4212 1
528 1610 1
528 1169 1
528 4250 1
528 3856 1
533 4449 1
534 1373 1
535 950 1
542 2881 1
548 941 1
550 1540 1
553 4273 1
554 318 1
554 2408 1
554 1831 1
554 4761 1
559 475 1
562 2920 1
562 4122 1
565 1759 1
566 378 1
568 3241 1
569 223 1
571 1348 1
571 2542 1
571 1902 1
573 2906 1
578 1950 1
579 816 1
580 816 1
582 3285 1
582 4483 1
583 3714 1
583 3669 1
583 3866 1
583 2131 1
583 2507 1
583 4009 1
585 2740 1
587 893 1
590 1540 1
592 2956 1
594 3871 1
599 3153 1
602 816 1
603 2840 1
603 4523 1
605 2986 1
610 273 1
610 414 1
610 3009 1
610 3197 1
610 3164 1
610 4548 1
610 3841 1
610 1603 1
610 816 1
610 1139 1
611 714 1
614 1373 1
615 27 1
620 3135 1
622 2362 1
625 616 1
629 4548 1
629 1619 1
631 730 1
635 2163 1
638 3291 1
641 402 1
642 3399 1
647 1759 1
647 223 1
649 3300 1
649 1166 1
649 1645 1
649 4768 1
649 3267 1
649 1798 1
650 3274 1
650 67 1
650 1763 1
650 187 1
651 1048 1
651 3385 1
654 421 1
654 2105 1
656 3192 1
656 436 1
656 3196 1
656 223 1
656 2697 1
658 4235 1
667 2188 1
672 3401 1
677 4548 1
681 206 1
681 1783 1
681 1822 1
681 4509 1
681 1041 1
681 475 1
682 74 1
682 343 1
682 1999 1
682 247 1
684 3567 1
686 4465 1
689 3940 1
692 3197 1
696 2659 1
698 1105 1
699 1803 1
702 760 1
702 2319 1
702 2763 1
702 842 1
702 2484 1
702 1960 1
702 1254 1
702 2748 1
711 4366 1
713 2553 1
715 77 1
725 3275 1
725 1548 1
726 3999 1
729 2305 1
731 2273 1
734 1135 1
735 3385 1
736 1139 1
737 1252 1
738 4401 1
743 3197 1
743 4402 1
743 3422 1
744 2362 1
744 2954 1
744 1540 1
744 4112 1
744 284 1
744 2299 1
744 4615 1
749 4422 1
752 3011 1
752 4423 1
752 3378 1
752 74 1
752 930 1
752 24 1
754 3901 1
756 3999 1
756 1945 1
756 1224 1
756 1566 1
756 4380 1
756 2219 1
757 2612 1
757 2219 1
757 3615 1
757 2305 1
757 1857 1
757 1891 1
757 649 1
757 2358 1
757 2697 1
757 362 1
758 2981 1
758 2092 1
758 1392 1
761 997 1
765 1300 1
765 2331 1
765 1799 1
765 250 1
767 2092 1
775 436 1
775 358 1
775 671 1
775 284 1
775 1835 1
775 3507 1
775 1110 1
775 3534 1
775 3522 1
775 1236 1
776 4627 1
780 4748 1
781 295 1
783 4467 1
786 3348 1
790 947 1
790 24 1
790 1499 1
790 1945 1
790 3811 1
790 1502 1
792 375 1
795 1624 1
795 1610 1
795 421 1
796 132 1
808 3399 1
809 1686 1
812 2092 1
817 3274 1
817 3366 1
817 2131 1
817 3489 1
817 3267 1
819 2025 1
820 2540 1
821 3011 1
824 1952 1
824 1253 1
824 583 1
824 4418 1
826 3267 1
833 3972 1
835 375 1
837 78 1
837 2987 1
837 3787 1
841 4548 1
844 3023 1
845 4449 1
852 1954 1
852 3615 1
852 247 1
858 2577 1
860 1096 1
860 2149 1
861 1948 1
865 1030 1
865 4159 1
865 2881 1
865 3368 1
865 1699 1
865 997 1
865 522 1
866 3197 1
867 1540 1
868 493 1
872 208 1
875 247 1
882 3075 1
882 328 1
883 1505 1
883 997 1
883 3401 1
889 1390 1
890 4423 1
894 3669 1
895 1540 1
897 3667 1
899 375 1
899 1902 1
903 3972 1
903 132 1
909 1763 1
909 2079 1
913 2092 1
916 1835 1
924 1108 1
924 3658 1
924 1165 1
924 2314 1
924 546 1
924 3538 1
924 399 1
924 782 1
926 2542 1
927 4548 1
927 4744 1
928 1540 1
931 3967 1
933 3866 1
933 350 1
933 1699 1
933 3291 1
933 269 1
934 396 1
937 375 1
938 2094 1
940 4103 1
947 539 1
947 2598 1
947 2459 1
947 3671 1
947 4029 1
954 247 1
955 1238 1
955 1105 1
955 3241 1
955 1835 1
958 291 1
958 1540 1
960 3060 1
962 1285 1
963 1902 1
967 3866 1
967 3516 1
967 857 1
967 3972 1
969 4485 1
972 1578 1
973 2305 1
974 4548 1
976 1540 1
977 2921 1
980 801 1
983 2542 1
984 1073 1
984 4216 1
984 359 1
984 1253 1
994 782 1
996 1711 1
998 4562 1
1001 2476 1
1004 421 1
1005 2646 1
1005 4670 1
1006 1578 1
1007 4001 1
1009 3196 1
1012 1077 1
1012 4523 1
1012 4401 1
1012 1954 1
1016 2305 1
1017 419 1
1023 3053 1
1023 765 1
1024 838 1
1026 311 1
1026 3948 1
1026 2655 1
1029 3615 1
1031 838 1
1032 3613 1
1035 3274 1
1035 3865 1
1035 540 1
1036 79 1
1037 1218 1
1041 2651 1
1044 1348 1
1047 1373 1
1047 475 1
1055 2393 1
1057 2142 1
1058 522 1
1066 3972 1
1066 1897 1
1075 157 1
1075 2763 1
1075 3569 1
1075 3109 1
1075 1499 1
1075 3373 1
1075 3559 1
1075 1635 1
1075 893 1
1075 3467 1
1078 893 1
1079 2206 1
1088 2372 1
1100 3859 1
1107 2362 1
1108 1879 1
1112 3972 1
1112 3464 1
1112 3740 1
1112 605 1
1115 893 1
1115 2092 1
1116 931 1
1117 2660 1
1117 522 1
1120 4751 1
1121 2239 1
1125 1572 1
1132 4122 1
1135 378 1
1135 375 1
1135 4303 1
1137 4553 1
1138 2740 1
1138 3197 1
1138 930 1
1142 3197 1
1145 2166 1
1153 2959 1
1158 4159 1
1160 2993 1
1163 4727 1
1163 265 1
1163 3254 1
1163 3522 1
1165 1711 1
1169 1945 1
1169 3197 1
1169 3211 1
1169 1594 1
1169 2578 1
1172 1196 1
1173 4467 1
1175 9 1
1180 375 1
1181 1474 1
1181 3567 1
1183 1954 1
1185 4670 1
1187 3218 1
1187 3714 1
1187 4422 1
1187 459 1
1187 546 1
1188 4670 1
1189 3912 1
1195 3574 1
1195 4553 1
1195 631 1
1195 2674 1
1198 3395 1
1199 1954 1
1200 1129 1
1200 4401 1
1200 375 1
1201 2740 1
1203 2987 1
1208 3546 1
1209 1502 1
1210 1196 1
1210 161 1
1218 4756 1
1218 4420 1
1223 4273 1
1223 2846 1
1224 1835 1
1226 2105 1
1235 3871 1
1235 256 1
1235 1105 1
1235 4339 1
1238 4422 1
1243 2092 1
1244 436 1
1246 2967 1
1255 2151 1
1256 3197 1
1256 3569 1
1256 2178 1
1257 2058 1
1257 3565 1
1257 1216 1
1257 1702 1
1257 2965 1
1257 2946 1
1257 2799 1
1257 2153 1
1257 4640 1
1259 1126 1
1264 1122 1
1268 1610 1
1274 2525 1
1278 3241 1
1281 1096 1
1281 3522 1
1281 3401 1
1281 3241 1
1281 4072 1
1281 997 1
1281 2705 1
1281 169 1
1281 4380 1
1281 4100 1
1284 487 1
1285 1999 1
1288 1348 1
1288 1007 1
1289 3489 1
1289 3401 1
1289 3628 1
1290 4395 1
1291 1578 1
1291 4122 1
1292 997 1
1293 3566 1
1293 501 1
1293 2763 1
1293 4089 1
1294 3921 1
1294 838 1
1294 3160 1
1294 3268 1
1294 4306 1
1294 2386 1
1294 4406 1
1295 2092 1
1300 1745 1
1306 92 1
1307 1118 1
1309 3534 1
1311 360 1
1311 1218 1
1311 4054 1
1313 996 1
1313 1983 1
1313 2378 1
1318 842 1
1318 3522 1
1318 342 1
1321 2748 1
1321 3930 1
1327 4504 1
1327 1759 1
1331 3154 1
1332 1540 1
1333 3866 1
1337 2577 1
1338 3191 1
1346 1999 1
1349 1366 1
1353 1540 1
1359 893 1
1361 1373 1
1361 4562 1
1361 3613 1
1361 3791 1
1361 1441 1
1361 2639 1
1361 4467 1
1362 1203 1
1364 2804 1
1367 421 1
1370 4545 1
1371 2517 1
1378 3952 1
1379 2173 1
1379 3534 1
1380 4529 1
1385 4266 1
1385 3122 1
1385 1196 1
1388 2362 1
1389 4333 1
1390 4395 1
1393 4491 1
1395 981 1
1397 358 1
1398 1578 1
1398 1116 1
1398 247 1
1398 2807 1
1398 4744 1
1399 3544 1
1400 1436 1
1400 1553 1
1400 4339 1
1400 1578 1
1400 3241 1
1402 248 1
1405 1203 1
1405 46 1
1407 535 1
1409 2875 1
1409 2390 1
1409 1628 1
1409 419 1
1409 4675 1
1409 4553 1
1409 3144 1
1409 3450 1
1410 4467 1
1414 1348 1
1416 4122 1
1418 283 1
1418 2975 1
1419 535 1
1420 1006 1
1423 4401 1
1427 4402 1
1430 3291 1
1437 3952 1
1437 1122 1
1439 949 1
1440 3822 1
1440 1366 1
1442 1118 1
1444 1540 1
1444 1610 1
1445 161 1
1445 3664 1
1448 3241 1
1454 3656 1
1455 3638 1
1459 1499 1
1460 1139 1
1462 4401 1
1468 2612 1
1468 1763 1
1468 1542 1
1468 4606 1
1468 378 1
1469 4251 1
1471 4562 1
1471 350 1
1471 160 1
1471 1945 1
1471 1600 1
1473 4380 1
1474 3160 1
1476 2122 1
1477 3183 1
1477 2966 1
1477 2707 1
1477 1998 1
1477 4541 1
1477 4401 1
1477 3023 1
1477 223 1
1482 3450 1
1482 1834 1
1482 3837 1
1484 4162 1
1484 3192 1
1486 3866 1
1487 893 1
1493 4422 1
1494 2763 1
1495 2922 1
1495 3197 1
1495 3105 1
1495 1954 1
1495 3940 1
1495 1619 1
1495 3669 1
1495 2612 1
1495 1865 1
1495 4158 1
1502 436 1
1505 1886 1
1507 1374 1
1510 3233 1
1512 3343 1
1512 1889 1
1512 2777 1
1512 1355 1
1512 1122 1
1512 1800 1
1512 2467 1
1512 4367 1
1512 1492 1
1515 981 1
1517 3843 1
1517 645 1
1517 4422 1
1518 475 1
1520 3740 1
1521 3713 1
1522 4422 1
1524 1122 1
1524 1578 1
1524 522 1
1524 2956 1
1532 3827 1
1535 1203 1
1536 3866 1
1539 4665 1
1540 4423 1
1541 2393 1
1544 4553 1
1544 2748 1
1544 2771 1
1546 1835 1
1547 1476 1
1549 1733 1
1549 714 1
1549 358 1
1554 4401 1
1555 2092 1
1556 1238 1
1558 2910 1
1562 3291 1
1567 2025 1
1570 2092 1
1570 1013 1
1570 893 1
1571 821 1
1571 1139 1
1571 2577 1
1571 2092 1
1571 4250 1
1571 4266 1
1573 3192 1
1574 341 1
1578 2844 1
1581 3866 1
1584 616 1
1587 2219 1
1590 1348 1
1591 1196 1
1594 1373 1
1600 649 1
1600 3044 1
1600 821 1
1601 1540 1
1601 208 1
1602 2536 1
1605 1476 1
1606 350 1
1606 3638 1
1606 436 1
1606 4401 1
1606 1505 1
1606 1600 1
1606 2920 1
1608 4086 1
1608 282 1
1608 2296 1
1608 2362 1
1608 2706 1
1608 700 1
1608 546 1
1608 2605 1
1608 931 1
1610 2151 1
1610 3197 1
1613 2730 1
1617 1203 1
1624 2362 1
1624 1831 1
1624 3866 1
1624 4303 1
1624 651 1
1624 3328 1
1624 4072 1
1624 2639 1
1624 375 1
1627 2578 1
1627 3153 1
1627 1071 1
1627 1077 1
1628 2382 1
1629 2661 1
1633 1325 1
1634 4422 1
1636 4422 1
1638 1610 1
1642 4562 1
1643 4422 1
1648 765 1
1649 4148 1
1649 2173 1
1649 436 1
1649 1954 1
1651 4401 1
1655 2020 1
1655 1377 1
1655 1071 1
1655 3009 1
1655 1945 1
1655 2342 1
1657 4401 1
1658 1801 1
1658 3246 1
1660 4500 1
1669 4422 1
1671 59 1
1671 3197 1
1672 1960 1
1673 47 1
1673 3713 1
1673 3373 1
1680 3279 1
1681 3930 1
1685 4661 1
1687 1902 1
1689 2697 1
1690 4548 1
1691 3866 1
1692 2219 1
1694 417 1
1698 1524 1
1700 3927 1
1700 2098 1
1700 1113 1
1700 1125 1
1700 2151 1
1700 177 1
1702 4486 1
1704 1238 1
1704 683 1
1705 27 1
1705 222 1
1707 1954 1
1712 2922 1
1715 1122 1
1716 204 1
1716 816 1
1716 1238 1
1722 2697 1
1722 3507 1
1722 3241 1
1722 1954 1
1725 1578 1
1725 1348 1
1732 208 1
1732 2092 1
1732 1702 1
1732 3452 1
1733 3197 1
1735 893 1
1737 4744 1
1743 402 1
1744 2033 1
1745 2197 1
1746 417 1
1747 8 1
1748 2173 1
1748 1954 1
1748 3164 1
1748 3615 1
1748 3534 1
1753 4302 1
1757 658 1
1757 4659 1
1763 4401 1
1765 3467 1
1765 1466 1
1765 350 1
1765 2358 1
1765 3196 1
1765 2403 1
1765 2051 1
1765 429 1
1765 3667 1
1765 4315 1
1772 375 1
1772 3673 1
1773 2577 1
1773 4059 1
1773 1917 1
1773 847 1
1773 2922 1
1773 2392 1
1773 932 1
1776 2577 1
1777 1135 1
1778 2704 1
1780 3434 1
1780 3452 1
1781 1610 1
1786 3629 1
1788 1271 1
1790 535 1
1791 1835 1
1795 3196 1
1798 4423 1
1801 456 1
1807 247 1
1808 475 1
1811 930 1
1812 397 1
1817 816 1
1825 2748 1
1825 4213 1
1826 3693 1
1826 45 1
1828 419 1
1828 825 1
1828 847 1
1833 1122 1
1835 1179 1
1836 3638 1
1836 3153 1
1837 375 1
1838 3291 1
1841 1610 1
1843 838 1
1846 1857 1
1849 3309 1
1851 661 1
1851 3011 1
1856 4000 1
1860 4670 1
1864 2358 1
1865 3818 1
1869 3755 1
1872 4324 1
1873 160 1
1875 3291 1
1875 132 1
1876 24 1
1876 1619 1
1878 1886 1
1890 3457 1
1896 3559 1
1896 3841 1
1896 3373 1
1897 790 1
1898 714 1
1901 2920 1
1904 291 1
1908 118 1
1908 4072 1
1908 3535 1
1908 3175 1
1908 1603 1
1910 2612 1
1911 4467 1
1916 4231 1
1916 2342 1
1916 1455 1
1916 4423 1
1916 3843 1
1916 239 1
1916 2067 1
1916 2881 1
1916 3871 1
1916 1511 1
1921 1507 1
1922 3944 1
1922 3544 1
1922 3196 1
1922 4102 1
1922 282 1
1922 2542 1
1922 375 1
1924 1348 1
1937 3291 1
1938 4422 1
1939 4422 1
1945 3075 1
1945 3639 1
1945 4088 1
1945 3853 1
1948 1639 1
1948 2185 1
1948 3274 1
1948 1892 1
1948 2748 1
1950 2365 1
1951 1578 1
1953 4552 1
1954 2748 1
1959 816 1
1962 2000 1
1962 3567 1
1970 522 1
1970 1540 1
1971 2848 1
1972 4751 1
1975 3241 1
1978 4135 1
1978 4380 1
1979 4447 1
1979 3422 1
1980 3565 1
1985 2881 1
1985 1825 1
1985 3153 1
1985 2039 1
1987 853 1
1987 4547 1
1987 2577 1
1988 3518 1
1988 616 1
1988 3197 1
1988 2299 1
1992 4324 1
1992 4401 1
1992 311 1
1992 375 1
1992 4233 1
1992 4194 1
1992 2866 1
1992 3385 1
1992 1652 1
1992 3955 1
1996 359 1
1996 1446 1
1996 2342 1
1996 2079 1
1997 3291 1
1997 4345 1
1997 402 1
1997 1945 1
1997 456 1
1997 1851 1
1997 4460 1
1997 3787 1
1997 2023 1
2001 4308 1
2001 436 1
2001 2956 1
2002 2875 1
2009 295 1
2013 4306 1
2014 3197 1
2015 3291 1
2025 539 1
2026 1761 1
2026 1006 1
2026 4029 1
2026 4756 1
2026 159 1
2026 1214 1
2026 1295 1
2026 2333 1
2026 4665 1
2026 3921 1
2027 4122 1
2027 468 1
2031 2612 1
2031 661 1
2032 3507 1
2033 4584 1
2037 4401 1
2039 2340 1
2042 1803 1
2044 2148 1
2048 4122 1
2048 2364 1
2052 1196 1
2058 1902 1
2059 2092 1
2063 3507 1
2065 358 1
2066 2655 1
2068 788 1
2068 4589 1
2070 247 1
2072 1763 1
2073 1126 1
2073 2180 1
2079 2553 1
2079 3853 1
2079 3547 1
2079 4408 1
2079 4670 1
2079 539 1
2079 1949 1
2079 1835 1
2083 708 1
2083 4408 1
2083 2971 1
2087 1072 1
2087 1993 1
2089 4104 1
2094 3522 1
2096 3866 1
2099 2335 1
2103 1624 1
2106 1678 1
2107 3291 1
2112 1169 1
2116 456 1
2117 4122 1
2118 1540 1
2120 1289 1
2121 2219 1
2121 4541 1
2125 1542 1
2125 724 1
2126 2921 1
2127 1289 1
2149 3241 1
2151 2911 1
2153 1122 1
2153 3713 1
2153 3285 1
2159 1238 1
2159 4744 1
2161 2677 1
2162 27 1
2168 631 1
2169 3014 1
2170 2683 1
2172 292 1
2175 4465 1
2175 274 1
2175 2187 1
2175 1071 1
2176 1283 1
2176 4560 1
2180 535 1
2183 4050 1
2186 2947 1
2186 3684 1
2188 3534 1
2193 4000 1
2196 714 1
2196 3196 1
2196 1242 1
2197 3450 1
2204 1902 1
2204 3753 1
2205 1190 1
2205 4000 1
2205 295 1
2205 282 1
2206 1502 1
2210 4422 1
2211 3520 1
2212 3241 1
2218 3999 1
2219 546 1
2222 2983 1
2222 3752 1
2224 893 1
2227 4122 1
2231 359 1
2231 4727 1
2232 1476 1
2232 318 1
2233 3197 1
2234 48 1
2236 77 1
2241 1594 1
2242 1540 1
2248 3866 1
2253 4018 1
2263 2577 1
2268 526 1
2269 1594 1
2269 3197 1
2270 2984 1
2272 4198 1
2272 2436 1
2272 3711 1
2272 4021 1
2272 1307 1
2272 3507 1
2277 308 1
2277 157 1
2277 2369 1
2277 1499 1
2277 3092 1
2277 3714 1
2277 131 1
2277 4670 1
2277 1505 1
2278 2382 1
2283 1610 1
2283 4113 1
2284 4122 1
2284 3972 1
2285 24 1
2286 4519 1
2291 3401 1
2293 3135 1
2296 4021 1
2296 4024 1
2296 4072 1
2296 2352 1
2296 2921 1
2300 45 1
2305 247 1
2308 2873 1
2309 3450 1
2313 2185 1
2320 893 1
2321 676 1
2326 2973 1
2330 878 1
2337 1578 1
2339 1811 1
2340 2293 1
2340 3669 1
2341 419 1
2344 475 1
2344 838 1
2344 2856 1
2345 2023 1
2346 3104 1
2350 3534 1
2352 2041 1
2352 535 1
2355 4422 1
2359 4422 1
2362 3787 1
2362 3664 1
2362 765 1
2362 1798 1
2363 535 1
2363 3156 1
2363 2382 1
2365 3329 1
2365 4548 1
2365 1566 1
2368 2740 1
2370 139 1
2371 2787 1
2371 4389 1
2371 170 1
2371 1499 1
2371 580 1
2372 94 1
2373 362 1
2378 1476 1
2381 3197 1
2383 2881 1
2383 4542 1
2383 4511 1
2383 4380 1
2383 3546 1
2383 4632 1
2383 1610 1
2383 1810 1
2385 1139 1
2391 2187 1
2391 569 1
2391 36 1
2391 1969 1
2391 4480 1
2391 947 1
2391 869 1
2391 3241 1
2392 2875 1
2393 1954 1
2394 765 1
2399 223 1
2401 2448 1
2405 295 1
2406 2474 1
2408 3569 1
2408 3267 1
2408 8 1
2408 2305 1
2408 2219 1
2408 1835 1
2408 3628 1
2408 4242 1
2408 3197 1
2411 4122 1
2412 2866 1
2412 16 1
2412 2589 1
2412 631 1
2416 3241 1
2416 3857 1
2416 4523 1
2419 1077 1
2422 375 1
2427 2920 1
2427 1502 1
2427 123 1
2427 3246 1
2429 2850 1
2430 3567 1
2431 2693 1
2434 427 1
2437 4727 1
2439 350 1
2440 4422 1
2441 1076 1
2446 1974 1
2448 3889 1
2449 4021 1
2449 3787 1
2449 3871 1
2449 3329 1
2449 3507 1
2449 247 1
2449 3241 1
2449 821 1
2449 4423 1
2449 402 1
2452 4669 1
2453 1954 1
2453 2364 1
2453 4246 1
2453 4444 1
2453 2153 1
2453 3300 1
2453 2051 1
2453 4670 1
2454 2656 1
2455 2577 1
2456 4444 1
2460 2248 1
2462 1897 1
2462 247 1
2463 2577 1
2464 1584 1
2464 95 1
2464 2996 1
2464 1135 1
2464 720 1
2464 2079 1
2464 24 1
2466 3077 1
2467 1835 1
2468 4045 1
2469 985 1
2469 2577 1
2469 3999 1
2469 4367 1
2475 1891 1
2475 2299 1
2476 1369 1
2477 2639 1
2478 3450 1
2479 1077 1
2484 2351 1
2486 3999 1
2486 2092 1
2487 3291 1
2488 4553 1
2488 3567 1
2488 3291 1
2488 1886 1
2488 4744 1
2488 2754 1
2488 358 1
2488 4664 1
2488 3093 1
2488 169 1
2492 4306 1
2492 3241 1
2492 2051 1
2492 4459 1
2492 242 1
2492 985 1
2492 2770 1
2496 1610 1
2498 893 1
2503 3489 1
2505 3999 1
2506 1578 1
2508 1285 1
2509 857 1
2510 304 1
2510 1505 1
2510 4156 1
2511 3667 1
2511 1578 1
2511 4187 1
2511 1071 1
2511 2440 1
2514 2677 1
2516 3957 1
2518 4250 1
2520 3972 1
2520 4467 1
2520 4422 1
2527 2474 1
2527 2573 1
2527 1540 1
2527 888 1
2527 2484 1
2529 161 1
2532 816 1
2533 2041 1
2536 2051 1
2536 2921 1
2536 2536 1
2536 622 1
2538 949 1
2540 1466 1
2540 3534 1
2540 3653 1
2540 4670 1
2540 4755 1
2540 3075 1
2540 3864 1
2540 931 1
2540 1300 1
2540 4212 1
2545 157 1
2545 4212 1
2546 4542 1
2549 1179 1
2552 1540 1
2553 4444 1
2557 2484 1
2557 2920 1
2558 2173 1
2558 362 1
2560 1621 1
2563 3972 1
2569 4422 1
2570 3135 1
2575 1218 1
2576 1067 1
2577 1896 1
2578 2039 1
2580 4548 1
2581 2092 1
2581 1578 1
2584 941 1
2586 522 1
2587 3944 1
2593 4615 1
2593 522 1
2593 3411 1
2593 730 1
2593 997 1
2594 4182 1
2600 2987 1
2603 4159 1
2606 997 1
2612 2577 1
2617 3274 1
2617 1553 1
2617 223 1
2618 1610 1
2620 2092 1
2622 4756 1
2630 997 1
2639 3241 1
2639 1945 1
2642 4208 1
2644 1348 1
2646 274 1
2648 3521 1
2648 4511 1
2648 742 1
2650 1644 1
2653 27 1
2655 1139 1
2655 4423 1
2655 3152 1
2655 821 1
2657 2956 1
2659 1441 1
2659 2092 1
2659 371 1
2659 3999 1
2661 1686 1
2662 3735 1
2663 4564 1
2666 1561 1
2666 3140 1
2666 3866 1
2667 2577 1
2667 1196 1
2673 3401 1
2673 1077 1
2673 1945 1
2673 4460 1
2676 816 1
2677 3089 1
2678 1996 1
2682 2944 1
2687 1935 1
2687 3034 1
2692 898 1
2694 1454 1
2694 4306 1
2695 1646 1
2698 4690 1
2699 1540 1
2701 1556 1
2702 3259 1
2703 4422 1
2704 4422 1
2705 874 1
2705 1506 1
2705 760 1
2708 3837 1
2708 3668 1
2710 1083 1
2717 765 1
2718 535 1
2722 2117 1
2723 3567 1
2724 1578 1
2724 4422 1
2728 1122 1
2730 3196 1
2735 442 1
2739 4751 1
2741 3023 1
2742 237 1
2742 4401 1
2742 4622 1
2742 1540 1
2746 1566 1
2748 3452 1
2748 4605 1
2752 1763 1
2754 4744 1
2754 4122 1
2754 1540 1
2754 522 1
2754 3520 1
2754 3489 1
2754 3077 1
2754 906 1
2754 2335 1
2754 3740 1
2759 1410 1
2760 3197 1
2761 2618 1
2762 985 1
2764 2118 1
2764 1196 1
2768 838 1
2768 1139 1
2770 2101 1
2771 4122 1
2772 2268 1
2773 1122 1
2775 79 1
2775 2921 1
2779 4467 1
2784 4309 1
2785 1396 1
2787 1974 1
2789 1253 1
2789 2410 1
2789 1179 1
2790 3507 1
2791 893 1
2791 4423 1
2793 682 1
2793 2334 1
2793 1506 1
2794 3534 1
2795 371 1
2795 1588 1
2795 3562 1
2795 2305 1
2795 3197 1
2795 3669 1
2795 754 1
2801 4358 1
2803 1285 1
2804 1646 1
2806 1578 1
2808 1953 1
2809 631 1
2811 2105 1
2813 4401 1
2817 2740 1
2817 1803 1
2819 2002 1
2822 2092 1
2822 3197 1
2822 4417 1
2824 2542 1
2833 701 1
2836 3072 1
2838 1891 1
2840 3507 1
2841 2085 1
2848 1768 1
2850 3277 1
2852 3740 1
2853 3197 1
2853 1533 1
2853 734 1
2853 706 1
2853 1646 1
2856 1610 1
2857 3452 1
2858 2577 1
2859 1071 1
2860 782 1
2860 838 1
2860 3904 1
2860 3450 1
2860 2681 1
2860 1324 1
2860 3562 1
2860 1733 1
2860 3196 1
2860 2577 1
2861 1122 1
2861 1429 1
2861 3274 1
2866 2240 1
2868 3565 1
2870 4202 1
2872 4557 1
2876 3507 1
2880 4422 1
2881 3612 1
2884 350 1
2886 378 1
2887 3613 1
2889 2697 1
2892 1773 1
2894 4275 1
2895 330 1
2899 3967 1
2904 1105 1
2905 997 1
2906 3967 1
2909 3667 1
2909 522 1
2911 3795 1
2914 2655 1
2915 3300 1
2923 1096 1
2925 330 1
2928 1986 1
2928 3943 1
2928 122 1
2930 1540 1
2936 2278 1
2938 4401 1
2939 1283 1
2940 2730 1
2941 1616 1
2942 45 1
2949 3378 1
2949 947 1
2949 1891 1
2949 3489 1
2949 2881 1
2955 1540 1
2958 2959 1
2959 4401 1
2960 2763 1
2961 2588 1
2964 4562 1
2965 27 1
2968 774 1
2972 3628 1
2975 152 1
2976 247 1
2977 2166 1
2980 3329 1
2982 24 1
2983 1499 1
2987 735 1
2987 4703 1
2987 3465 1
2987 2752 1
2987 3736 1
2988 3999 1
2995 2362 1
2996 1122 1
2998 3293 1
3000 3787 1
3003 3401 1
3004 1954 1
3006 1236 1
3007 4208 1
3007 2279 1
3007 4122 1
3007 2921 1
3007 330 1
3007 1122 1
3007 4631 1
3008 1968 1
3008 161 1
3010 2313 1
3017 2752 1
3019 4346 1
3019 3567 1
3020 4088 1
3024 258 1
3026 2240 1
3028 316 1
3030 2299 1
3031 3196 1
3037 2173 1
3041 2577 1
3047 4475 1
3047 402 1
3047 2573 1
3047 2921 1
3047 1013 1
3047 2094 1
3048 1122 1
3050 3196 1
3053 2092 1
3060 790 1
3062 1135 1
3065 522 1
3065 1968 1
3066 4422 1
3072 3534 1
3072 3615 1
3075 2612 1
3076 4468 1
3077 3267 1
3077 569 1
3081 2987 1
3084 4114 1
3086 714 1
3086 3963 1
3086 1348 1
3088 1835 1
3090 2499 1
3090 2117 1
3092 27 1
3096 4122 1
3097 4732 1
3100 3811 1
3101 3291 1
3103 1218 1
3105 2956 1
3105 2219 1
3109 3241 1
3114 1115 1
3114 3631 1
3115 2382 1
3116 4352 1
3118 893 1
3122 3154 1
3122 1307 1
3126 522 1
3127 1881 1
3129 3972 1
3129 1345 1
3132 247 1
3139 419 1
3146 2092 1
3148 4001 1
3148 2577 1
3148 1594 1
3152 3196 1
3153 1996 1
3158 2092 1
3160 1892 1
3171 3193 1
3173 4302 1
3173 78 1
3174 4543 1
3179 2213 1
3179 2866 1
3179 2697 1
3179 4422 1
3179 3488 1
3179 4603 1
3179 191 1
3179 4482 1
3181 4542 1
3183 3281 1
3185 4369 1
3189 3999 1
3192 1540 1
3195 1610 1
3197 874 1
3204 1891 1
3205 1283 1
3208 1578 1
3209 1067 1
3209 323 1
3211 1056 1
3212 3034 1
3216 225 1
3217 1799 1
3217 402 1
3230 1954 1
3230 4122 1
3232 1130 1
3233 2866 1
3235 1656 1
3237 1514 1
3238 2396 1
3241 1285 1
3242 1540 1
3244 3464 1
3244 2131 1
3246 417 1
3248 2740 1
3252 3464 1
3255 4485 1
3255 1947 1
3257 4545 1
3258 2382 1
3260 947 1
3260 2578 1
3260 4231 1
3260 3857 1
3260 4009 1
3261 3300 1
3262 2987 1
3264 3534 1
3266 4159 1
3268 77 1
3269 421 1
3271 3241 1
3272 2023 1
3273 350 1
3273 4511 1
3273 1170 1
3278 1540 1
3279 4000 1
3281 4553 1
3284 2770 1
3286 4366 1
3289 3450 1
3294 1476 1
3294 2111 1
3301 1122 1
3308 2092 1
3308 1745 1
3308 1476 1
3312 4422 1
3314 208 1
3325 4475 1
3327 1594 1
3335 2515 1
3336 1540 1
3337 3921 1
3340 137 1
3340 4600 1
3343 940 1
3347 3145 1
3352 2142 1
3355 3291 1
3359 1945 1
3362 3489 1
3364 2092 1
3368 2362 1
3374 2122 1
3376 604 1
3376 1069 1
3376 1636 1
3376 1951 1
3376 760 1
3377 3399 1
3379 3562 1
3382 893 1
3383 375 1
3384 3653 1
3387 3489 1
3387 1808 1
3387 4027 1
3389 1763 1
3390 2920 1
3390 3164 1
3390 3534 1
3390 3135 1
3390 2884 1
3390 2067 1
3390 676 1
3390 4511 1
3390 427 1
3390 765 1
3391 3660 1
3405 4757 1
3405 622 1
3405 3241 1
3406 3241 1
3412 972 1
3414 1578 1
3415 720 1
3417 2278 1
3417 3291 1
3419 2424 1
3421 3714 1
3421 3999 1
3422 3507 1
3426 3154 1
3427 2577 1
3433 4380 1
3439 844 1
3439 1135 1
3440 1196 1
3442 3507 1
3443 414 1
3445 3520 1
3447 1844 1
3450 1954 1
3453 4367 1
3457 2092 1
3458 4449 1
3462 475 1
3468 4401 1
3469 2681 1
3469 714 1
3469 3019 1
3471 1354 1
3474 2697 1
3479 4567 1
3481 1839 1
3485 1300 1
3486 3628 1
3486 930 1
3490 2595 1
3490 2092 1
3490 208 1
3490 2740 1
3490 1652 1
3490 3385 1
3490 337 1
3490 997 1
3490 4665 1
3490 378 1
3494 3972 1
3496 1324 1
3498 2777 1
3500 4086 1
3505 2092 1
3507 4273 1
3507 2740 1
3507 3241 1
3510 1954 1
3512 1077 1
3512 3999 1
3512 2753 1
3512 3155 1
3512 3871 1
3513 4229 1
3516 1578 1
3518 1385 1
3521 4579 1
3521 2595 1
3521 874 1
3521 1179 1
3521 666 1
3523 4274 1
3524 178 1
3526 4086 1
3527 2039 1
3529 989 1
3530 372 1
3533 4422 1
3534 4548 1
3537 4367 1
3544 3197 1
3547 4072 1
3556 1540 1
3558 4050 1
3558 4000 1
3558 4751 1
3558 3498 1
3558 1285 1
3559 4339 1
3564 4298 1
3564 4229 1
3568 1077 1
3569 2148 1
3569 1505 1
3572 1598 1
3575 1540 1
3576 3291 1
3577 1499 1
3577 2311 1
3577 2393 1
3580 4422 1
3584 2710 1
3586 3534 1
3587 4306 1
3589 1555 1
3589 2987 1
3589 3291 1
3589 3384 1
3589 247 1
3589 4519 1
3589 2986 1
3589 535 1
3590 2092 1
3591 1139 1
3592 2922 1
3596 3241 1
3597 1203 1
3598 3241 1
3600 4422 1
3602 1041 1
3606 1524 1
3607 951 1
3610 1130 1
3612 3106 1
3612 2578 1
3612 1454 1
3613 2364 1
3613 3109 1
3613 1759 1
3619 4553 1
3624 1218 1
3633 2965 1
3634 2382 1
3635 2577 1
3635 2761 1
3642 3011 1
3643 67 1
3647 3829 1
3647 4723 1
3648 1540 1
3654 4459 1
3661 429 1
3662 2851 1
3664 1012 1
3665 2267 1
3666 432 1
3667 281 1
3668 1773 1
3670 1196 1
3676 1945 1
3677 1502 1
3680 4402 1
3689 1505 1
3689 163 1
3691 2777 1
3691 1650 1
3693 4422 1
3694 3718 1
3696 2548 1
3699 4401 1
3702 4001 1
3703 3615 1
3704 4648 1
3707 1324 1
3710 893 1
3719 838 1
3721 842 1
3721 358 1
3723 782 1
3724 3197 1
3725 1348 1
3730 1540 1
3733 4000 1
3733 2956 1
3733 1610 1
3735 2067 1
3735 3895 1
3735 4401 1
3735 160 1
3742 2542 1
3743 2777 1
3744 2956 1
3745 1013 1
3745 169 1
3745 46 1
3747 3241 1
3752 765 1
3752 714 1
3752 3967 1
3752 947 1
3752 362 1
3752 2148 1
3753 1179 1
3759 4314 1
3765 985 1
3767 968 1
3767 2922 1
3769 3866 1
3771 2920 1
3772 2273 1
3772 1357 1
3772 4335 1
3772 2949 1
3772 3822 1
3772 1892 1
3772 1646 1
3775 1179 1
3780 1122 1
3781 326 1
3782 2362 1
3785 4548 1
3787 4036 1
3793 2382 1
3797 1521 1
3798 3164 1
3803 1540 1
3805 3399 1
3806 3972 1
3807 4303 1
3807 614 1
3807 2111 1
3810 4519 1
3813 2773 1
3813 3574 1
3813 3105 1
3821 4339 1
3828 3145 1
3833 3438 1
3837 3520 1
3844 4022 1
3844 2484 1
3853 2382 1
3854 1455 1
3855 3735 1
3856 2299 1
3858 522 1
3859 2020 1
3864 1179 1
3866 2740 1
3873 1575 1
3874 1212 1
3874 4530 1
3874 2763 1
3874 989 1
3875 1324 1
3875 2573 1
3875 24 1
3877 838 1
3878 1077 1
3879 2039 1
3882 78 1
3883 208 1
3887 2987 1
3888 50 1
3891 3197 1
3893 1139 1
3893 4 1
3894 3192 1
3894 3669 1
3895 421 1
3896 4029 1
3896 1293 1
3896 4511 1
3896 2506 1
3896 2002 1
3896 1833 1
3896 3967 1
3896 3291 1
3898 3795 1
3899 3714 1
3908 3546 1
3914 2153 1
3916 4422 1
3917 1096 1
3922 2917 1
3924 765 1
3929 4394 1
3930 1596 1
3932 1428 1
3935 200 1
3935 20 1
3935 3567 1
3935 32 1
3935 2478 1
3935 3710 1
3935 4706 1
3935 1390 1
3938 4744 1
3939 1754 1
3940 3795 1
3942 4169 1
3944 3841 1
3947 1891 1
3947 3489 1
3947 2173 1
3947 1954 1
3953 2184 1
3957 3718 1
3958 617 1
3959 760 1
3960 1610 1
3964 628 1
3965 2131 1
3965 2239 1
3965 4496 1
3967 4237 1
3967 2148 1
3969 4744 1
3970 3567 1
3971 1879 1
3972 1945 1
3975 3462 1
3976 3709 1
3976 4422 1
3977 997 1
3980 3866 1
3981 1711 1
3983 4179 1
3991 2002 1
3992 251 1
3997 402 1
4000 2577 1
4004 3972 1
4007 1646 1
4012 304 1
4015 4009 1
4020 3927 1
4020 1805 1
4020 3447 1
4020 3246 1
4020 1822 1
4020 1139 1
4020 1490 1
4020 1835 1
4020 3196 1
4020 2342 1
4023 3373 1
4031 4756 1
4037 3667 1
4047 2267 1
4047 855 1
4047 557 1
4047 535 1
4048 1540 1
4049 4122 1
4054 1935 1
4056 2109 1
4065 1824 1
4072 2382 1
4074 4670 1
4074 2577 1
4074 1939 1
4074 2340 1
4077 3450 1
4078 1238 1
4078 1499 1
4081 2044 1
4087 3787 1
4092 2180 1
4093 328 1
4095 4068 1
4095 3401 1
4095 4562 1
4095 2402 1
4096 2044 1
4096 4700 1
4096 2163 1
4096 2352 1
4096 2219 1
4097 4011 1
4102 1763 1
4105 1540 1
4106 2092 1
4108 2677 1
4108 931 1
4110 2219 1
4114 1790 1
4115 647 1
4116 2577 1
4118 1945 1
4122 4751 1
4123 4333 1
4123 3147 1
4124 4401 1
4125 1726 1
4128 1392 1
4128 3589 1
4129 765 1
4132 4423 1
4136 3967 1
4138 4423 1
4142 1610 1
4143 623 1
4147 4511 1
4148 1355 1
4149 2219 1
4150 4122 1
4152 3498 1
4152 2922 1
4153 4589 1
4155 371 1
4156 4068 1
4156 4620 1
4157 375 1
4159 2242 1
4161 4449 1
4161 3450 1
4163 3411 1
4164 3175 1
4164 3498 1
4164 4756 1
4164 406 1
4164 404 1
4164 77 1
4164 3625 1
4164 4744 1
4164 3482 1
4165 1902 1
4169 4422 1
4172 666 1
4172 3138 1
4172 3245 1
4172 1324 1
4172 3866 1
4178 1588 1
4178 4122 1
4178 4670 1
4178 4423 1
4183 4168 1
4184 4122 1
4188 3197 1
4190 1763 1
4195 2748 1
4197 1466 1
4198 944 1
4202 893 1
4202 4548 1
4202 3233 1
4202 24 1
4203 3511 1
4211 3866 1
4213 3628 1
4213 2484 1
4213 4401 1
4213 4004 1
4215 2250 1
4217 720 1
4220 632 1
4221 4467 1
4229 4068 1
4230 1285 1
4238 1218 1
4238 1601 1
4238 337 1
4238 4444 1
4238 421 1
4238 2763 1
4238 1954 1
4238 247 1
4239 330 1
4245 399 1
4246 330 1
4247 1118 1
4247 359 1
4247 3660 1
4248 3077 1
4248 3869 1
4248 1540 1
4248 3109 1
4248 1608 1
4248 3546 1
4249 4548 1
4250 4756 1
4251 997 1
4251 3197 1
4253 3197 1
4254 2187 1
4256 4345 1
4256 2577 1
4256 2881 1
4256 2681 1
4257 4122 1
4257 1077 1
4257 2292 1
4258 375 1
4262 4449 1
4262 4159 1
4265 1139 1
4285 1179 1
4289 3562 1
4289 2542 1
4289 542 1
4289 3102 1
4289 1300 1
4289 1072 1
4289 226 1
4289 1616 1
4289 1849 1
4290 3267 1
4292 4523 1
4295 3725 1
4298 944 1
4298 375 1
4298 4670 1
4299 730 1
4300 3714 1
4301 1348 1
4305 4751 1
4307 4548 1
4308 1013 1
4309 4122 1
4313 1610 1
4314 893 1
4314 1077 1
4314 3963 1
4314 359 1
4314 2219 1
4318 1958 1
4320 539 1
4322 4467 1
4325 2748 1
4330 2577 1
4330 3241 1
4330 2305 1
4330 3478 1
4335 2881 1
4335 1122 1
4335 359 1
4335 4511 1
4335 3488 1
4335 1348 1
4335 239 1
4335 4542 1
4335 4420 1
4335 375 1
4337 1540 1
4339 362 1
4340 359 1
4343 3291 1
4346 2364 1
4350 337 1
4350 2954 1
4354 4373 1
4355 3066 1
4358 282 1
4361 864 1
4363 3241 1
4364 3810 1
4364 2577 1
4365 2656 1
4367 997 1
4370 4113 1
4374 3534 1
4377 1506 1
4382 3291 1
4384 2484 1
4387 4072 1
4390 1931 1
4397 1902 1
4397 3399 1
4397 2488 1
4397 4545 1
4403 1139 1
4404 4122 1
4406 2333 1
4411 375 1
4411 1139 1
4415 3656 1
4419 192 1
4420 3742 1
4421 4401 1
4423 378 1
4426 3096 1
4427 3399 1
4433 2697 1
4435 893 1
4438 2956 1
4440 3534 1
4446 3874 1
4446 2028 1
4451 3671 1
4452 2920 1
4461 1954 1
4463 3866 1
4464 2577 1
4465 3291 1
4466 3197 1
4471 1122 1
4472 3399 1
4473 3009 1
4481 3534 1
4482 4434 1
4483 3972 1
4484 2920 1
4484 1122 1
4484 1105 1
4484 239 1
4484 4562 1
4484 1744 1
4486 2573 1
4487 2577 1
4490 1763 1
4491 1169 1
4492 1610 1
4493 4001 1
4493 3521 1
4493 3367 1
4494 2577 1
4494 3160 1
4494 311 1
4498 777 1
4508 2142 1
4511 1309 1
4511 3197 1
4512 163 1
4512 1139 1
4520 2451 1
4523 3458 1
4528 1600 1
4529 1313 1
4529 1952 1
4529 1702 1
4529 77 1
4529 123 1
4529 4744 1
4529 3700 1
4529 920 1
4530 2299 1
4535 4339 1
4537 3743 1
4539 1436 1
4539 3544 1
4539 2320 1
4539 2956 1
4539 4584 1
4547 2875 1
4548 4744 1
4549 2740 1
4550 4422 1
4552 24 1
4553 4560 1
4555 27 1
4561 2578 1
4561 4250 1
4563 2118 1
4566 1203 1
4567 4401 1
4569 4213 1
4571 139 1
4572 985 1
4577 1954 1
4583 4589 1
4584 893 1
4590 18 1
4592 1993 1
4592 4652 1
4594 3364 1
4599 3811 1
4599 3507 1
4599 1540 1
4599 304 1
4599 863 1
4600 322 1
4600 2382 1
4600 4665 1
4601 3972 1
4602 1610 1
4607 4001 1
4608 3077 1
4612 874 1
4612 3712 1
4612 898 1
4612 4346 1
4612 282 1
4618 4690 1
4619 1540 1
4632 3267 1
4634 375 1
4636 1348 1
4636 4001 1
4636 4467 1
4636 4570 1
4636 229 1
4641 3450 1
4642 2578 1
4643 3911 1
4643 3718 1
4644 1196 1
4645 4553 1
4645 419 1
4648 1542 1
4649 3534 1
4649 1095 1
4649 3791 1
4649 1824 1
4649 2219 1
4649 2730 1
4652 1196 1
4653 2479 1
4653 2577 1
4653 3488 1
4658 2041 1
4659 2020 1
4662 1833 1
4666 1169 1
4666 2319 1
4669 1759 1
4670 3871 1
4671 429 1
4672 4422 1
4672 628 1
4681 3434 1
4682 4346 1
4684 3233 1
4689 790 1
4691 4380 1
4696 1917 1
4696 4113 1
4700 1832 1
4700 27 1
4700 2105 1
4700 3254 1
4700 1721 1
4700 2540 1
4700 1773 1
4700 844 1
4700 3376 1
4703 2153 1
4709 2909 1
4709 535 1
4709 4690 1
4709 73 1
4709 2822 1
4709 2136 1
4709 2223 1
4710 821 1
4711 3154 1
4712 1578 1
4717 1107 1
4719 720 1
4721 2577 1
4721 74 1
4721 1077 1
4724 837 1
4725 539 1
4726 27 1
4726 782 1
4728 3023 1
4730 2898 1
4731 714 1
4732 3615 1
4732 1945 1
4732 2173 1
4743 169 1
4750 4632 1
4750 1077 1
4750 4380 1
4754 4380 1
4757 3967 1
4758 1105 1
4760 65 1
4762 3967 1
4762 4380 1
4762 2578 1
4762 36 1
4762 4511 1
4762 4542 1
4763 4670 1
4765 782 1
4767 3673 1
4767 1521 1
4767 378 1
4767 3329 1
4767 8 1
4767 1139 1
4767 3281 1
4767 3160 1
4767 3399 1
4772 2092 1
4773 2925 1
4776 3197 1
4777 3944 1
4777 4159 1
4777 535 1
4777 3638 1
4777 493 1
4777 3144 1
4777 2092 1
4777 1273 1
4777 2578 1
4779 1594 1
4781 3522 1
4786 3241 1
4794 493 1
4795 3507 1
4797 4558 1
4807 4306 1
4809 3507 1
4810 1077 1
4810 1426 1
4810 665 1
4810 240 1
4810 1953 1
4810 3601 1
4815 4659 1
4819 2612 1
4822 3972 1
4825 3241 1
4828 1566 1
4828 1825 1
4828 2173 1
4830 1540 1
4834 4562 1
4836 1902 1
4842 77 1
4843 4153 1
4844 2148 1
4844 1505 1
4851 2740 1
4851 4548 1
4854 816 1
4856 1122 1
4858 4000 1
4859 3682 1
4860 67 1
4863 4235 1
4865 3507 1
4868 4562 1
4868 1067 1
4868 318 1
4868 1039 1
4869 3972 1
4869 1610 1
4869 1711 1
4870 3422 1
4871 3453 1
4874 4346 1
4874 3464 1
4875 4674 1
4875 3740 1
4875 4080 1
4876 1575 1
4877 2796 1
4878 2143 1
4878 1029 1
4879 3656 1
4883 2044 1
4889 4001 1
4892 4478 1
4892 2333 1
4892 670 1
4895 535 1
4896 4631 1
4896 774 1
4896 4192 1
4899 2981 1
4902 4324 1
4902 2993 1
4909 1115 1
4911 4562 1
4911 893 1
4911 3967 1
4914 1960 1
4914 1968 1
4915 3196 1
4921 378 1
4924 1135 1
4926 2577 1
4926 4122 1
4926 3300 1
4929 4380 1
4930 4159 1
4937 4133 1
4939 2037 1
4941 707 1
4941 1968 1
4941 4667 1
4941 3607 1
4941 595 1
4947 1930 1
4948 1436 1
4950 2273 1
4950 4589 1
4950 3955 1
4950 2956 1
4951 2695 1
4951 2892 1
4951 2920 1
4951 3328 1
4951 2559 1
4951 1373 1
4951 406 1
4956 4345 1
4962 2577 1
4965 24 1
4966 3972 1
4971 3196 1
4973 1073 1
4978 3450 1
4982 2577 1
4987 1856 1
4989 3399 1
4990 857 1
4992 1588 1
4993 3511 1
4995 893 1
4998 2920 1
5000 1855 1
5001 2305 1
5002 2577 1
5008 4751 1
5008 4154 1
5008 1773 1
5009 2577 1
5010 1960 1
5014 945 1
5015 3463 1
5026 3241 1
5030 456 1
5030 3740 1
5031 1763 1
5039 782 1
5042 4313 1
5043 517 1
5044 985 1
5044 2358 1
5044 24 1
5046 3714 1
5049 2382 1
5050 4467 1
5051 4422 1
5053 1621 1
5055 3713 1
5061 4542 1
5062 1909 1
5066 2681 1
5067 4475 1
5067 78 1
5072 3126 1
5075 1540 1
5081 4422 1
5082 3886 1
5082 3871 1
5082 4300 1
5082 1196 1
5082 4369 1
5082 1414 1
5085 1566 1
5085 1540 1
5085 3241 1
5087 2382 1
5090 4422 1
5092 2749 1
5096 1122 1
5099 3450 1
5105 1130 1
5107 4579 1
5109 3329 1
5111 2816 1
5113 3837 1
5114 3567 1
5118 3713 1
5118 2107 1
5118 4659 1
5118 4171 1
5126 1954 1
5127 4665 1
5127 295 1
5128 4346 1
5128 3348 1
5128 2612 1
5128 1955 1
5128 2730 1
5128 1773 1
5128 2250 1
5129 985 1
5134 1394 1
5137 3562 1
5138 3787 1
5138 2921 1
5138 247 1
5138 3667 1
5139 2577 1
5140 493 1
5141 2530 1
5146 1589 1
5147 1179 1
5152 118 1
5154 3448 1
5155 3233 1
5157 2092 1
5159 1616 1
5159 358 1
5160 18 1
5161 4401 1
5163 3478 1
5164 4009 1
5164 1179 1
5164 4148 1
5164 2219 1
5164 46 1
5164 3489 1
5164 4023 1
5164 2342 1
5164 3116 1
5164 2960 1
5169 4553 1
5169 3305 1
5169 3749 1
5170 27 1
5171 1774 1
5176 4504 1
5177 4054 1
5178 67 1
5179 2748 1
5181 3534 1
5185 417 1
5185 3613 1
5185 371 1
5190 2402 1
5190 3660 1
5190 2187 1
5190 1974 1
5191 2275 1
5191 2092 1
5191 4401 1
5205 3866 1
5209 2748 1
5210 1392 1
5211 745 1
5211 809 1
5211 2629 1
5211 3118 1
5211 3116 1
5211 968 1
5211 4110 1
5211 4309 1
5211 129 1
5212 3154 1
5214 2382 1
5214 4028 1
5214 1183 1
5214 4001 1
5214 2393 1
5214 1169 1
5214 2894 1
5216 4491 1
5218 2921 1
5220 4122 1
5220 997 1
5220 3999 1
5220 2577 1
5220 2922 1
5220 3452 1
5220 2911 1
5220 3787 1
5220 4302 1
5220 3972 1
5221 4389 1
5221 2131 1
5221 2187 1
5221 3301 1
5221 3787 1
5221 3401 1
5221 4380 1
5221 3818 1
5221 4423 1
5221 541 1
5222 913 1
5223 3191 1
5224 3450 1
5230 3291 1
5235 683 1
5239 1601 1
5246 637 1
5248 378 1
5250 997 1
5251 2365 1
5253 378 1
5256 161 1
5258 4475 1
5259 2092 1
5264 3197 1
5265 1078 1
5267 2577 1
5268 3300 1
5268 4059 1
5270 893 1
5271 4548 1
5278 3077 1
5278 4744 1
5281 4548 1
5287 292 1
5290 4212 1
5290 456 1
5291 3569 1
5292 1892 1
5294 653 1
5294 4371 1
5294 1077 1
5294 1096 1
5294 1722 1
5294 1466 1
5294 100 1
5297 3897 1
5297 4465 1
5300 3241 1
5305 3164 1
5305 737 1
5305 1203 1
5305 2203 1
5305 3272 1
5305 3450 1
5305 282 1
5305 1610 1
5306 3507 1
5307 3569 1
5308 2748 1
5313 3507 1
5319 2921 1
5320 3714 1
5321 2148 1
5322 4422 1
5324 4054 1
5328 2105 1
5336 4072 1
5338 3569 1
5339 4043 1
5343 4744 1
5347 2612 1
5353 3024 1
5354 2358 1
5357 2754 1
5357 1879 1
5359 421 1
5363 765 1
5363 3329 1
5368 1872 1
5370 4768 1
5371 4054 1
5375 826 1
5379 4744 1
5382 1122 1
5383 57 1
5387 2668 1
5390 1122 1
5390 1540 1
5390 1844 1
5390 2829 1
5390 4467 1
5391 997 1
5392 2555 1
5401 2142 1
5405 1472 1
5406 3154 1
5411 3267 1
5412 1540 1
5421 3489 1
5424 760 1
5425 290 1
5429 4557 1
5430 3197 1
5432 2023 1
5438 3197 1
5442 1139 1
5444 4545 1
5444 3921 1
5446 1203 1
5447 4615 1
5452 4309 1
5454 3373 1
5455 997 1
5456 2092 1
5461 3373 1
5462 3628 1
5464 1902 1
5465 637 1
5465 3450 1
5465 4620 1
5465 117 1
5465 3192 1
5467 4744 1
5471 3338 1
5474 3559 1
5477 4401 1
5479 1096 1
5485 653 1
5488 1835 1
5489 149 1
5489 765 1
5495 1394 1
5496 2981 1
5500 4212 1
5500 2969 1
5500 4072 1
5500 27 1
5501 1285 1
5507 77 1
5508 4422 1
5510 67 1
5521 4422 1
5523 2656 1
5524 2364 1
5525 4000 1
5525 3749 1
5525 997 1
5525 208 1
5525 4171 1
5526 3450 1
5527 2023 1
5528 248 1
5529 1578 1
5529 1902 1
5531 2092 1
5536 2039 1
5536 1077 1
5536 3667 1
5536 1105 1
5536 3241 1
5537 2149 1
5537 1763 1
5538 2695 1
5545 1799 1
5545 782 1
5545 1972 1
5545 2333 1
5545 3450 1
5545 1110 1
5545 29 1
5545 909 1
5545 102 1
5548 755 1
5549 997 1
5550 1639 1
5550 3960 1
5550 1179 1
5550 2159 1
5550 3841 1
5550 68 1
5550 505 1
5555 1122 1
5563 3450 1
5565 4266 1
5569 1616 1
5570 27 1
5576 311 1
5578 893 1
5580 2495 1
5591 3385 1
5592 3718 1
5593 1717 1
5597 1366 1
5602 1915 1
5604 1288 1
5611 782 1
5611 4430 1
5611 878 1
5611 40 1
5614 3274 1
5614 3569 1
5614 1954 1
5615 24 1
5616 1309 1
5616 3562 1
5616 1007 1
5616 4345 1
5619 4422 1
5620 1540 1
5623 65 1
5628 4513 1
5635 3693 1
5635 3896 1
5637 3165 1
5637 4158 1
5637 4308 1
5637 3664 1
5637 4467 1
5637 4674 1
5642 4067 1
5646 816 1
5649 3291 1
5649 3534 1
5653 3653 1
5653 3094 1
5654 1835 1
5657 3305 1
5658 247 1
5662 3459 1
5662 350 1
5663 3646 1
5665 436 1
5667 4473 1
5669 3399 1
5670 4422 1
5672 894 1
5673 4035 1
5673 4665 1
5673 4141 1
5673 3338 1
5673 1207 1
5673 1855 1
5673 1711 1
5673 1072 1
5673 2528 1
5673 2873 1
5678 2069 1
5681 3901 1
5682 4000 1
5692 1601 1
5696 4467 1
5697 3376 1
5700 1365 1
5700 2543 1
5700 127 1
5704 1578 1
5705 2484 1
5707 4000 1
5709 3863 1
5715 24 1
5717 3329 1
5717 4213 1
5717 1780 1
5717 2730 1
5717 15 1
5717 421 1
5718 1203 1
5723 1275 1
5724 893 1
5725 4423 1
5725 760 1
5725 3866 1
5725 989 1
5725 3464 1
5725 4519 1
5725 1588 1
5725 1170 1
5727 4467 1
5737 4021 1
5744 3192 1
5744 3912 1
5744 3620 1
5748 1763 1
5748 358 1
5750 1945 1
5750 3534 1
5750 765 1
5750 3520 1
5753 78 1
5757 1624 1
5761 941 1
5763 4751 1
5764 226 1
5764 1540 1
5766 375 1
5770 1540 1
5773 77 1
5780 4212 1
5781 4401 1
5782 275 1
5782 1692 1
5782 3399 1
5782 1029 1
5782 1578 1
5782 2209 1
5782 4213 1
5783 3499 1
5783 417 1
5784 2358 1
5784 78 1
5790 1224 1
5792 2309 1
5792 209 1
5792 3687 1
5792 3267 1
5792 4588 1
5792 4308 1
5792 3352 1
5795 4009 1
5795 3241 1
5795 3866 1
5795 2079 1
5795 3274 1
5796 4422 1
5798 1610 1
5800 1179 1
5801 1309 1
5813 2577 1
5816 3952 1
5817 3197 1
5821 4024 1
5826 3546 1
5827 4086 1
5827 267 1
5829 2987 1
5829 2612 1
5829 24 1
5833 378 1
5836 3241 1
5837 2577 1
5844 2577 1
5845 3963 1
5847 3866 1
5848 2954 1
5854 3197 1
5860 188 1
5860 1499 1
5860 590 1
5860 3267 1
5863 4273 1
5866 2875 1
5869 2250 1
5870 1610 1
5870 3795 1
5872 1348 1
5873 24 1
5875 3186 1
5878 1835 1
5879 1752 1
5879 95 1
5886 1169 1
5887 2382 1
5888 667 1
5889 4542 1
5889 1105 1
5889 4584 1
5889 4744 1
5896 838 1
5897 2996 1
5899 3543 1
5899 3291 1
5901 67 1
5902 1365 1
5903 358 1
5905 24 1
5906 3267 1
5907 2092 1
5913 1139 1
5914 350 1
5914 2079 1
5920 1513 1
5921 24 1
5923 893 1
5924 1203 1
5934 754 1
5935 1835 1
5942 3367 1
5942 535 1
5942 1117 1
5942 229 1
5943 2908 1
5944 4401 1
5946 1610 1
5947 118 1
5951 4744 1
5954 4670 1
5960 3197 1
5964 1163 1
5965 1610 1
5969 1686 1
5973 757 1
5973 3604 1
5974 1505 1
5975 3972 1
5981 4467 1
5983 1958 1
5987 1610 1
5987 3660 1
5987 1025 1
5987 3241 1
5988 893 1
5990 745 1
5992 2577 1
5996 3871 1
5996 475 1
5997 3770 1
5997 3154 1
5998 3507 1
6001 1540 1
6003 2777 1
6004 3197 1
6008 2558 1
6012 4306 1
6015 1122 1
6016 3459 1
6016 2358 1
6016 4125 1
6016 24 1
6016 2173 1
6016 3930 1
6016 3698 1
6016 3234 1
6016 2811 1
6019 4511 1
6021 3889 1
6026 350 1
6027 2875 1
6030 3534 1
6031 290 1
6031 2092 1
6031 893 1
6031 1096 1
6031 3867 1
6033 1122 1
6036 4422 1
6036 790 1
6039 3543 1
6039 3399 1
6039 1773 1
6039 837 1
6039 2967 1
6039 2996 1
6039 3336 1
6039 1686 1
6043 3901 1
6050 2881 1
6051 3452 1
6055 3656 1
6055 350 1
6055 3106 1
6055 4562 1
6055 637 1
6055 2604 1
6055 626 1
6057 2834 1
6057 815 1
6061 1139 1
6065 1524 1
6066 3866 1
6067 948 1
6067 3507 1
6071 2179 1
6074 3154 1
6075 2308 1
6075 2949 1
6075 4422 1
6079 421 1
6081 821 1
6082 3534 1
6083 1902 1
6084 2770 1
6087 4422 1
6089 359 1
6090 3464 1
6093 3567 1
6095 223 1
6100 3631 1
6100 2473 1
6100 1457 1
6100 2069 1
6100 833 1
6100 760 1
6103 3863 1
6104 3534 1
6109 4122 1
6110 1540 1
6111 3241 1
6113 1752 1
6113 2921 1
6113 2577 1
6113 1236 1
6117 350 1
6120 3546 1
6121 2407 1
6121 4072 1
6121 2136 1
6121 1285 1
6123 24 1
6125 4079 1
6126 3267 1
6133 4380 1
6133 3241 1
6133 3534 1
6133 4562 1
6133 4546 1
6133 2952 1
6133 3963 1
6133 2039 1
6135 2044 1
6138 1608 1
6141 1540 1
6151 304 1
6152 4001 1
6154 4744 1
6159 1780 1
6160 766 1
6161 1169 1
6165 2987 1
6167 3967 1
6168 4542 1
6170 535 1
6175 3241 1
6178 4422 1
6179 3972 1
6180 4000 1
6187 3450 1
6188 3197 1
6190 493 1
6191 1540 1
6200 4738 1
6201 2464 1
6205 4562 1
6208 1990 1
6208 4020 1
6208 838 1
6210 1122 1
6214 1542 1
6214 1326 1
6214 123 1
6214 1865 1
6214 588 1
6214 1173 1
6214 3385 1
6215 2730 1
6218 4519 1
6218 456 1
6218 4021 1
6219 3241 1
6222 4380 1
6222 3544 1
6224 653 1
6225 3921 1
6227 2007 1
6230 2956 1
6233 2577 1
6235 2251 1
6240 4665 1
6241 1769 1
6243 898 1
6243 535 1
6246 4422 1
6247 1879 1
6247 3972 1
6251 4182 1
6254 1892 1
6254 2092 1
6254 4238 1
6254 2996 1
6254 4333 1
6254 4024 1
6254 700 1
6254 459 1
6254 2180 1
6255 1873 1
6259 3684 1
6259 1759 1
6259 4092 1
6259 2570 1
6259 1902 1
6263 4055 1
6264 2518 1
6268 1744 1
6273 2151 1
6273 2966 1
6278 1139 1
6278 893 1
6278 671 1
6281 137 1
6282 3300 1
6283 2875 1
6284 3713 1
6289 1879 1
6298 4523 1
6298 2952 1
6299 1865 1
6300 1750 1
6300 1790 1
6300 1754 1
6300 2148 1
6302 1169 1
6305 375 1
6307 1945 1
6310 1355 1
6315 1071 1
6319 3787 1
6322 3975 1
6323 893 1
6324 4122 1
6326 4504 1
6327 3866 1
6327 671 1
6334 4422 1
6335 765 1
6340 1914 1
6341 3864 1
6341 3154 1
6346 3742 1
6347 3197 1
6350 2577 1
6351 417 1
6359 3450 1
6362 2921 1
6370 1309 1
6372 3967 1
6373 1644 1
6375 1540 1
6376 3426 1
6376 433 1
6376 633 1
6376 870 1
6376 2044 1
6376 3546 1
6378 1970 1
6380 2092 1
6382 3566 1
6384 2092 1
6388 3567 1
6388 4423 1
6388 2351 1
6390 3126 1
6397 2612 1
6401 1578 1
6404 3972 1
6409 2111 1
6416 1383 1
6416 931 1
6416 1555 1
6416 2484 1
6416 4756 1
6418 3791 1
6421 3534 1
6421 4467 1
6421 3837 1
6421 3999 1
6421 2484 1
6422 2748 1
6422 2163 1
6422 997 1
6422 4467 1
6427 3401 1
6427 2136 1
6430 1198 1
6430 456 1
6434 242 1
6436 3866 1
6437 3085 1
6443 3567 1
6448 3164 1
6448 3153 1
6448 775 1
6448 3628 1
6448 1902 1
6449 4064 1
6451 4467 1
6453 1071 1
6453 3011 1
6458 2577 1
6458 3795 1
6458 2850 1
6460 3614 1
6460 1734 1
6460 4081 1
6460 2854 1
6460 3534 1
6460 4511 1
6462 4548 1
6462 350 1
6462 2681 1
6462 1540 1
6463 1375 1
6464 1122 1
6464 4159 1
6464 4548 1
6469 2044 1
6469 4311 1
6471 2911 1
6472 1300 1
6472 3565 1
6473 2573 1
6474 2362 1
6475 3452 1
6478 4024 1
6480 2881 1
6483 3561 1
6484 4466 1
6489 2577 1
6494 3857 1
6496 2219 1
6496 3011 1
6498 67 1
6501 2275 1
6501 4114 1
6502 2039 1
6503 1668 1
6510 77 1
6515 3841 1
6521 137 1
6525 330 1
6527 375 1
6532 3859 1
6534 4029 1
6534 1540 1
6534 3514 1
6534 4032 1
6534 4364 1
6535 3282 1
6536 1540 1
6537 2358 1
6539 2305 1
6543 208 1
6543 1960 1
6543 1899 1
6549 4021 1
6551 3241 1
6555 214 1
6556 3837 1
6558 4054 1
6563 4467 1
6566 1502 1
6568 2131 1
6575 3391 1
6575 2496 1
6575 4345 1
6576 1139 1
6576 204 1
6578 3385 1
6581 8 1
6581 2748 1
6586 2920 1
6589 2382 1
6589 3154 1
6589 997 1
6589 378 1
6590 4266 1
6590 1455 1
6591 1790 1
6593 2577 1
6597 3241 1
6601 4702 1
6604 4273 1
6605 3866 1
6608 2697 1
6610 2730 1
6613 2578 1
6620 1373 1
6620 3866 1
6620 2731 1
6625 4422 1
6627 2265 1
6631 1646 1
6633 757 1
6633 4467 1
6641 2987 1
6642 2777 1
6642 1958 1
6642 3866 1
6643 24 1
6654 1543 1
6654 3714 1
6656 2358 1
6656 1286 1
6656 596 1
6656 389 1
6656 4101 1
6656 4401 1
6656 3534 1
6656 1566 1
6656 2399 1
6656 117 1
6657 2748 1
6665 2565 1
6666 2577 1
6671 745 1
6672 1513 1
6675 4744 1
6678 4339 1
6679 3866 1
6680 4345 1
6686 208 1
6690 1763 1
6698 4401 1
6706 2118 1
6707 1540 1
6707 3675 1
6712 208 1
6714 1236 1
6714 2440 1
6714 4021 1
6715 3401 1
6715 2349 1
6719 2293 1
6720 3714 1
6722 2041 1
6723 1835 1
6728 3850 1
6732 2577 1
6733 1476 1
6742 1902 1
6743 2956 1
6744 1646 1
6749 336 1
6750 4475 1
6755 2118 1
6756 1594 1
6757 1139 1
6758 4605 1
6760 147 1
6762 1122 1
6762 72 1
6764 31 1
6765 2598 1
6768 3291 1
6768 2089 1
6768 4306 1
6770 4122 1
6773 950 1
6774 2578 1
6776 4122 1
6779 4542 1
6780 898 1
6781 2730 1
6784 1309 1
6788 4345 1
6794 1849 1
6794 1110 1
6794 1236 1
6794 1393 1
6794 4751 1
6794 1610 1
6794 2637 1
6794 4191 1
6794 3238 1
6794 4122 1
6796 1544 1
6798 3871 1
6798 2474 1
6798 1566 1
6798 4216 1
6803 4467 1
6804 1687 1
6804 375 1
6804 4744 1
6804 1702 1
6804 2163 1
6804 1119 1
6804 3768 1
6806 1835 1
6809 1699 1
6814 378 1
6814 2269 1
6815 3267 1
6815 997 1
6819 3399 1
6823 2265 1
6824 3399 1
6825 562 1
6825 48 1
6825 3426 1
6826 2577 1
6831 3489 1
6832 2948 1
6832 2219 1
6832 350 1
6832 3513 1
6836 893 1
6839 8 1
6845 2921 1
6845 3870 1
6845 4697 1
6845 2411 1
6845 1130 1
6846 522 1
6848 109 1
6848 755 1
6848 1300 1
6850 1610 1
6854 456 1
6861 2785 1
6862 1085 1
6862 861 1
6862 223 1
6863 4548 1
6864 2484 1
6864 2598 1
6864 2223 1
6864 3329 1
6865 4072 1
6869 4744 1
6871 3522 1
6880 4401 1
6881 1122 1
6881 1763 1
6881 4072 1
6883 4112 1
6883 3866 1
6889 2944 1
6889 398 1
6889 4401 1
6892 2294 1
6893 3567 1
6897 2578 1
6898 97 1
6898 2153 1
6898 3562 1
6898 3593 1
6898 3618 1
6906 2543 1
6908 1246 1
6909 1519 1
6909 3300 1
6909 4080 1
6909 1540 1
6909 2358 1
6909 3613 1
6909 1637 1
6909 24 1
6909 4584 1
6909 3864 1
6910 2105 1
6914 2311 1
6915 4548 1
6916 2351 1
6918 3197 1
6920 2109 1
6920 1915 1
6920 1702 1
6922 421 1
6922 4088 1
6922 282 1
6922 27 1
6922 834 1
6929 2748 1
6930 1499 1
6933 3546 1
6934 2362 1
6936 1891 1
6940 3673 1
6941 4122 1
6942 4060 1
6944 1610 1
6946 3160 1
6951 187 1
6955 1960 1
6959 3154 1
6965 1702 1
6967 1939 1
6972 1169 1
6972 4553 1
6972 3507 1
6972 4086 1
6972 4213 1
6974 893 1
6979 1699 1
6980 4422 1
6982 2153 1
6984 3450 1
6989 4498 1
6989 786 1
6989 2946 1
6989 1883 1
6992 1868 1
6994 2577 1
6997 3241 1
6998 765 1
7000 247 1
7002 2023 1
7007 2163 1
7008 4751 1
7010 2299 1
7013 4467 1
7013 2921 1
7014 2039 1
7015 3081 1
7017 1891 1
7018 3162 1
7025 1968 1
7025 1769 1
7033 1952 1
7034 1236 1
7036 4333 1
7037 3534 1
7041 4422 1
7041 3291 1
7041 24 1
7041 1954 1
7041 3866 1
7041 3857 1
7043 3291 1
7043 1297 1
7043 4072 1
7045 1122 1
7050 2351 1
7053 2219 1
7056 2577 1
7057 893 1
7060 2234 1
7062 3546 1
7064 3049 1
7065 189 1
7066 247 1
7066 3145 1
7068 4420 1
7068 2639 1
7068 421 1
7068 295 1
7068 1196 1
7068 2382 1
7068 2105 1
7068 1326 1
7068 2834 1
7068 4122 1
7078 378 1
7082 3507 1
7084 1540 1
7084 1624 1
7088 421 1
7088 3534 1
7088 3638 1
7088 4423 1
7088 1540 1
7088 1964 1
7088 3241 1
7088 1236 1
7088 688 1
7092 4206 1
7092 3740 1
7092 2275 1
7092 1135 1
7092 4423 1
7092 2651 1
7098 2092 1
7099 1476 1
7099 732 1
7099 436 1
7099 4072 1
7099 4644 1
7099 3197 1
7099 3122 1
7099 4039 1
7101 3267 1
7103 2683 1
7104 3154 1
7108 1505 1
7118 2148 1
7118 1566 1
7118 1773 1
7120 3164 1
7126 3569 1
7126 544 1
7127 3534 1
7132 2577 1
7134 3698 1
7134 1902 1
7134 2223 1
7134 1476 1
7134 2983 1
7135 2279 1
7136 27 1
7141 1759 1
7142 2710 1
7142 1892 1
7142 330 1
7146 3468 1
7147 3156 1
7148 4422 1
7149 627 1
7149 1375 1
7151 290 1
7152 429 1
7153 375 1
7161 1183 1
7166 1375 1
7167 3567 1
7167 371 1
7170 3569 1
7170 1118 1
7170 4449 1
7170 3628 1
7170 1348 1
7170 2956 1
7170 3562 1
7170 4345 1
7170 4548 1
7170 3967 1
7172 3631 1
7172 948 1
7172 3433 1
7172 3921 1
7172 760 1
7172 1819 1
7176 350 1
7180 893 1
7182 4122 1
7184 1902 1
7185 3831 1
7186 3291 1
7189 208 1
7189 3569 1
7189 1902 1
7190 2142 1
7192 1540 1
7194 4444 1
7195 720 1
7195 608 1
7195 1236 1
7199 3871 1
7202 2251 1
7202 535 1
7202 3011 1
7203 2493 1
7203 56 1
7205 3241 1
7208 282 1
7209 3045 1
7212 4511 1
7212 2881 1
7215 1540 1
7220 414 1
7222 703 1
7224 4054 1
7227 2983 1
7229 997 1
7240 1902 1
7240 3831 1
7240 3507 1
7240 3170 1
7240 2656 1
7240 1186 1
7243 4212 1
7243 2251 1
7243 893 1
7243 2987 1
7243 3378 1
7243 3562 1
7243 930 1
7243 1236 1
7243 4562 1
7243 1891 1
7245 4401 1
7247 1902 1
7248 3281 1
7248 2436 1
7248 1354 1
7248 4744 1
7248 997 1
7248 3670 1
7249 2118 1
7256 4562 1
7256 2151 1
7256 3221 1
7256 3092 1
7256 4072 1
7256 3150 1
7256 3210 1
7256 1212 1
7256 40 1
7258 2002 1
7260 4067 1
7260 3241 1
7260 1157 1
7260 1455 1
7261 1285 1
7265 4159 1
7266 1790 1
7271 3489 1
7275 69 1
7277 4133 1
7277 997 1
7277 1968 1
7277 1610 1
7277 4422 1
7281 3197 1
7285 1624 1
7285 4519 1
7285 247 1
7285 1466 1
7285 3866 1
7285 4029 1
7285 2883 1
7285 628 1
7285 4401 1
7286 1179 1
7286 4083 1
7290 2788 1
7291 9 1
7293 3837 1
7293 1516 1
7297 2039 1
7298 4512 1
7299 4159 1
7301 2187 1
7301 2881 1
7301 1077 1
7301 2921 1
7301 3660 1
7304 1540 1
7308 3562 1
7309 2945 1
7309 906 1
7312 2517 1
7313 1879 1
7314 3562 1
7316 27 1
7317 1457 1
7318 2705 1
7319 192 1
7319 893 1
7319 2920 1
7319 3740 1
7319 3669 1
7319 1950 1
7319 1492 1
7319 4670 1
7324 906 1
7326 3866 1
7333 4021 1
7335 4040 1
7336 2239 1
7336 989 1
7336 1954 1
7336 522 1
7340 2496 1
7345 2393 1
7346 4021 1
7350 3197 1
7351 1759 1
7353 2740 1
7354 161 1
7355 4422 1
7357 3133 1
7357 2215 1
7357 4678 1
7357 821 1
7357 335 1
7357 3320 1
7357 535 1
7357 4512 1
7360 4659 1
7360 3787 1
7360 1251 1
7360 1179 1
7361 4422 1
7367 782 1
7368 4339 1
7369 3569 1
7380 1686 1
7381 2333 1
7381 1196 1
7383 3534 1
7384 1540 1
7385 3837 1
7386 775 1
7388 79 1
7390 3787 1
7398 375 1
7400 2148 1
7400 4632 1
7401 2956 1
7403 1902 1
7403 4401 1
7403 1285 1
7404 4081 1
7406 4345 1
7411 1566 1
7411 29 1
7412 3489 1
7412 330 1
7413 1041 1
7413 2411 1
7415 2777 1
7415 4440 1
7415 4545 1
7415 1958 1
7415 2132 1
7415 2311 1
7423 546 1
7426 3534 1
7431 4238 1
7435 1902 1
7435 1096 1
7436 4670 1
7438 3901 1
7442 4460 1
7442 3638 1
7442 2811 1
7442 3714 1
7442 2966 1
7442 4335 1
7442 1954 1
7442 417 1
7443 1181 1
7445 3859 1
7448 1881 1
7449 1769 1
7449 745 1
7449 3547 1
7451 2705 1
7452 997 1
7453 134 1
7454 535 1
7454 4029 1
7454 760 1
7454 2920 1
7454 4162 1
7454 1789 1
7456 2577 1
7463 1954 1
7465 3441 1
7468 1773 1
7471 1095 1
7471 1610 1
7471 67 1
7471 3952 1
7472 2987 1
7472 1476 1
7474 4380 1
7474 2618 1
7474 1594 1
7477 4491 1
7477 1999 1
7477 3824 1
7479 3327 1
7490 4206 1
7491 4665 1
7491 370 1
7491 4452 1
7493 4122 1
7494 3274 1
7494 2952 1
7494 3967 1
7494 3378 1
7494 2300 1
7495 375 1
7499 3241 1
7503 1594 1
7506 4422 1
7512 3241 1
7514 1902 1
7518 1135 1
7520 1067 1
7520 3963 1
7520 362 1
7520 1891 1
7520 2131 1
7520 3534 1
7520 417 1
7520 1600 1
7521 626 1
7526 790 1
7530 768 1
7530 3452 1
7530 1511 1
7531 1653 1
7532 4548 1
7539 4418 1
7539 152 1
7544 2612 1
7546 2382 1
7547 3205 1
7547 4436 1
7547 24 1
7547 540 1
7547 3135 1
7547 1953 1
7547 1067 1
7547 3489 1
7549 2538 1
7552 3401 1
7552 3197 1
7554 4401 1
7561 3241 1
7562 314 1
7564 3126 1
7564 1476 1
7572 1373 1
7573 3664 1
7574 3196 1
7576 2577 1
7578 3385 1
7580 4122 1
7582 720 1
7582 2816 1
7584 1077 1
7586 3241 1
7590 2846 1
7590 1646 1
7593 451 1
7595 4548 1
7595 2083 1
7597 1763 1
7599 4286 1
7599 3188 1
7599 2185 1
7599 3660 1
7599 3628 1
7599 1507 1
7604 816 1
7607 4422 1
7611 4000 1
7619 838 1
7623 3655 1
7623 2983 1
7623 2460 1
7623 1851 1
7631 3824 1
7633 535 1
7636 1236 1
7638 670 1
7639 4072 1
7640 3140 1
7642 27 1
7642 2484 1
7642 2148 1
7642 3378 1
7644 802 1
7644 3866 1
7644 3569 1
7644 375 1
7644 3329 1
7644 1464 1
7649 62 1
7650 1436 1
7650 3866 1
7651 3377 1
7652 1540 1
7652 2240 1
7652 80 1
7652 3567 1
7652 3484 1
7653 2351 1
7654 1954 1
7655 4449 1
7656 375 1
7671 4159 1
7672 3866 1
7674 2270 1
7680 844 1
7685 4756 1
7687 1699 1
7691 3811 1
7691 3274 1
7695 1790 1
7699 3714 1
7701 2577 1
7704 3244 1
7706 523 1
7707 1594 1
7707 3452 1
7707 1825 1
7707 2921 1
7707 4548 1
7707 3972 1
7707 3963 1
7708 4222 1
7709 4367 1
7710 941 1
7712 4422 1
7716 2595 1
7718 3282 1
7719 1014 1
7722 2823 1
7724 421 1
7732 1540 1
7734 4422 1
7735 304 1
7735 3569 1
7735 1763 1
7735 592 1
7737 4122 1
7738 3450 1
7740 3197 1
7741 1005 1
7741 4542 1
7741 3192 1
7741 857 1
7741 100 1
7741 4676 1
7742 3241 1
7746 997 1
7754 1835 1
7756 1507 1
7756 1077 1
7756 4467 1
7756 4690 1
7756 947 1
7758 989 1
7766 985 1
7768 3241 1
7769 1699 1
7774 790 1
7778 3175 1
7780 893 1
7781 375 1
7782 3197 1
7785 1505 1
7785 2092 1
7786 4690 1
7786 282 1
7790 985 1
7793 1072 1
7795 1076 1
7796 2577 1
7798 3399 1
7807 48 1
7808 4122 1
7810 1492 1
7815 3135 1
7818 1540 1
7819 1511 1
7820 3787 1
7822 1502 1
7822 3534 1
7822 540 1
7822 1071 1
7825 2173 1
7825 765 1
7830 1071 1
7832 838 1
7834 2573 1
7834 522 1
7843 3329 1
7843 1007 1
7844 2655 1
7845 3562 1
7845 3328 1
7845 3615 1
7845 2148 1
7845 2976 1
7851 4045 1
7851 282 1
7854 3241 1
7855 3154 1
7856 3154 1
7857 4548 1
7858 402 1
7858 1540 1
7858 24 1
7858 247 1
7858 765 1
7858 2092 1
7859 1827 1
7865 3241 1
7866 535 1
7867 4401 1
7868 3698 1
7870 3812 1
7871 3963 1
7871 2816 1
7871 2307 1
7871 97 1
7871 350 1
7871 36 1
7871 3241 1
7871 3817 1
7871 2487 1
7874 3736 1
7875 4422 1
7878 1116 1
7879 372 1
7879 2299 1
7881 2987 1
7882 1683 1
7883 1119 1
7884 4744 1
7884 2023 1
7884 4237 1
7884 1041 1
7884 637 1
7884 1139 1
7884 4427 1
7884 2822 1
7884 4475 1
7884 4022 1
7893 3197 1
7896 1957 1
7896 4674 1
7897 2740 1
7900 3378 1
7900 801 1
7900 3272 1
7902 4423 1
7904 1954 1
7904 4491 1
7904 2251 1
7904 2730 1
7904 3544 1
7904 868 1
7904 4339 1
7904 4467 1
7905 2993 1
7907 4401 1
7908 3955 1
7914 3241 1
7923 3507 1
7925 3378 1
7926 2393 1
7928 1619 1
7928 1095 1
7934 1917 1
7935 1505 1
7935 214 1
7935 1516 1
7937 4769 1
7937 3498 1
7937 4345 1
7937 3281 1
7937 2039 1
7937 3927 1
7938 1419 1
7938 1827 1
7938 1763 1
7938 3291 1
7939 2153 1
7940 1122 1
7944 997 1
7952 595 1
7953 631 1
7963 1976 1
7966 2493 1
7971 3353 1
7973 3562 1
7973 3378 1
7973 3534 1
7973 377 1
7973 3507 1
7973 816 1
7973 4122 1
7973 1324 1
7973 3967 1
7973 989 1
7975 1610 1
7975 2051 1
7975 3713 1
7978 1540 1
7979 1594 1
7979 997 1
7979 2484 1
7982 4548 1
7984 2386 1
7985 3411 1
7988 3740 1
7989 1072 1
7989 3103 1
7989 3385 1
7991 1113 1
7992 456 1
7992 223 1
7996 2577 1
8000 1506 1
8002 3135 1
8004 4423 1
8006 3698 1
8009 3693 1
8011 893 1
8018 2484 1
8021 522 1
8021 1958 1
8021 1578 1
8022 3540 1
8024 4701 1
8024 1857 1
8024 4434 1
8024 2219 1
8026 3795 1
8027 3810 1
8027 2321 1
8032 4583 1
8032 590 1
8035 3450 1
8035 2105 1
8035 3135 1
8035 532 1
8036 947 1
8036 187 1
8036 2059 1
8036 4401 1
0 2748 1
0 4627 1
0 3267 1
0 1594 1
0 3866 1
0 327 1
0 2092 1
0 1345 1
1 4422 1
8 1357 1
8 4583 1
14 1739 1
14 194 1
14 3246 1
14 2087 1
14 3142 1
23 3197 1
23 535 1
23 4122 1
23 3241 1
25 1169 1
29 3241 1
30 3857 1
33 4422 1
37 4086 1
37 42 1
37 250 1
37 2130 1
37 539 1
37 1236 1
47 3264 1
47 1760 1
47 3064 1
47 40 1
47 377 1
47 4339 1
47 1373 1
47 637 1
49 930 1
54 24 1
58 442 1
60 2092 1
62 24 1
64 3914 1
64 436 1
67 4153 1
70 1170 1
73 1013 1
75 3667 1
76 1999 1
78 3197 1
80 223 1
80 378 1
80 1802 1
80 906 1
80 793 1
80 2364 1
80 4464 1
80 4748 1
80 2577 1
80 1600 1
86 997 1
86 4373 1
88 417 1
93 1256 1
93 3241 1
94 396 1
94 3450 1
94 3034 1
98 838 1
99 1122 1
102 3871 1
102 1505 1
102 4548 1
102 4523 1
109 3713 1
109 4401 1
109 2920 1
109 4103 1
109 1954 1
109 4274 1
109 4748 1
109 2305 1
109 1578 1
109 1953 1
109 2289 1
109 3999 1
109 4562 1
109 4306 1
109 1894 1
109 3866 1
109 930 1
110 1405 1
110 1596 1
111 4395 1
111 378 1
111 2873 1
112 2590 1
112 1085 1
112 1835 1
112 2517 1
112 4345 1
112 326 1
112 3197 1
112 1340 1
112 2153 1
116 826 1
116 2148 1
116 1218 1
116 839 1
116 3698 1
116 522 1
116 628 1
116 1332 1
116 4548 1
116 765 1
116 3999 1
116 1179 1
120 4744 1
127 4159 1
127 1239 1
129 378 1
132 3307 1
132 3241 1
132 2805 1
132 3252 1
132 24 1
134 3464 1
135 3026 1
135 3604 1
135 3972 1
135 997 1
135 4422 1
135 4072 1
135 3196 1
135 3670 1
135 2850 1
136 4755 1
136 2789 1
144 1324 1
144 1879 1
145 3011 1
145 3795 1
145 3378 1
145 2219 1
146 24 1
147 893 1
147 1540 1
148 3831 1
152 3154 1
152 3103 1
152 587 1
152 2542 1
152 4072 1
152 2873 1
152 1763 1
152 4519 1
152 4017 1
152 1179 1
157 2657 1
157 632 1
157 803 1
157 3478 1
159 4449 1
163 2473 1
164 3264 1
167 4511 1
167 4206 1
167 4423 1
168 535 1
168 1359 1
169 4614 1
169 501 1
169 2163 1
169 4113 1
169 2624 1
173 3787 1
173 1056 1
173 4467 1
173 3507 1
174 421 1
174 1757 1
175 711 1
177 3810 1
178 3328 1
178 3932 1
181 4176 1
187 600 1
187 2527 1
187 4158 1
187 378 1
187 3972 1
187 78 1
188 3034 1
191 3948 1
192 8 1
192 2807 1
192 1775 1
192 4720 1
192 2657 1
192 163 1
194 3241 1
195 2816 1
200 2740 1
201 375 1
205 1578 1
205 2364 1
205 4266 1
205 4465 1
205 1476 1
208 1203 1
212 1203 1
212 1575 1
212 2577 1
212 4548 1
213 3667 1
213 1578 1
213 790 1
213 2392 1
215 2159 1
218 4165 1
218 2351 1
219 3787 1
219 436 1
219 3921 1
219 4203 1
219 1118 1
219 375 1
219 3254 1
219 1508 1
220 3797 1
221 3114 1
223 352 1
230 378 1
230 4422 1
230 3664 1
231 3488 1
232 787 1
236 625 1
236 2884 1
236 1879 1
236 1699 1
236 947 1
236 74 1
236 160 1
236 4423 1
236 4068 1
236 4206 1
236 2152 1
237 2239 1
237 2484 1
237 2188 1
237 3567 1
237 2921 1
237 3109 1
237 4751 1
238 1254 1
238 2039 1
238 337 1
238 1945 1
238 535 1
238 3534 1
238 2219 1
238 1566 1
238 2577 1
238 2382 1
238 2148 1
239 3160 1
239 2542 1
239 2971 1
239 1326 1
239 3875 1
239 4309 1
239 3963 1
239 4756 1
239 1375 1
239 3904 1
239 4460 1
239 3353 1
239 9 1
239 4324 1
239 2793 1
239 4043 1
239 4548 1
239 2118 1
239 3565 1
239 1867 1
240 1540 1
246 4401 1
247 1671 1
247 671 1
247 1085 1
247 2044 1
247 562 1
247 3267 1
247 493 1
247 3841 1
247 3874 1
247 4359 1
247 3888 1
247 2925 1
247 4449 1
248 2577 1
252 4401 1
253 981 1
261 2518 1
261 4122 1
261 3860 1
261 249 1
261 2875 1
261 3917 1
267 475 1
268 24 1
270 757 1
272 4511 1
273 4422 1
276 1252 1
276 1122 1
276 3440 1
276 3562 1
282 645 1
283 3373 1
286 4756 1
289 4422 1
294 1999 1
298 2987 1
300 3534 1
301 2092 1
301 1118 1
301 1610 1
301 4122 1
301 2131 1
301 3507 1
302 4504 1
303 2577 1
305 436 1
305 3197 1
306 3770 1
306 1553 1
306 2299 1
306 4467 1
306 1348 1
306 3077 1
306 187 1
306 1297 1
309 4401 1
310 1594 1
310 4430 1
310 350 1
310 1139 1
310 1853 1
310 4302 1
310 1760 1
310 3102 1
310 1835 1
310 157 1
310 821 1
310 2039 1
310 4298 1
310 4491 1
310 1920 1
310 1438 1
312 1865 1
312 2595 1
312 9 1
312 595 1
313 671 1
314 1324 1
321 2473 1
321 3450 1
321 1108 1
321 4309 1
321 3565 1
321 949 1
321 4585 1
322 2443 1
322 4552 1
322 2073 1
322 1102 1
322 4266 1
322 869 1
322 4021 1
322 3963 1
322 3173 1
322 3615 1
322 4629 1
322 1412 1
322 3736 1
322 3230 1
322 1077 1
323 1578 1
326 3154 1
328 3888 1
328 4401 1
328 359 1
329 907 1
329 970 1
329 3753 1
329 4224 1
331 1007 1
332 2484 1
335 633 1
344 1229 1
355 2912 1
357 1285 1
358 4553 1
359 2118 1
359 2773 1
359 874 1
359 3669 1
359 862 1
361 1499 1
365 4112 1
367 1071 1
367 2421 1
367 2677 1
367 3837 1
367 1608 1
367 4024 1
367 4079 1
367 4422 1
367 1835 1
367 4456 1
367 2362 1
367 2039 1
367 4744 1
367 2136 1
367 3871 1
367 1798 1
367 2067 1
367 2094 1
367 744 1
370 4401 1
371 1130 1
371 2827 1
371 2496 1
371 2921 1
372 421 1
372 1916 1
372 304 1
372 27 1
372 3197 1
372 2059 1
372 2660 1
372 2677 1
372 223 1
372 2735 1
372 1768 1
372 3300 1
372 2697 1
372 2856 1
372 4553 1
372 4204 1
372 3450 1
372 4158 1
376 3967 1
376 4744 1
382 4734 1
382 4467 1
392 2580 1
392 318 1
394 2577 1
395 3507 1
396 3669 1
398 4444 1
398 1766 1
398 2118 1
398 4250 1
398 1578 1
398 3921 1
398 3446 1
401 3713 1
402 3967 1
402 3999 1
403 2657 1
404 542 1
405 2079 1
405 1286 1
405 2131 1
405 4401 1
405 3439 1
407 110 1
407 4345 1
407 3853 1
407 878 1
407 4585 1
407 1540 1
407 358 1
409 1578 1
409 1324 1
409 1646 1
409 4482 1
409 2304 1
409 1643 1
409 2697 1
409 1540 1
417 3160 1
420 4380 1
420 2275 1
420 3513 1
420 2067 1
420 2763 1
420 2881 1
420 3011 1
420 3963 1
423 3864 1
423 2956 1
423 1324 1
423 3197 1
424 3196 1
424 2382 1
429 2577 1
431 2294 1
432 2048 1
434 4072 1
434 3687 1
434 2921 1
434 1007 1
434 535 1
434 3241 1
434 2024 1
434 1179 1
434 2748 1
437 3291 1
437 1218 1
437 326 1
437 2577 1
442 628 1
442 4467 1
443 766 1
444 362 1
444 314 1
454 1575 1
454 3567 1
454 318 1
454 4557 1
454 2573 1
454 4700 1
455 1739 1
455 2039 1
455 3952 1
456 2577 1
478 330 1
478 2996 1
479 4422 1
484 1013 1
486 4422 1
488 2642 1
489 4122 1
490 4444 1
490 1996 1
490 708 1
490 1196 1
490 2069 1
491 3811 1
494 3664 1
496 4548 1
496 3534 1
496 1077 1
496 3714 1
496 3725 1
496 2881 1
498 3534 1
499 1285 1
499 2275 1
499 2067 1
499 1945 1
499 350 1
499 3615 1
500 1624 1
501 4324 1
501 3197 1
502 2577 1
502 821 1
502 1759 1
502 4266 1
505 177 1
505 1575 1
505 1196 1
505 3450 1
505 3300 1
505 1646 1
505 1309 1
505 2883 1
505 1476 1
505 3446 1
505 3452 1
505 631 1
505 3246 1
507 1115 1
507 417 1
507 282 1
507 4213 1
511 2577 1
511 838 1
512 2362 1
512 482 1
512 3543 1
512 3669 1
519 2253 1
520 4401 1
522 162 1
522 595 1
522 1011 1
522 809 1
522 464 1
525 350 1
525 1071 1
528 1578 1
528 3944 1
528 1999 1
528 4072 1
528 163 1
528 816 1
528 737 1
528 3713 1
528 2577 1
528 1696 1
533 735 1
534 4422 1
535 36 1
542 997 1
542 1151 1
548 3567 1
550 4422 1
553 535 1
553 3031 1
553 1499 1
554 1285 1
554 4072 1
554 1080 1
554 1014 1
554 1153 1
554 658 1
559 3281 1
562 893 1
562 4548 1
562 3534 1
562 4401 1
562 1610 1
565 3797 1
566 375 1
568 2092 1
569 3653 1
571 4213 1
571 1952 1
571 997 1
571 3787 1
571 959 1
571 1763 1
571 782 1
571 282 1
573 4744 1
573 4401 1
578 3233 1
579 1540 1
580 3930 1
580 1863 1
580 4475 1
582 4702 1
582 3273 1
582 616 1
582 1761 1
582 133 1
583 893 1
583 2219 1
583 2677 1
583 1105 1
583 3328 1
583 3274 1
583 3011 1
583 24 1
583 353 1
583 4467 1
583 1542 1
583 1616 1
585 3972 1
587 4401 1
590 256 1
592 616 1
594 765 1
599 1945 1
602 3507 1
603 4511 1
603 3871 1
603 4122 1
603 350 1
605 3373 1
605 4422 1
605 1540 1
610 3378 1
610 2298 1
610 1108 1
610 1117 1
610 997 1
610 1660 1
610 2376 1
610 4423 1
610 1608 1
610 2424 1
610 336 1
610 2340 1
610 1286 1
610 377 1
610 2586 1
610 1886 1
610 2735 1
610 4108 1
610 1567 1
610 3455 1
611 2577 1
614 1122 1
615 1835 1
615 4449 1
615 3197 1
620 3154 1
622 1085 1
625 4422 1
629 2577 1
629 1179 1
629 2092 1
629 950 1
631 1835 1
635 3241 1
638 1366 1
641 1624 1
641 2612 1
642 874 1
642 2946 1
642 45 1
647 2185 1
647 2054 1
647 1224 1
647 985 1
647 4422 1
649 4686 1
649 4744 1
649 199 1
649 4497 1
649 2092 1
649 4422 1
649 1117 1
649 4584 1
649 1566 1
649 4339 1
649 1193 1
649 3291 1
649 3837 1
650 2351 1
650 1954 1
650 714 1
650 4266 1
650 2268 1
650 893 1
650 1095 1
650 3459 1
650 869 1
650 1355 1
651 3197 1
651 1763 1
651 2777 1
651 2855 1
651 258 1
654 3411 1
654 2132 1
654 4303 1
654 2873 1
656 352 1
656 535 1
656 1095 1
656 169 1
656 1596 1
656 1354 1
656 3197 1
656 647 1
656 3150 1
658 4159 1
658 1179 1
658 2382 1
658 604 1
667 2518 1
667 3742 1
672 1236 1
677 4423 1
681 1389 1
681 4358 1
681 3196 1
681 3562 1
681 1236 1
681 2748 1
681 2251 1
681 3912 1
681 3507 1
681 4179 1
681 1763 1
681 247 1
681 4339 1
681 1285 1
681 2315 1
682 3726 1
682 1203 1
682 1575 1
682 1625 1
682 152 1
682 1578 1
682 402 1
682 1972 1
682 4041 1
684 847 1
686 4159 1
689 931 1
692 1610 1
692 3109 1
696 997 1
698 4401 1
699 2697 1
699 981 1
702 375 1
702 162 1
702 604 1
702 3399 1
702 522 1
702 267 1
702 790 1
702 1580 1
702 3300 1
702 419 1
702 2746 1
702 2393 1
702 4298 1
702 4001 1
702 3658 1
702 3866 1
702 1505 1
702 972 1
702 1252 1
702 4422 1
711 3954 1
713 3009 1
713 1610 1
715 421 1
715 1324 1
715 3450 1
721 2250 1
725 682 1
725 1733 1
725 3698 1
725 720 1
725 2319 1
726 3241 1
729 3211 1
729 1013 1
731 1594 1
734 3930 1
735 27 1
736 1540 1
737 3613 1
738 1857 1
743 3329 1
743 2780 1
743 3281 1
743 2328 1
743 169 1
743 3787 1
743 177 1
744 4744 1
744 3837 1
744 1790 1
744 3999 1
744 24 1
744 2476 1
744 535 1
744 3203 1
744 816 1
744 132 1
744 3216 1
744 3300 1
744 2148 1
744 1935 1
744 1392 1
749 2996 1
752 616 1
752 3787 1
752 3873 1
752 187 1
752 2092 1
752 4484 1
752 2342 1
752 2474 1
752 3401 1
752 1502 1
752 274 1
754 3241 1
756 3274 1
756 3669 1
756 1902 1
756 3544 1
756 2920 1
756 2131 1
756 958 1
756 3866 1
756 3104 1
756 1872 1
756 3534 1
756 3241 1
756 3371 1
757 2816 1
757 1118 1
757 3698 1
757 3018 1
757 3667 1
757 3562 1
757 3866 1
757 3104 1
757 765 1
757 4542 1
757 67 1
757 350 1
757 117 1
757 1759 1
757 1566 1
757 2148 1
757 720 1
757 1496 1
758 3419 1
758 33 1
758 2987 1
758 4113 1
758 3714 1
758 4631 1
758 4519 1
761 1111 1
761 1783 1
761 1014 1
765 863 1
765 2655 1
765 4213 1
765 1877 1
765 4482 1
765 2473 1
765 2577 1
765 2237 1
765 3580 1
765 3066 1
767 1619 1
767 3562 1
775 3267 1
775 4159 1
775 3133 1
775 2929 1
775 4246 1
775 3023 1
775 1202 1
775 2677 1
775 1238 1
775 2148 1
775 3197 1
775 3144 1
775 2092 1
775 4001 1
775 2850 1
775 3653 1
775 2273 1
775 78 1
775 1118 1
775 332 1
776 2159 1
780 1540 1
781 2740 1
781 57 1
783 2577 1
783 28 1
786 3241 1
790 2577 1
790 1660 1
790 4401 1
790 2219 1
790 4484 1
790 2579 1
790 3009 1
790 3197 1
790 1540 1
790 4504 1
790 242 1
790 3798 1
792 3795 1
795 1565 1
795 1388 1
795 2142 1
795 1071 1
795 2474 1
795 24 1
796 1072 1
796 1036 1
808 1742 1
808 3921 1
809 1610 1
809 2956 1
809 2577 1
812 3866 1
812 1578 1
817 1637 1
817 4605 1
817 2612 1
817 1540 1
817 4438 1
817 1575 1
817 4423 1
817 1566 1
817 417 1
817 4380 1
817 2173 1
819 3522 1
820 456 1
820 2382 1
820 1902 1
821 3615 1
821 535 1
824 4659 1
824 1540 1
824 2883 1
824 1238 1
824 4507 1
824 4383 1
824 4475 1
826 2740 1
833 3534 1
833 3291 1
835 3267 1
835 3233 1
837 4072 1
837 290 1
837 774 1
837 4159 1
837 4366 1
837 77 1
841 2173 1
844 3145 1
845 67 1
852 3534 1
852 3963 1
852 3272 1
852 1077 1
852 1105 1
852 1437 1
852 1540 1
858 4422 1
860 3077 1
860 1744 1
860 2484 1
860 535 1
861 2545 1
861 3232 1
861 4021 1
861 3498 1
865 421 1
865 3378 1
865 4022 1
865 1382 1
865 3281 1
865 4422 1
865 1578 1
865 3293 1
865 372 1
865 2827 1
865 65 1
865 3179 1
865 2308 1
865 3106 1
865 3534 1
865 4765 1
865 4459 1
865 1891 1
866 3196 1
867 1324 1
868 522 1
872 1931 1
872 1011 1
872 419 1
872 275 1
874 1773 1
875 3281 1
879 2595 1
879 4553 1
879 1072 1
882 2994 1
882 337 1
882 3839 1
883 4306 1
883 2883 1
883 3567 1
883 1179 1
883 3281 1
883 1502 1
883 3196 1
883 1499 1
889 2467 1
890 1945 1
894 1135 1
895 2612 1
897 2092 1
899 1324 1
899 2449 1
899 27 1
899 2748 1
903 522 1
903 816 1
903 4486 1
903 4768 1
909 2577 1
909 1953 1
909 3241 1
909 4009 1
913 2440 1
916 2205 1
924 2105 1
924 4756 1
924 2335 1
924 4553 1
924 27 1
924 4122 1
924 3197 1
924 2069 1
924 4585 1
924 3972 1
924 4159 1
924 615 1
924 1794 1
924 116 1
924 1835 1
924 3753 1
924 2477 1
924 1118 1
926 3399 1
927 3293 1
927 3714 1
927 1077 1
927 3272 1
927 1699 1
928 4542 1
931 3197 1
933 765 1
933 3011 1
933 4562 1
933 4022 1
933 2148 1
933 3534 1
933 3628 1
933 2324 1
933 2920 1
933 3797 1
933 3837 1
933 3944 1
934 3233 1
934 3246 1
937 1578 1
938 1309 1
940 2658 1
947 1011 1
947 475 1
947 1276 1
947 191 1
947 4719 1
947 898 1
947 1295 1
947 1493 1
947 208 1
947 27 1
954 1506 1
955 3669 1
955 821 1
955 3267 1
955 3562 1
955 3866 1
955 3972 1
955 4449 1
955 371 1
958 3948 1
958 1523 1
958 1578 1
958 1179 1
958 3246 1
960 3567 1
960 1169 1
960 3590 1
960 4642 1
962 1324 1
963 893 1
967 2474 1
967 4122 1
967 816 1
967 1540 1
967 46 1
967 330 1
967 1873 1
967 4475 1
967 4104 1
967 3197 1
969 2362 1
972 3866 1
973 2273 1
973 3464 1
973 1983 1
974 1588 1
974 1989 1
974 2092 1
974 24 1
977 4562 1
980 161 1
980 893 1
983 1996 1
984 3567 1
984 24 1
984 3831 1
984 3489 1
984 4605 1
984 3164 1
984 2173 1
984 4423 1
984 2250 1
994 2910 1
996 27 1
998 2943 1
998 3241 1
1001 3246 1
1004 3232 1
1005 3999 1
1005 3866 1
1005 4519 1
1005 893 1
1006 893 1
1007 2382 1
1007 790 1
1007 3897 1
1007 378 1
1009 628 1
1009 1095 1
1009 493 1
1012 3023 1
1012 1964 1
1012 3614 1
1012 3378 1
1012 1540 1
1012 2173 1
1012 2023 1
1012 1135 1
1016 1780 1
1017 3399 1
1023 3378 1
1023 3912 1
1023 2173 1
1023 1118 1
1023 2148 1
1024 1122 1
1026 3833 1
1026 874 1
1026 1393 1
1026 2908 1
1026 4055 1
1026 1733 1
1026 2542 1
1026 3598 1
1029 2578 1
1029 3967 1
1031 1375 1
1032 4751 1
1035 3866 1
1035 4061 1
1035 3805 1
1035 3498 1
1035 223 1
1035 3241 1
1035 2215 1
1035 4467 1
1036 330 1
1036 1122 1
1037 1105 1
1037 4339 1
1037 2956 1
1041 3823 1
1044 3693 1
1047 337 1
1047 378 1
1047 4422 1
1047 1601 1
1055 3011 1
1057 3580 1
1058 3291 1
1058 2881 1
1066 4179 1
1066 684 1
1066 2273 1
1066 1273 1
1066 1601 1
1075 3197 1
1075 2151 1
1075 291 1
1075 4024 1
1075 1285 1
1075 3210 1
1075 3196 1
1075 3829 1
1075 3411 1
1075 2677 1
1075 4072 1
1075 116 1
1075 2749 1
1075 523 1
1075 1540 1
1075 40 1
1075 3067 1
1075 2159 1
1078 2383 1
1079 2748 1
1088 1540 1
1100 4400 1
1107 4764 1
1108 3241 1
1108 4400 1
1112 4061 1
1112 4593 1
1112 2092 1
1112 4068 1
1112 2484 1
1112 2340 1
1112 1954 1
1112 2039 1
1112 2153 1
1115 2336 1
1115 1610 1
1115 888 1
1115 2777 1
1116 2484 1
1117 421 1
1117 2851 1
1117 157 1
1120 4366 1
1121 269 1
1125 744 1
1132 2816 1
1135 2105 1
1135 1794 1
1135 3457 1
1135 878 1
1135 782 1
1135 3251 1
1137 3972 1
1138 2748 1
1138 27 1
1138 1594 1
1138 535 1
1138 3105 1
1138 1139 1
1138 2732 1
1142 2335 1
1145 4422 1
1145 3356 1
1153 4511 1
1153 3562 1
1153 1348 1
1153 742 1
1158 2740 1
1160 1540 1
1160 4190 1
1163 4671 1
1163 3426 1
1163 2173 1
1163 4661 1
1163 4303 1
1163 280 1
1163 378 1
1163 4028 1
1163 1218 1
1163 2044 1
1163 307 1
1163 1555 1
1165 3990 1
1165 1726 1
1165 4630 1
1169 1857 1
1169 4744 1
1169 3534 1
1169 3246 1
1169 330 1
1169 4548 1
1169 765 1
1169 247 1
1169 1502 1
1169 1566 1
1169 1540 1
1169 3562 1
1172 745 1
1173 4605 1
1175 1540 1
1181 2142 1
1181 4422 1
1181 3861 1
1181 1373 1
1181 3921 1
1183 569 1
1185 3241 1
1187 3360 1
1187 2101 1
1187 1449 1
1187 1179 1
1187 2661 1
1187 3864 1
1187 3565 1
1187 766 1
1187 2015 1
1187 4519 1
1188 2111 1
1189 997 1
1189 4422 1
1195 2206 1
1195 622 1
1195 3921 1
1195 3693 1
1195 1766 1
1195 4082 1
1195 1780 1
1198 4171 1
1199 4523 1
1200 2092 1
1200 3336 1
1200 3653 1
1200 1544 1
1200 378 1
1200 2484 1
1200 4422 1
1200 350 1
1201 1135 1
1203 3534 1
1208 4744 1
1209 3740 1
1210 2804 1
1210 1958 1
1210 3522 1
1210 838 1
1216 4401 1
1216 2559 1
1216 1122 1
1218 1564 1
1218 3450 1
1218 4306 1
1218 2540 1
1223 3446 1
1223 311 1
1223 2449 1
1223 1610 1
1223 1934 1
1224 522 1
1226 1238 1
1226 2305 1
1235 2092 1
1235 1110 1
1235 1594 1
1235 4405 1
1235 3613 1
1235 1166 1
1235 67 1
1235 3522 1
1238 3967 1
1243 3837 1
1244 2827 1
1246 930 1
1255 1646 1
1256 605 1
1256 67 1
1256 950 1
1256 1619 1
1256 1122 1
1256 3972 1
1256 3246 1
1256 1610 1
1257 3105 1
1257 2921 1
1257 2773 1
1257 3631 1
1257 970 1
1257 2589 1
1257 1711 1
1257 4682 1
1257 757 1
1257 9 1
1257 123 1
1257 4744 1
1257 833 1
1257 1867 1
1257 893 1
1257 2922 1
1257 907 1
1257 2866 1
1259 2092 1
1264 2577 1
1268 1540 1
1268 4339 1
1272 4373 1
1274 3567 1
1278 417 1
1278 3414 1
1281 326 1
1281 3329 1
1281 4401 1
1281 522 1
1281 4744 1
1281 402 1
1281 3011 1
1281 3197 1
1281 4727 1
1281 3366 1
1281 2740 1
1281 3999 1
1281 1289 1
1281 3534 1
1281 2577 1
1281 893 1
1281 4422 1
1281 1540 1
1281 3866 1
1281 3540 1
1284 570 1
1285 997 1
1288 1865 1
1288 282 1
1288 1072 1
1288 3103 1
1289 1105 1
1289 947 1
1289 3164 1
1289 3274 1
1289 4401 1
1289 2131 1
1289 3135 1
1290 2069 1
1291 1135 1
1291 3667 1
1291 3267 1
1292 4401 1
1293 888 1
1293 2577 1
1293 945 1
1293 4659 1
1293 3544 1
1293 3026 1
1293 4072 1
1293 1954 1
1293 223 1
1294 4043 1
1294 1540 1
1294 4744 1
1294 31 1
1294 3811 1
1294 2206 1
1294 2607 1
1294 2092 1
1294 981 1
1294 2642 1
1294 4444 1
1294 16 1
1294 97 1
1295 997 1
1300 189 1
1306 247 1
1307 2577 1
1307 3664 1
1309 4401 1
1311 3615 1
1311 223 1
1311 1122 1
1311 1763 1
1311 522 1
1311 1105 1
1313 3077 1
1313 1236 1
1313 434 1
1313 4642 1
1313 3246 1
1313 714 1
1313 1646 1
1313 2784 1
1318 1073 1
1318 2655 1
1318 1610 1
1318 893 1
1318 4504 1
1318 901 1
1318 720 1
1318 930 1
1318 4029 1
1318 1540 1
1318 285 1
1318 1640 1
1321 1540 1
1321 208 1
1321 678 1
1321 3300 1
1327 3012 1
1327 3795 1
1327 4422 1
1327 3569 1
1331 1594 1
1332 1610 1
1333 1324 1
1333 2577 1
1333 1610 1
1337 1309 1
1338 2092 1
1338 3811 1
1346 1635 1
1349 1999 1
1353 2956 1
1359 4548 1
1361 1253 1
1361 2305 1
1361 3567 1
1361 1118 1
1361 4339 1
1361 3930 1
1361 2850 1
1361 3562 1
1361 358 1
1361 1096 1
1361 132 1
1361 2163 1
1361 2577 1
1361 821 1
1361 4594 1
1361 3866 1
1362 2843 1
1362 2313 1
1367 2197 1
1367 4422 1
1367 1763 1
1370 1968 1
1371 1946 1
1378 4484 1
1379 2092 1
1379 24 1
1379 1610 1
1379 3241 1
1379 540 1
1380 3878 1
1385 1791 1
1385 4194 1
1385 4021 1
1385 3234 1
1385 1337 1
1385 436 1
1385 498 1
1385 546 1
1385 4159 1
1388 3196 1
1389 2308 1
1390 1196 1
1393 2092 1
1395 4345 1
1397 583 1
1398 825 1
1398 3567 1
1398 1702 1
1398 3446 1
1398 1169 1
1398 4029 1
1398 2092 1
1398 4311 1
1398 2517 1
1398 1610 1
1398 3998 1
1398 3019 1
1399 3034 1
1400 1763 1
1400 898 1
1400 3507 1
1400 4670 1
1400 720 1
1400 436 1
1400 1610 1
1400 2881 1
1400 2735 1
1400 893 1
1400 3787 1
1402 833 1
1405 1621 1
1405 2484 1
1405 3866 1
1407 4122 1
1409 881 1
1409 1780 1
1409 2103 1
1409 267 1
1409 3452 1
1409 388 1
1409 2983 1
1409 1396 1
1409 3684 1
1409 1702 1
1409 1101 1
1409 810 1
1409 3308 1
1409 24 1
1409 3863 1
1409 208 1
1409 292 1
1409 3749 1
1409 1881 1
1410 2382 1
1414 899 1
1414 2459 1
1416 3711 1
1416 4553 1
1418 3866 1
1418 3942 1
1418 4230 1
1418 1578 1
1418 865 1
1418 2740 1
1419 1540 1
1419 2250 1
1420 3753 1
1423 350 1
1427 3520 1
1430 2092 1
1437 1596 1
1437 2299 1
1437 4700 1
1437 2683 1
1437 2303 1
1439 1644 1
1439 2595 1
1440 340 1
1440 3747 1
1440 2308 1
1440 986 1
1440 1348 1
1442 3464 1
1442 3291 1
1444 1348 1
1444 3218 1
1444 375 1
1444 2029 1
1444 3060 1
1444 2484 1
1445 3998 1
1445 343 1
1445 3866 1
1445 4548 1
1445 850 1
1446 1196 1
1448 350 1
1448 4562 1
1448 4422 1
1448 893 1
1454 2092 1
1455 2998 1
1455 3450 1
1455 765 1
1459 4562 1
1460 2564 1
1462 2577 1
1462 3135 1
1468 2041 1
1468 198 1
1468 4553 1
1468 223 1
1468 2848 1
1468 3170 1
1468 4497 1
1468 726 1
1468 878 1
1468 1218 1
1468 4029 1
1468 4475 1
1468 3452 1
1469 2740 1
1471 2281 1
1471 1077 1
1471 123 1
1471 860 1
1471 1575 1
1471 2921 1
1471 4401 1
1471 814 1
1471 893 1
1471 2299 1
1473 3254 1
1474 1122 1
1474 2507 1
1476 1594 1
1477 1286 1
1477 556 1
1477 973 1
1477 2239 1
1477 662 1
1477 3464 1
1477 1770 1
1477 3010 1
1477 1348 1
1477 1578 1
1477 4422 1
1477 67 1
1477 2379 1
1482 2639 1
1482 4072 1
1482 2681 1
1482 1324 1
1482 1983 1
1482 3791 1
1484 3920 1
1484 3836 1
1484 3808 1
1484 305 1
1486 1373 1
1487 247 1
1493 189 1
1494 3291 1
1495 3300 1
1495 3241 1
1495 2340 1
1495 4303 1
1495 1505 1
1495 1239 1
1495 4491 1
1495 1769 1
1495 1139 1
1495 1759 1
1495 4700 1
1495 2148 1
1495 4584 1
1495 2850 1
1495 4122 1
1495 4519 1
1495 2251 1
1495 311 1
1495 997 1
1502 1540 1
1505 1863 1
1507 378 1
1510 2577 1
1510 1445 1
1510 3567 1
1512 3713 1
1512 2892 1
1512 2976 1
1512 3197 1
1512 4358 1
1512 3382 1
1512 3801 1
1512 3241 1
1512 4721 1
1512 1555 1
1512 4755 1
1512 2223 1
1512 3246 1
1512 2987 1
1512 2251 1
1512 1340 1
1512 3254 1
1512 1236 1
1515 2039 1
1517 3489 1
1517 4401 1
1517 3241 1
1517 3963 1
1517 3628 1
1517 337 1
1517 2187 1
1518 4422 1
1520 1954 1
1521 1822 1
1522 270 1
1522 997 1
1522 1499 1
1524 375 1
1524 2748 1
1524 1012 1
1524 3154 1
1524 1759 1
1524 3687 1
1524 1643 1
1524 4121 1
1532 1179 1
1535 2039 1
1536 2681 1
1539 4266 1
1540 797 1
1540 2018 1
1540 2881 1
1540 74 1
1541 710 1
1544 208 1
1544 1348 1
1544 3160 1
1544 1229 1
1544 1568 1
1544 2035 1
1544 290 1
1546 4162 1
1547 399 1
1549 3021 1
1549 1902 1
1549 893 1
1549 4104 1
1549 4663 1
1549 4018 1
1549 1897 1
1554 3009 1
1555 375 1
1556 2092 1
1558 3422 1
1562 375 1
1567 2987 1
1570 33 1
1570 3713 1
1570 3669 1
1570 1624 1
1570 2503 1
1570 3999 1
1571 1580 1
1571 4072 1
1571 2697 1
1571 920 1
1571 318 1
1571 535 1
1571 2956 1
1571 3653 1
1571 1759 1
1571 4550 1
1571 1499 1
1571 651 1
1573 4467 1
1573 4659 1
1573 4021 1
1573 475 1
1574 3366 1
1574 671 1
1574 3268 1
1578 3291 1
1578 4422 1
1578 1743 1
1581 2577 1
1584 421 1
1584 989 1
1584 2730 1
1587 3967 1
1587 3011 1
1590 4422 1
1591 189 1
1591 3154 1
1594 251 1
1600 1179 1
1600 2996 1
1600 997 1
1600 893 1
1600 2740 1
1600 1505 1
1601 4553 1
1601 3298 1
1601 714 1
1601 4213 1
1602 330 1
1605 2250 1
1606 256 1
1606 3489 1
1606 535 1
1606 3513 1
1606 2987 1
1606 3669 1
1606 997 1
1606 4422 1
1606 1489 1
1606 4339 1
1606 1105 1
1606 3196 1
1606 2092 1
1606 27 1
1606 2219 1
1608 419 1
1608 201 1
1608 782 1
1608 4585 1
1608 1300 1
1608 4684 1
1608 1985 1
1608 3955 1
1608 1072 1
1608 137 1
1608 3116 1
1608 3878 1
1608 1769 1
1608 2820 1
1608 1540 1
1608 3360 1
1608 2589 1
1608 1835 1
1608 2951 1
1608 13 1
1610 3267 1
1610 3329 1
1610 282 1
1610 4620 1
1613 1954 1
1617 4686 1
1624 950 1
1624 653 1
1624 3566 1
1624 596 1
1624 774 1
1624 1071 1
1624 2697 1
1624 1696 1
1624 1544 1
1624 3093 1
1624 4059 1
1624 790 1
1624 2474 1
1624 3401 1
1624 1835 1
1624 3267 1
1624 3154 1
1624 78 1
1624 421 1
1624 2219 1
1627 3857 1
1627 1355 1
1627 3963 1
1627 3534 1
1627 2173 1
1627 2881 1
1627 2299 1
1627 1891 1
1627 1954 1
1627 3293 1
1628 2358 1
1628 1516 1
1628 893 1
1628 3135 1
1629 4346 1
1633 3507 1
1634 4171 1
1636 4401 1
1636 1610 1
1636 4485 1
1636 1945 1
1638 3233 1
1642 4548 1
1643 2738 1
1643 3267 1
1648 3871 1
1649 3866 1
1649 421 1
1649 3378 1
1649 2131 1
1649 3053 1
1649 1945 1
1649 720 1
1649 1077 1
1651 3513 1
1655 2578 1
1655 2039 1
1655 1954 1
1655 1879 1
1655 3525 1
1655 3985 1
1655 359 1
1655 2618 1
1655 3628 1
1655 3857 1
1655 1893 1
1655 1699 1
1655 3093 1
1655 2791 1
1655 161 1
1657 926 1
1658 1644 1
1658 3196 1
1658 2279 1
1658 732 1
1658 493 1
1658 223 1
1669 4347 1
1671 535 1
1671 4475 1
1671 3516 1
1671 2619 1
1671 1176 1
1672 311 1
1673 3718 1
1673 1241 1
1673 3604 1
1673 4028 1
1673 4423 1
1673 3667 1
1673 3378 1
1673 3841 1
1673 1079 1
1680 2364 1
1681 1122 1
1685 2644 1
1685 256 1
1685 2478 1
1685 4423 1
1687 4054 1
1689 2484 1
1690 4744 1
1691 1418 1
1692 2043 1
1692 295 1
1692 2299 1
1694 2051 1
1698 109 1
1700 3569 1
1700 2382 1
1700 4422 1
1700 2094 1
1700 3874 1
1700 2677 1
1700 2092 1
1700 2059 1
1700 78 1
1700 2393 1
1700 2117 1
1700 3154 1
1702 1540 1
1704 997 1
1704 2763 1
1704 1835 1
1704 1117 1
1705 1506 1
1705 2375 1
1705 148 1
1705 775 1
1707 1825 1
1712 3012 1
1715 3274 1
1715 2251 1
1716 1594 1
1716 2748 1
1716 2305 1
1716 4491 1
1716 137 1
1716 2382 1
1722 3866 1
1722 1540 1
1722 3104 1
1722 4401 1
1722 997 1
1722 378 1
1722 1139 1
1722 1763 1
1725 1610 1
1725 1644 1
1725 4718 1
1725 3450 1
1725 888 1
1732 802 1
1732 2577 1
1732 1252 1
1732 4122 1
1732 337 1
1732 1179 1
1732 378 1
1732 267 1
1735 1600 1
1737 2921 1
1743 2850 1
1743 3571 1
1743 169 1
1744 3357 1
1745 4670 1
1745 2305 1
1746 1610 1
1747 45 1
1747 1116 1
1747 1122 1
1748 1236 1
1748 1007 1
1748 2731 1
1748 337 1
1748 4548 1
1748 1566 1
1748 3075 1
1748 4744 1
1748 3866 1
1748 3205 1
1748 1879 1
1753 1733 1
1753 3521 1
1753 1835 1
1757 3197 1
1757 4104 1
1757 4584 1
1757 730 1
1757 2827 1
1763 161 1
1763 3205 1
1763 3241 1
1765 4491 1
1765 1857 1
1765 3197 1
1765 1203 1
1765 1835 1
1765 4024 1
1765 3411 1
1765 3522 1
1765 1105 1
1765 583 1
1765 3241 1
1765 1139 1
1765 3489 1
1765 1619 1
1765 522 1
1765 4584 1
1765 4399 1
1765 247 1
1765 906 1
1768 371 1
1768 247 1
1772 1179 1
1772 4507 1
1772 1780 1
1772 1902 1
1773 4303 1
1773 2037 1
1773 522 1
1773 4519 1
1773 2515 1
1773 217 1
1773 1594 1
1773 1110 1
1773 2092 1
1773 1297 1
1773 4110 1
1773 3385 1
1773 4043 1
1773 1014 1
1773 3972 1
1776 4562 1
1777 456 1
1778 2529 1
1780 588 1
1780 2517 1
1780 2132 1
1780 2866 1
1781 3464 1
1786 3376 1
1788 4122 1
1790 2824 1
1791 2305 1
1791 1977 1
1791 1238 1
1791 2163 1
1795 1203 1
1798 4206 1
1801 24 1
1807 1954 1
1807 4523 1
1807 1077 1
1808 1169 1
1811 468 1
1812 2518 1
1817 1703 1
1825 493 1
1825 4430 1
1825 2716 1
1825 3498 1
1825 3197 1
1825 754 1
1826 833 1
1826 4432 1
1826 4325 1
1826 2866 1
1826 1115 1
1828 4553 1
1828 2203 1
1828 3693 1
1828 588 1
1828 2333 1
1828 878 1
1828 3926 1
1833 2148 1
1833 2763 1
1833 3819 1
1835 3778 1
1835 1175 1
1835 3077 1
1835 2118 1
1836 2187 1
1836 4523 1
1836 1954 1
1836 2578 1
1836 3135 1
1837 378 1
1838 3628 1
1841 4422 1
1843 3972 1
1846 1110 1
1849 1578 1
1849 2449 1
1851 427 1
1851 3366 1
1851 3534 1
1851 1420 1
1851 1754 1
1851 3880 1
1856 4670 1
1860 1540 1
1860 3866 1
1863 1988 1
1864 4738 1
1865 1117 1
1865 1516 1
1865 4663 1
1865 3399 1
1869 3197 1
1872 375 1
1872 3200 1
1872 3839 1
1873 2530 1
1875 3866 1
1875 3373 1
1875 3999 1
1875 2372 1
1876 137 1
1876 3795 1
1876 3667 1
1876 4159 1
1876 997 1
1876 247 1
1878 810 1
1890 2713 1
1896 1760 1
1896 2850 1
1896 3773 1
1896 3392 1
1896 3197 1
1896 78 1
1897 2159 1
1898 1373 1
1898 3972 1
1899 4444 1
1899 4395 1
1899 1101 1
1899 2260 1
1901 1566 1
1908 1835 1
1908 3328 1
1908 997 1
1908 3664 1
1908 3718 1
1908 2748 1
1908 2382 1
1908 252 1
1908 2709 1
1908 1285 1
1908 4459 1
1908 3497 1
1908 2749 1
1910 4122 1
1911 3450 1
1916 4720 1
1916 350 1
1916 2073 1
1916 3011 1
1916 4306 1
1916 3615 1
1916 4212 1
1916 3614 1
1916 4206 1
1916 4153 1
1916 2219 1
1916 3274 1
1916 3233 1
1916 358 1
1916 3714 1
1916 3963 1
1916 989 1
1916 671 1
1916 2152 1
1916 359 1
1921 2748 1
1921 4206 1
1922 4213 1
1922 2777 1
1922 2375 1
1922 4756 1
1922 2996 1
1922 2069 1
1922 1019 1
1922 1236 1
1922 4273 1
1922 4238 1
1922 4744 1
1922 2092 1
1922 1126 1
1922 3291 1
1922 3794 1
1924 3859 1
1937 3274 1
1938 1248 1
1939 1122 1
1945 1566 1
1945 1197 1
1945 727 1
1945 1754 1
1945 3486 1
1945 3653 1
1945 3450 1
1945 4105 1
1945 4751 1
1948 997 1
1948 1105 1
1948 3026 1
1948 3300 1
1948 183 1
1948 78 1
1948 316 1
1948 152 1
1948 1095 1
1948 826 1
1948 1348 1
1950 419 1
1951 3464 1
1951 3972 1
1953 2335 1
1953 3241 1
1954 3735 1
1954 417 1
1959 1135 1
1962 4389 1
1962 3450 1
1962 1727 1
1962 3544 1
1962 3197 1
1962 2621 1
1962 2757 1
1962 2043 1
1970 2148 1
1970 4744 1
1970 2920 1
1970 4548 1
1971 4548 1
1972 3075 1
1972 4000 1
1972 1773 1
1975 1679 1
1978 3963 1
1978 3011 1
1978 350 1
1978 2219 1
1978 3274 1
1978 1020 1
1979 1248 1
1979 4401 1
1979 2920 1
1979 3511 1
1980 4324 1
1985 3272 1
1985 3274 1
1985 4401 1
1985 1964 1
1985 893 1
1985 2299 1
1985 1954 1
1985 1857 1
1987 4122 1
1987 3411 1
1987 1668 1
1987 753 1
1987 1761 1
1987 3197 1
1987 436 1
1988 2921 1
1988 375 1
1988 3164 1
1988 4358 1
1988 4562 1
1988 1077 1
1988 4112 1
1988 326 1
1992 4202 1
1992 4030 1
1992 3434 1
1992 1915 1
1992 1218 1
1992 45 1
1992 1699 1
1992 3460 1
1992 1960 1
1992 4589 1
1992 110 1
1992 281 1
1992 162 1
1992 4224 1
1992 27 1
1992 2485 1
1992 2023 1
1992 1636 1
1992 3598 1
1996 3787 1
1996 4674 1
1996 2020 1
1996 3837 1
1996 4401 1
1996 2219 1
1996 3176 1
1996 4380 1
1996 4306 1
1996 3153 1
1997 1077 1
1997 4422 1
1997 1763 1
1997 783 1
1997 3581 1
1997 545 1
1997 676 1
1997 417 1
1997 2612 1
1997 3999 1
1997 3638 1
1997 3372 1
1997 3567 1
1997 4405 1
1997 1012 1
1997 3566 1
1997 3871 1
1997 4467 1
1997 247 1
1997 1889 1
2001 3197 1
2001 3567 1
2001 1540 1
2001 1118 1
2001 139 1
2001 1348 1
2001 742 1
2001 3562 1
2002 48 1
2002 132 1
2009 3075 1
2013 893 1
2013 568 1
2013 3155 1
2014 2801 1
2015 3011 1
2015 4511 1
2015 3401 1
2025 2365 1
2026 2660 1
2026 2484 1
2026 2922 1
2026 539 1
2026 1952 1
2026 2404 1
2026 3752 1
2026 3399 1
2026 199 1
2026 208 1
2026 27 1
2026 4702 1
2026 4124 1
2026 1101 1
2026 3160 1
2026 4346 1
2026 932 1
2026 3526 1
2026 1996 1
2027 3787 1
2027 3690 1
2027 3241 1
2027 3866 1
2031 105 1
2031 4401 1
2031 893 1
2031 2152 1
2032 4266 1
2032 3102 1
2032 3972 1
2033 475 1
2037 2948 1
2039 2148 1
2042 48 1
2044 1902 1
2048 1761 1
2048 2153 1
2048 1624 1
2048 3300 1
2048 4159 1
2052 4589 1
2052 1996 1
2052 3855 1
2052 2981 1
2055 221 1
2059 1540 1
2063 4422 1
2065 1540 1
2066 1196 1
2068 2971 1
2068 874 1
2068 1116 1
2068 4478 1
2070 1307 1
2072 4122 1
2072 2816 1
2073 2177 1
2073 782 1
2073 4756 1
2073 1367 1
2073 864 1
2079 3329 1
2079 2037 1
2079 2965 1
2079 931 1
2079 3411 1
2079 2415 1
2079 1644 1
2079 4640 1
2079 4379 1
2079 4422 1
2079 1952 1
2079 4401 1
2079 1763 1
2079 1116 1
2079 282 1
2079 4043 1
2083 3446 1
2083 248 1
2083 368 1
2083 11 1
2083 1644 1
2083 1985 1
2083 16 1
2083 3565 1
2083 1780 1
2083 3539 1
2087 3300 1
2087 1946 1
2087 27 1
2087 3658 1
2089 1139 1
2089 4422 1
2095 2051 1
2095 3859 1
2096 2092 1
2097 2805 1
2097 4072 1
2097 658 1
2099 1077 1
2099 3197 1
2103 1139 1
2106 3507 1
2107 1841 1
2112 4768 1
2116 1122 1
2117 1866 1
2118 3077 1
2120 874 1
2121 2784 1
2121 3450 1
2125 4324 1
2125 595 1
2125 1867 1
2125 1387 1
2125 1968 1
2125 838 1
2126 3507 1
2127 2105 1
2127 3957 1
2127 2677 1
2149 4467 1
2151 2577 1
2153 2996 1
2153 1252 1
2153 4467 1
2153 1759 1
2153 1236 1
2159 774 1
2159 1566 1
2159 628 1
2159 3241 1
2159 765 1
2159 3866 1
2161 1324 1
2161 3882 1
2162 870 1
2168 4298 1
2169 853 1
2170 4423 1
2172 4023 1
2175 3507 1
2175 3459 1
2175 1879 1
2175 2351 1
2175 1800 1
2175 1646 1
2175 350 1
2175 940 1
2176 2981 1
2176 1465 1
2176 4545 1
2176 713 1
2180 2749 1
2180 816 1
2183 4751 1
2186 3452 1
2186 3477 1
2186 2973 1
2188 4562 1
2193 1327 1
2196 2763 1
2196 2163 1
2196 4605 1
2196 2382 1
2196 77 1
2197 375 1
2204 4324 1
2204 3760 1
2204 2873 1
2204 3693 1
2205 788 1
2205 1996 1
2205 3855 1
2205 3160 1
2205 2773 1
2205 9 1
2205 4519 1
2205 878 1
2205 2912 1
2206 3656 1
2206 1610 1
2206 1508 1
2208 2624 1
2210 4218 1
2211 359 1
2212 3353 1
2212 950 1
2212 247 1
2218 933 1
2218 4345 1
2219 2873 1
2222 3452 1
2222 27 1
2222 782 1
2222 4459 1
2222 1540 1
2224 1594 1
2227 2239 1
2227 4422 1
2227 1954 1
2231 2296 1
2231 4467 1
2231 4690 1
2231 201 1
2231 2956 1
2232 1610 1
2232 2548 1
2232 3811 1
2232 4367 1
2233 4511 1
2234 3871 1
2236 1540 1
2236 1105 1
2236 2092 1
2236 2987 1
2239 367 1
2239 1773 1
2239 3639 1
2241 2335 1
2242 3241 1
2248 1466 1
2253 1107 1
2253 3901 1
2263 3197 1
2268 1283 1
2269 4122 1
2269 562 1
2269 375 1
2269 24 1
2269 821 1
2269 132 1
2270 3534 1
2271 4511 1
2271 350 1
2272 2808 1
2272 2749 1
2272 1054 1
2272 378 1
2272 183 1
2272 1439 1
2272 4001 1
2272 1285 1
2272 3404 1
2272 2487 1
2272 441 1
2272 421 1
2277 3452 1
2277 4001 1
2277 73 1
2277 1521 1
2277 1691 1
2277 1954 1
2277 2277 1
2277 3562 1
2277 3827 1
2277 2921 1
2277 3011 1
2277 375 1
2277 536 1
2277 3450 1
2277 2273 1
2277 398 1
2277 2430 1
2277 1267 1
2277 2577 1
2277 132 1
2278 1267 1
2283 628 1
2283 3006 1
2283 3279 1
2283 3426 1
2284 950 1
2284 1373 1
2284 2577 1
2284 3866 1
2285 1169 1
2286 3534 1
2291 4380 1
2291 1502 1
2293 3197 1
2293 3233 1
2296 3669 1
2296 3698 1
2296 2655 1
2296 1073 1
2296 720 1
2296 1476 1
2296 4700 1
2296 3307 1
2296 3845 1
2296 4075 1
2296 822 1
2300 1196 1
2301 1474 1
2301 378 1
2305 2362 1
2308 2459 1
2308 2132 1
2308 10 1
2308 2528 1
2309 4402 1
2313 1600 1
2321 1567 1
2321 2092 1
2321 2023 1
2326 1355 1
2330 3160 1
2337 1588 1
2339 1619 1
2340 1763 1
2340 2996 1
2340 421 1
2340 2092 1
2340 671 1
2341 1646 1
2341 4450 1
2341 1621 1
2341 27 1
2344 4148 1
2344 726 1
2344 4085 1
2344 3463 1
2344 2880 1
2344 429 1
2345 816 1
2346 1179 1
2350 1954 1
2350 3866 1
2352 2681 1
2352 2784 1
2352 631 1
2352 4631 1
2355 1007 1
2359 1179 1
2359 2219 1
2362 1502 1
2362 1954 1
2362 4306 1
2362 3241 1
2362 2573 1
2362 2577 1
2362 1803 1
2362 1077 1
2362 2039 1
2363 4080 1
2363 1775 1
2363 720 1
2363 1348 1
2363 3196 1
2363 2023 1
2363 4659 1
2363 1540 1
2365 893 1
2365 1373 1
2365 1067 1
2365 2921 1
2365 2091 1
2365 631 1
2365 4744 1
2368 3241 1
2368 997 1
2370 4422 1
2371 1429 1
2371 318 1
2371 2340 1
2371 2950 1
2371 4482 1
2371 3233 1
2371 3464 1
2371 2748 1
2371 2044 1
2371 257 1
2372 4744 1
2373 2131 1
2378 3197 1
2381 2748 1
2383 1077 1
2383 2067 1
2383 3967 1
2383 3530 1
2383 2 1
2383 4027 1
2383 1953 1
2383 2358 1
2383 189 1
2383 1540 1
2383 1096 1
2383 3291 1
2383 765 1
2383 4744 1
2383 2275 1
2383 4206 1
2383 358 1
2385 2142 1
2391 2443 1
2391 3685 1
2391 1857 1
2391 434 1
2391 3660 1
2391 1800 1
2391 4418 1
2391 4523 1
2391 3628 1
2391 2079 1
2391 3871 1
2391 2588 1
2391 940 1
2391 2842 1
2391 4231 1
2391 2342 1
2391 3205 1
2391 1105 1
2392 1849 1
2392 282 1
2392 4213 1
2392 475 1
2392 3200 1
2392 2540 1
2392 2426 1
2393 3628 1
2394 2612 1
2394 1954 1
2394 3241 1
2399 3967 1
2401 3450 1
2405 3075 1
2406 1422 1
2408 3300 1
2408 1096 1
2408 861 1
2408 2092 1
2408 3203 1
2408 1601 1
2408 3133 1
2408 402 1
2408 247 1
2408 1646 1
2408 1544 1
2408 2740 1
2408 1218 1
2408 2920 1
2408 4584 1
2408 3196 1
2408 2041 1
2408 1624 1
2408 1803 1
2411 2039 1
2412 3631 1
2412 2132 1
2412 267 1
2412 3197 1
2412 1236 1
2412 3921 1
2412 375 1
2412 1073 1
2412 3399 1
2416 3967 1
2416 2530 1
2416 3011 1
2416 1699 1
2416 1879 1
2416 3866 1
2416 1355 1
2416 1540 1
2419 1071 1
2419 3241 1
2422 3154 1
2422 2092 1
2422 997 1
2422 1238 1
2427 2715 1
2427 243 1
2427 4467 1
2427 4511 1
2427 1902 1
2427 1578 1
2427 2101 1
2427 4084 1
2429 4159 1
2430 42 1
2430 3197 1
2430 2577 1
2430 4123 1
2431 893 1
2431 3197 1
2434 2039 1
2437 790 1
2439 4548 1
2439 18 1
2439 4242 1
2440 1179 1
2441 765 1
2446 3534 1
2448 3967 1
2449 3713 1
2449 4700 1
2449 628 1
2449 4401 1
2449 2092 1
2449 1624 1
2449 4641 1
2449 3543 1
2449 1646 1
2449 3999 1
2449 3952 1
2449 842 1
2449 3534 1
2449 1203 1
2449 4242 1
2449 2595 1
2449 3963 1
2449 1566 1
2449 2153 1
2449 1236 1
2452 1594 1
2453 1835 1
2453 4001 1
2453 337 1
2453 857 1
2453 3012 1
2453 1096 1
2453 3999 1
2453 2850 1
2453 893 1
2453 1505 1
2453 535 1
2453 2215 1
2453 2092 1
2453 1619 1
2453 4467 1
2453 46 1
2453 1759 1
2453 3274 1
2454 2612 1
2455 4422 1
2456 3072 1
2458 1212 1
2460 1122 1
2462 2577 1
2462 4553 1
2462 1578 1
2462 2763 1
2463 1902 1
2464 1373 1
2464 3522 1
2464 132 1
2464 3507 1
2464 2039 1
2464 223 1
2464 893 1
2464 4548 1
2464 930 1
2464 4029 1
2464 1879 1
2464 1324 1
2464 4104 1
2464 2612 1
2464 3154 1
2466 2364 1
2467 2577 1
2468 2578 1
2469 2148 1
2469 4335 1
2469 4250 1
2469 1540 1
2469 3489 1
2469 4171 1
2469 1505 1
2469 1763 1
2469 2987 1
2475 1077 1
2475 1790 1
2475 2469 1
2475 2948 1
2476 522 1
2476 1135 1
2476 3145 1
2476 2092 1
2476 118 1
2476 2577 1
2477 8 1
2477 2273 1
2477 1077 1
2477 1523 1
2478 3066 1
2479 4423 1
2484 304 1
2486 897 1
2486 1502 1
2486 3246 1
2486 2881 1
2486 2148 1
2487 417 1
2488 3246 1
2488 861 1
2488 3196 1
2488 2403 1
2488 2136 1
2488 1348 1
2488 4462 1
2488 1224 1
2488 4401 1
2488 997 1
2488 1544 1
2488 1218 1
2488 4511 1
2488 1139 1
2488 4465 1
2488 2577 1
2488 1798 1
2488 1610 1
2488 2681 1
2488 2393 1
2492 3021 1
2492 4072 1
2492 3930 1
2492 2578 1
2492 1288 1
2492 2173 1
2492 67 1
2492 1596 1
2492 947 1
2492 2511 1
2492 4036 1
2492 821 1
2492 1309 1
2492 1610 1
2494 3401 1
2496 633 1
2496 3281 1
2496 2920 1
2498 4380 1
2498 326 1
2505 3669 1
2506 1610 1
2506 2092 1
2508 3150 1
2509 4422 1
2510 1860 1
2510 1542 1
2510 3562 1
2510 2299 1
2510 3277 1
2510 1857 1
2511 2340 1
2511 934 1
2511 375 1
2511 1953 1
2511 1540 1
2511 4401 1
2511 3401 1
2511 988 1
2511 1105 1
2514 4467 1
2516 1039 1
2518 4557 1
2520 2695 1
2520 1505 1
2520 1902 1
2520 1610 1
2520 3489 1
2520 1945 1
2520 1825 1
2527 2251 1
2527 720 1
2527 3450 1
2527 3546 1
2527 493 1
2527 790 1
2527 247 1
2527 1196 1
2527 3154 1
2527 714 1
2529 4102 1
2532 1935 1
2532 290 1
2532 4751 1
2533 2656 1
2536 3534 1
2536 1596 1
2536 397 1
2536 2577 1
2536 1682 1
2536 3126 1
2538 2058 1
2540 1406 1
2540 3714 1
2540 930 1
2540 378 1
2540 838 1
2540 161 1
2540 1754 1
2540 4306 1
2540 4021 1
2540 4401 1
2540 1578 1
2540 8 1
2540 27 1
2540 4029 1
2540 3837 1
2540 2382 1
2540 4542 1
2540 1733 1
2540 1355 1
2540 1218 1
2545 4055 1
2545 3197 1
2545 3495 1
2545 1835 1
2545 922 1
2545 4401 1
2546 3329 1
2546 3205 1
2546 2391 1
2546 3489 1
2549 4467 1
2552 4422 1
2553 3740 1
2553 3495 1
2553 2321 1
2557 3562 1
2557 1540 1
2557 1610 1
2557 3866 1
2557 3014 1
2557 522 1
2558 2299 1
2558 3197 1
2558 4380 1
2558 4401 1
2560 1825 1
2563 3241 1
2563 2577 1
2569 2727 1
2570 3794 1
2575 67 1
2576 2152 1
2577 1196 1
2578 3009 1
2580 950 1
2580 189 1
2581 3659 1
2581 3534 1
2581 3824 1
2581 1576 1
2581 1096 1
2584 4345 1
2586 3714 1
2587 3714 1
2593 3014 1
2593 2180 1
2593 3152 1
2593 4465 1
2593 732 1
2593 1646 1
2593 2 1
2593 3795 1
2593 941 1
2593 24 1
2593 2151 1
2594 4104 1
2600 2289 1
2603 4422 1
2606 2740 1
2612 3197 1
2617 3747 1
2617 4422 1
2617 4405 1
2617 4102 1
2617 4542 1
2618 997 1
2620 2305 1
2622 4112 1
2630 2362 1
2639 1699 1
2639 2921 1
2639 3153 1
2639 4511 1
2642 2092 1
2644 3972 1
2646 4548 1
2646 3255 1
2646 4562 1
2648 2881 1
2648 1589 1
2648 4770 1
2648 4423 1
2648 3615 1
2648 475 1
2648 3291 1
2648 3711 1
2650 588 1
2650 1179 1
2650 399 1
2650 735 1
2653 1300 1
2655 2159 1
2655 3498 1
2655 1646 1
2655 4548 1
2655 4434 1
2655 1067 1
2655 3009 1
2655 350 1
2655 3667 1
2657 1540 1
2659 1667 1
2659 3543 1
2659 2403 1
2659 4028 1
2659 2996 1
2659 3795 1
2659 671 1
2659 1835 1
2659 46 1
2659 72 1
2661 2058 1
2661 930 1
2662 783 1
2662 2124 1
2662 522 1
2663 1332 1
2663 535 1
2666 73 1
2666 3241 1
2666 1355 1
2666 1920 1
2666 282 1
2666 3293 1
2666 2568 1
2666 2659 1
2667 2362 1
2667 4333 1
2667 1809 1
2667 1769 1
2667 4744 1
2667 3160 1
2673 3669 1
2673 3664 1
2673 2881 1
2673 4401 1
2673 2921 1
2673 3999 1
2673 4548 1
2673 3714 1
2673 2079 1
2676 744 1
2677 2655 1
2678 4498 1
2682 2223 1
2682 3450 1
2687 161 1
2687 1759 1
2687 1902 1
2687 420 1
2692 2577 1
2694 2920 1
2694 3566 1
2694 4678 1
2694 3740 1
2694 3410 1
2695 1309 1
2698 1999 1
2699 421 1
2701 1798 1
2702 3629 1
2702 3281 1
2702 4440 1
2703 893 1
2704 3866 1
2705 2415 1
2705 591 1
2705 930 1
2705 375 1
2705 475 1
2705 2403 1
2708 3667 1
2708 117 1
2708 3567 1
2708 2612 1
2710 67 1
2717 4548 1
2718 1540 1
2718 3522 1
2722 417 1
2722 3601 1
2723 2577 1
2724 284 1
2724 4548 1
2724 2092 1
2724 2748 1
2724 997 1
2724 4306 1
2728 1118 1
2730 2092 1
2735 930 1
2735 2305 1
2735 3622 1
2739 143 1
2741 2681 1
2742 3269 1
2742 24 1
2742 380 1
2742 4366 1
2742 1324 1
2742 97 1
2742 282 1
2742 2840 1
2742 4648 1
2746 3196 1
2748 350 1
2748 4080 1
2748 3972 1
2748 4423 1
2752 1610 1
2752 4367 1
2752 2987 1
2752 4422 1
2754 420 1
2754 359 1
2754 2251 1
2754 3507 1
2754 3569 1
2754 2292 1
2754 1578 1
2754 3667 1
2754 475 1
2754 137 1
2754 4072 1
2754 4159 1
2754 2612 1
2754 3281 1
2754 2273 1
2754 1594 1
2754 2382 1
2754 3866 1
2754 765 1
2754 1373 1
2759 3964 1
2760 4002 1
2761 1283 1
2762 4422 1
2764 931 1
2764 4324 1
2764 4311 1
2764 1780 1
2764 2488 1
2768 3338 1
2768 1706 1
2768 3154 1
2768 783 1
2768 475 1
2770 4511 1
2771 4004 1
2772 2117 1
2773 282 1
2775 432 1
2775 2394 1
2775 4113 1
2775 33 1
2779 4496 1
2784 782 1
2784 4213 1
2784 4021 1
2784 4653 1
2785 2619 1
2787 4548 1
2789 3191 1
2789 291 1
2789 2748 1
2789 1117 1
2789 1348 1
2789 1540 1
2790 4615 1
2791 3197 1
2791 247 1
2791 1945 1
2791 3999 1
2793 201 1
2793 4122 1
2793 2507 1
2793 4653 1
2793 1616 1
2793 1721 1
2793 375 1
2793 930 1
2794 371 1
2795 326 1
2795 3104 1
2795 1139 1
2795 1122 1
2795 1540 1
2795 3972 1
2795 1202 1
2795 1945 1
2795 3186 1
2795 2577 1
2795 375 1
2795 2780 1
2801 282 1
2803 1387 1
2804 1540 1
2806 1085 1
2808 4040 1
2808 3569 1
2808 2748 1
2809 1596 1
2811 782 1
2811 282 1
2813 3241 1
2817 2375 1
2817 33 1
2817 2474 1
2817 3419 1
2817 4744 1
2819 350 1
2822 1116 1
2822 3049 1
2822 4266 1
2822 1717 1
2822 3464 1
2822 1540 1
2822 1050 1
2824 2517 1
2824 782 1
2824 2883 1
2824 931 1
2833 3917 1
2836 4103 1
2838 765 1
2840 3196 1
2841 2023 1
2841 421 1
2846 1540 1
2848 2996 1
2850 4021 1
2852 4434 1
2853 616 1
2853 318 1
2853 3367 1
2853 4266 1
2853 217 1
2853 2029 1
2853 3667 1
2853 1902 1
2853 4306 1
2856 4422 1
2857 3039 1
2859 2675 1
2860 1616 1
2860 2987 1
2860 816 1
2860 3522 1
2860 1511 1
2860 1566 1
2860 3018 1
2860 4203 1
2860 1891 1
2860 2612 1
2860 3011 1
2860 4306 1
2860 932 1
2860 1610 1
2860 765 1
2860 2393 1
2860 1954 1
2860 326 1
2860 4769 1
2860 1578 1
2861 2975 1
2861 4266 1
2861 1610 1
2861 1635 1
2861 1598 1
2861 4021 1
2866 1540 1
2868 4589 1
2868 2542 1
2868 1990 1
2868 3855 1
2870 3118 1
2870 1029 1
2872 2092 1
2876 3197 1
2880 3507 1
2880 33 1
2881 3944 1
2881 1018 1
2884 2092 1
2886 1803 1
2887 2474 1
2887 3241 1
2887 208 1
2887 2153 1
2889 535 1
2892 4422 1
2894 3197 1
2895 4422 1
2899 2573 1
2904 3291 1
2905 4422 1
2906 24 1
2906 1954 1
2909 3569 1
2909 3450 1
2909 3246 1
2909 3197 1
2914 94 1
2915 930 1
2923 4576 1
2925 247 1
2928 2131 1
2928 3664 1
2928 2474 1
2928 3718 1
2928 1096 1
2928 1374 1
2928 3972 1
2930 2681 1
2930 1511 1
2936 3522 1
2938 4422 1
2939 3452 1
2939 3373 1
2941 1835 1
2941 282 1
2942 1300 1
2949 3967 1
2949 801 1
2949 4460 1
2949 2730 1
2949 3714 1
2949 2443 1
2949 4009 1
2949 242 1
2949 1071 1
2949 1566 1
2949 3053 1
2955 1252 1
2958 9 1
2959 1945 1
2960 3197 1
2961 1954 1
2964 132 1
2965 419 1
2968 1774 1
2972 1540 1
2975 1274 1
2975 1122 1
2975 2358 1
2976 3670 1
2976 703 1
2977 1327 1
2980 591 1
2980 1855 1
2980 4498 1
2980 1229 1
2982 3426 1
2982 3534 1
2982 4422 1
2982 2740 1
2983 2382 1
2987 838 1
2987 1789 1
2987 1762 1
2987 4756 1
2987 4746 1
2987 3385 1
2987 1295 1
2987 2873 1
2987 4553 1
2987 1711 1
2987 782 1
2988 4467 1
2988 4562 1
2988 3562 1
2995 2577 1
2996 1077 1
2998 2148 1
3000 2342 1
3003 3664 1
3004 4491 1
3006 1390 1
3007 2983 1
3007 4373 1
3007 1203 1
3007 3866 1
3007 2219 1
3007 3450 1
3007 1277 1
3007 3985 1
3007 4422 1
3007 1588 1
3007 417 1
3007 1752 1
3007 2777 1
3007 2305 1
3008 3948 1
3008 775 1
3008 713 1
3008 1078 1
3010 358 1
3017 191 1
3019 1873 1
3019 2849 1
3019 3246 1
3019 282 1
3019 1389 1
3019 2484 1
3019 1025 1
3019 4512 1
3019 1029 1
3019 2911 1
3020 1540 1
3024 3196 1
3024 1476 1
3024 1594 1
3024 837 1
3026 1578 1
3026 223 1
3028 247 1
3030 2730 1
3030 3241 1
3030 4335 1
3030 2092 1
3031 3866 1
3037 765 1
3037 24 1
3037 33 1
3037 1355 1
3041 1761 1
3047 3246 1
3047 4000 1
3047 4308 1
3047 1359 1
3047 1566 1
3047 2340 1
3047 3382 1
3047 2705 1
3047 2748 1
3047 1139 1
3047 1902 1
3047 893 1
3047 4345 1
3047 4631 1
3048 605 1
3050 1759 1
3050 1324 1
3053 3154 1
3053 4548 1
3060 2924 1
3062 2577 1
3065 2966 1
3065 4043 1
3065 2118 1
3065 4216 1
3065 3145 1
3066 1122 1
3072 3274 1
3072 1945 1
3072 3871 1
3072 868 1
3075 3154 1
3076 417 1
3076 2748 1
3076 1540 1
3076 2142 1
3077 239 1
3077 2697 1
3077 2966 1
3077 4401 1
3081 2251 1
3081 4194 1
3084 3972 1
3086 4072 1
3086 3179 1
3086 1954 1
3086 3329 1
3086 2275 1
3086 3450 1
3086 3967 1
3088 1702 1
3090 1309 1
3090 24 1
3090 3378 1
3090 4576 1
3092 191 1
3096 4422 1
3097 1122 1
3097 2248 1
3100 24 1
3101 4422 1
3103 282 1
3105 4467 1
3105 3011 1
3105 24 1
3109 4422 1
3114 1163 1
3114 1289 1
3114 3713 1
3114 375 1
3114 2142 1
3115 3567 1
3116 3267 1
3118 4000 1
3122 522 1
3122 2385 1
3122 2748 1
3122 4553 1
3126 604 1
3127 4422 1
3127 420 1
3127 2273 1
3129 651 1
3129 3546 1
3129 3180 1
3129 3562 1
3132 1983 1
3139 267 1
3146 1578 1
3148 2257 1
3148 4557 1
3148 2956 1
3148 4422 1
3148 1110 1
3148 3450 1
3152 1439 1
3152 2092 1
3152 1106 1
3153 3434 1
3158 531 1
3158 997 1
3160 282 1
3160 1945 1
3171 4333 1
3173 1773 1
3173 1193 1
3173 2577 1
3173 326 1
3173 3196 1
3174 27 1
3174 1307 1
3174 3671 1
3179 1855 1
3179 510 1
3179 4488 1
3179 4173 1
3179 931 1
3179 4416 1
3179 1123 1
3179 4670 1
3179 1530 1
3179 2999 1
3179 3404 1
3179 3460 1
3179 1998 1
3179 399 1
3179 1867 1
3179 1072 1
3183 137 1
3185 720 1
3185 2044 1
3185 1105 1
3189 3082 1
3192 1875 1
3195 3871 1
3197 3897 1
3204 3011 1
3205 4624 1
3208 2305 1
3209 3871 1
3209 2383 1
3209 2352 1
3209 4380 1
3211 4562 1
3212 1506 1
3216 375 1
3217 1526 1
3217 2519 1
3217 2752 1
3217 989 1
3230 3866 1
3230 3999 1
3230 1610 1
3230 2251 1
3230 3274 1
3232 2219 1
3232 2275 1
3233 1446 1
3235 77 1
3237 546 1
3237 3247 1
3237 1843 1
3237 1135 1
3238 893 1
3241 2577 1
3241 1451 1
3242 4422 1
3244 2632 1
3244 2043 1
3246 3291 1
3248 4659 1
3252 4345 1
3255 2748 1
3255 249 1
3255 137 1
3255 2364 1
3255 2956 1
3255 4145 1
3255 1869 1
3257 2558 1
3257 4579 1
3257 2866 1
3257 1542 1
3258 421 1
3260 2342 1
3260 1754 1
3260 2187 1
3260 362 1
3260 1105 1
3260 4401 1
3260 3871 1
3260 2173 1
3260 3489 1
3260 1077 1
3261 2655 1
3262 3643 1
3264 1540 1
3264 1077 1
3266 3327 1
3268 821 1
3271 3871 1
3271 1077 1
3272 4401 1
3273 4401 1
3273 1077 1
3273 626 1
3273 1853 1
3273 2637 1
3273 3871 1
3273 2187 1
3278 3507 1
3279 57 1
3281 1540 1
3284 3669 1
3286 1198 1
3289 522 1
3294 2136 1
3294 3464 1
3294 1267 1
3294 3196 1
3294 77 1
3301 3401 1
3308 1471 1
3308 3943 1
3308 4485 1
3308 522 1
3308 1238 1
3308 493 1
3312 3241 1
3314 1865 1
3325 134 1
3327 4545 1
3327 1702 1
3335 3014 1
3336 2299 1
3336 3740 1
3337 223 1
3340 4246 1
3340 2761 1
3340 801 1
3340 3534 1
3341 1179 1
3341 1833 1
3343 2299 1
3343 947 1
3343 4094 1
3343 2039 1
3343 3534 1
3343 1954 1
3347 350 1
3352 2493 1
3355 4401 1
3359 4401 1
3362 2577 1
3362 2987 1
3364 3534 1
3368 1404 1
3374 3866 1
3376 2965 1
3376 1777 1
3376 3860 1
3376 107 1
3376 3416 1
3376 4324 1
3376 89 1
3376 1935 1
3376 1116 1
3376 794 1
3376 1506 1
3376 3035 1
3377 2577 1
3379 4467 1
3382 4548 1
3382 1135 1
3383 3233 1
3384 1920 1
3387 893 1
3387 3507 1
3387 2402 1
3387 3967 1
3387 1691 1
3387 1954 1
3387 765 1
3387 4542 1
3389 3507 1
3390 375 1
3390 1857 1
3390 2020 1
3390 4333 1
3390 2152 1
3390 3566 1
3390 4231 1
3390 4423 1
3390 1722 1
3390 3866 1
3390 893 1
3390 1945 1
3390 4369 1
3390 4401 1
3390 3378 1
3390 161 1
3390 1096 1
3390 4523 1
3391 1007 1
3391 3999 1
3391 1610 1
3391 765 1
3405 2277 1
3405 3605 1
3405 825 1
3405 458 1
3405 3431 1
3405 2577 1
3405 375 1
3405 2148 1
3406 3534 1
3414 4266 1
3415 4213 1
3417 2148 1
3417 469 1
3417 1135 1
3417 284 1
3417 2681 1
3417 3613 1
3417 2763 1
3419 1853 1
3421 4117 1
3421 1879 1
3421 3963 1
3421 612 1
3426 1616 1
3427 1122 1
3433 2219 1
3437 893 1
3439 854 1
3439 2542 1
3439 1610 1
3439 2816 1
3440 970 1
3442 3963 1
3443 4251 1
3445 4339 1
3445 67 1
3445 2655 1
3447 931 1
3450 765 1
3453 1507 1
3457 4159 1
3457 3291 1
3458 3507 1
3458 1950 1
3458 4122 1
3462 1179 1
3462 3999 1
3462 855 1
3468 1073 1
3469 1179 1
3469 3534 1
3469 4383 1
3469 3450 1
3471 2920 1
3474 2577 1
3479 1169 1
3481 3144 1
3485 794 1
3485 4137 1
3485 1196 1
3485 423 1
3486 4422 1
3486 4548 1
3486 3972 1
3486 1610 1
3490 1780 1
3490 3999 1
3490 3972 1
3490 931 1
3490 1375 1
3490 760 1
3490 247 1
3490 2069 1
3490 3196 1
3490 1505 1
3490 2873 1
3490 4001 1
3490 1506 1
3490 4548 1
3490 4553 1
3490 2153 1
3490 2866 1
3490 421 1
3490 874 1
3490 1139 1
3494 2484 1
3496 436 1
3498 2731 1
3498 1773 1
3500 977 1
3500 1682 1
3500 682 1
3503 1516 1
3503 1333 1
3503 522 1
3505 3197 1
3507 3999 1
3507 1096 1
3507 3795 1
3507 4422 1
3507 3866 1
3507 3291 1
3507 3972 1
3507 1947 1
3507 3546 1
3507 522 1
3510 3972 1
3512 2911 1
3512 1505 1
3512 2881 1
3512 350 1
3512 535 1
3512 3401 1
3512 3714 1
3512 2039 1
3512 1056 1
3512 1327 1
3512 4124 1
3512 1890 1
3513 2633 1
3516 4670 1
3516 4444 1
3518 4620 1
3521 18 1
3521 2873 1
3521 423 1
3521 4051 1
3521 3904 1
3521 82 1
3521 1850 1
3521 282 1
3521 3434 1
3521 2192 1
3523 2200 1
3524 2908 1
3526 1855 1
3526 4235 1
3526 1196 1
3527 2577 1
3529 1096 1
3529 4306 1
3529 2382 1
3530 4703 1
3530 3999 1
3530 1794 1
3530 546 1
3533 4484 1
3534 4072 1
3534 3638 1
3534 2578 1
3537 4631 1
3544 350 1
3547 2577 1
3556 3546 1
3558 3835 1
3558 3847 1
3558 318 1
3558 2564 1
3558 1773 1
3558 3109 1
3558 1733 1
3558 3453 1
3558 1197 1
3558 1610 1
3558 653 1
3558 732 1
3559 765 1
3564 1763 1
3564 291 1
3564 1886 1
3564 2519 1
3564 2496 1
3568 4339 1
3568 3241 1
3569 330 1
3569 747 1
3569 857 1
3569 2092 1
3572 2239 1
3575 3866 1
3576 24 1
3577 3507 1
3577 3329 1
3577 2079 1
3577 4001 1
3577 1879 1
3577 3233 1
3580 535 1
3584 2117 1
3586 1954 1
3587 1436 1
3589 4024 1
3589 2101 1
3589 3606 1
3589 3650 1
3589 4346 1
3589 3468 1
3589 4734 1
3589 3803 1
3589 1703 1
3589 3019 1
3589 2892 1
3589 2956 1
3589 2976 1
3589 3930 1
3589 3286 1
3589 3267 1
3589 3664 1
3589 4484 1
3589 1536 1
3590 1540 1
3591 2577 1
3591 116 1
3591 3669 1
3592 4 1
3596 1505 1
3597 2015 1
3598 4000 1
3600 4744 1
3602 2230 1
3606 2866 1
3606 1546 1
3607 1835 1
3610 4206 1
3610 4401 1
3612 350 1
3612 4422 1
3612 3871 1
3612 3241 1
3612 3009 1
3612 4186 1
3613 1252 1
3613 2251 1
3613 2981 1
3613 2079 1
3613 4266 1
3613 1999 1
3619 436 1
3624 1348 1
3633 358 1
3634 3871 1
3635 1122 1
3635 2382 1
3635 3567 1
3635 3787 1
3635 137 1
3642 2219 1
3643 9 1
3643 2595 1
3643 2069 1
3643 3364 1
3647 1139 1
3647 3571 1
3647 1635 1
3647 3308 1
3647 3687 1
3647 4345 1
3648 3507 1
3654 3326 1
3661 4308 1
3662 3254 1
3662 3912 1
3664 1540 1
3664 3870 1
3665 282 1
3666 4401 1
3667 1780 1
3668 2039 1
3670 4498 1
3677 2219 1
3680 1348 1
3680 720 1
3689 997 1
3689 3233 1
3689 3972 1
3689 2577 1
3691 3197 1
3691 2745 1
3691 4434 1
3691 4423 1
3691 3884 1
3693 421 1
3694 4496 1
3696 4401 1
3699 2023 1
3702 1578 1
3703 3507 1
3703 2452 1
3703 1041 1
3704 2142 1
3704 3399 1
3707 3267 1
3710 2251 1
3719 399 1
3721 2577 1
3721 2357 1
3721 3267 1
3721 2101 1
3721 4422 1
3721 3291 1
3723 2340 1
3723 4345 1
3723 3998 1
3724 3308 1
3724 821 1
3725 1139 1
3725 2393 1
3730 3401 1
3733 2148 1
3733 1476 1
3733 2822 1
3733 1203 1
3733 1902 1
3733 4422 1
3733 2092 1
3735 2173 1
3735 4449 1
3735 2402 1
3735 3378 1
3735 2884 1
3735 3967 1
3735 4212 1
3735 3489 1
3742 546 1
3742 878 1
3742 1582 1
3742 1540 1
3743 1505 1
3743 2695 1
3743 3866 1
3743 4159 1
3744 2577 1
3744 930 1
3744 2148 1
3745 2348 1
3745 118 1
3745 2092 1
3745 3468 1
3745 1886 1
3745 2039 1
3745 1241 1
3747 4562 1
3752 4401 1
3752 3534 1
3752 2402 1
3752 2740 1
3752 1945 1
3752 4548 1
3752 1179 1
3752 1105 1
3752 3972 1
3752 1540 1
3752 1071 1
3752 3164 1
3753 816 1
3759 2105 1
3765 4058 1
3767 1616 1
3767 3929 1
3769 3999 1
3771 3324 1
3771 3401 1
3771 2299 1
3772 631 1
3772 3804 1
3772 4306 1
3772 4250 1
3772 2842 1
3772 222 1
3772 434 1
3772 3246 1
3772 3978 1
3772 2094 1
3772 2369 1
3772 3193 1
3772 87 1
3772 4768 1
3772 163 1
3775 4070 1
3780 2875 1
3781 2392 1
3781 3520 1
3782 3055 1
3785 719 1
3785 3241 1
3785 1540 1
3787 1222 1
3787 247 1
3793 2148 1
3797 3866 1
3798 4401 1
3803 883 1
3805 2969 1
3805 143 1
3806 4198 1
3807 1816 1
3807 2264 1
3807 2883 1
3807 1135 1
3807 4744 1
3807 4021 1
3810 2092 1
3813 3926 1
3813 4083 1
3813 89 1
3813 378 1
3813 27 1
3813 3160 1
3813 3399 1
3821 3999 1
3821 2993 1
3821 4023 1
3821 1540 1
3828 1110 1
3833 637 1
3837 526 1
3838 3667 1
3844 223 1
3844 2577 1
3844 2148 1
3844 4422 1
3853 247 1
3853 2063 1
3854 3562 1
3855 371 1
3856 3534 1
3856 4423 1
3858 2577 1
3859 2089 1
3866 535 1
3873 1998 1
3874 1478 1
3874 3871 1
3874 29 1
3874 4251 1
3874 402 1
3874 774 1
3875 1578 1
3875 4467 1
3875 2092 1
3875 1540 1
3875 2577 1
3875 2382 1
3877 1064 1
3878 4380 1
3878 765 1
3879 3740 1
3879 3009 1
3879 3378 1
3879 1596 1
3882 4422 1
3883 4703 1
3887 4054 1
3888 2219 1
3888 1139 1
3888 2881 1
3891 2273 1
3891 2577 1
3893 475 1
3893 3328 1
3893 1236 1
3893 997 1
3893 2763 1
3894 1505 1
3894 1733 1
3894 2067 1
3894 1359 1
3894 4401 1
3895 2044 1
3895 4389 1
3896 2362 1
3896 3613 1
3896 616 1
3896 2392 1
3896 671 1
3896 2148 1
3896 1540 1
3896 2922 1
3896 888 1
3896 1118 1
3896 3399 1
3896 3562 1
3896 720 1
3896 838 1
3898 1505 1
3899 3196 1
3908 2305 1
3908 4422 1
3914 2092 1
3916 3385 1
3916 595 1
3917 2176 1
3917 3866 1
3922 4195 1
3924 2718 1
3929 1902 1
3930 3197 1
3932 2578 1
3935 650 1
3935 2306 1
3935 1054 1
3935 3450 1
3935 98 1
3935 2612 1
3935 261 1
3935 4754 1
3935 1630 1
3938 2816 1
3938 2372 1
3938 522 1
3938 4021 1
3939 4009 1
3940 4054 1
3940 3450 1
3940 1122 1
3942 3827 1
3944 15 1
3947 1355 1
3947 4380 1
3947 3274 1
3947 2219 1
3947 3857 1
3947 3967 1
3947 4009 1
3947 1945 1
3953 4401 1
3953 116 1
3957 2083 1
3957 2921 1
3957 888 1
3958 2041 1
3959 2039 1
3959 67 1
3960 3507 1
3964 863 1
3965 3983 1
3965 3507 1
3965 4104 1
3965 734 1
3965 2362 1
3965 1122 1
3965 3115 1
3967 3718 1
3967 3281 1
3967 4744 1
3967 1594 1
3967 1639 1
3967 744 1
3969 4422 1
3970 1209 1
3970 456 1
3971 3401 1
3972 350 1
3975 1196 1
3976 3128 1
3976 2920 1
3976 1802 1
3976 161 1
3976 874 1
3976 4624 1
3977 1540 1
3980 3967 1
3980 2092 1
3981 2269 1
3983 1566 1
3991 2881 1
3992 137 1
3997 3967 1
4000 4422 1
4004 4159 1
4004 4467 1
4007 930 1
4012 3401 1
4015 2219 1
4015 3615 1
4015 2092 1
4015 1429 1
4020 3215 1
4020 98 1
4020 78 1
4020 24 1
4020 493 1
4020 816 1
4020 1306 1
4020 1202 1
4020 734 1
4020 2660 1
4020 3569 1
4020 273 1
4020 821 1
4020 67 1
4020 3281 1
4020 3411 1
4020 3836 1
4020 1507 1
4020 4467 1
4020 522 1
4023 4721 1
4023 1578 1
4031 566 1
4037 1891 1
4037 3601 1
4037 2148 1
4047 1855 1
4047 2092 1
4047 399 1
4047 1990 1
4047 4213 1
4047 3197 1
4047 3461 1
4047 2582 1
4047 2449 1
4048 4159 1
4049 2577 1
4054 3540 1
4056 1139 1
4056 3197 1
4065 3267 1
4072 4548 1
4074 909 1
4074 282 1
4074 2382 1
4074 358 1
4074 666 1
4074 4029 1
4074 1252 1
4077 4122 1
4078 4562 1
4078 2544 1
4078 730 1
4078 4423 1
4078 1077 1
4078 24 1
4081 1165 1
4087 4422 1
4087 1511 1
4087 4401 1
4092 2983 1
4092 371 1
4092 4584 1
4093 2092 1
4095 274 1
4095 1012 1
4095 2998 1
4095 1974 1
4095 3513 1
4095 1332 1
4095 4511 1
4095 2275 1
4095 2948 1
4096 3450 1
4096 4306 1
4096 29 1
4096 375 1
4096 3787 1
4096 2092 1
4096 3866 1
4096 2763 1
4096 3197 1
4096 3009 1
4097 378 1
4102 2824 1
4105 535 1
4106 1540 1
4108 419 1
4108 542 1
4108 3126 1
4108 2292 1
4110 3967 1
4114 2883 1
4115 3735 1
4116 1610 1
4118 1540 1
4118 3999 1
4122 1540 1
4123 1610 1
4123 4524 1
4123 2219 1
4123 2577 1
4123 1646 1
4123 3664 1
4124 1540 1
4124 3011 1
4124 1624 1
4128 406 1
4128 4001 1
4128 4179 1
4128 4504 1
4129 4422 1
4132 2402 1
4132 2362 1
4136 3450 1
4138 36 1
4142 3656 1
4142 3197 1
4143 4748 1
4147 3967 1
4148 4401 1
4148 3795 1
4149 1348 1
4150 893 1
4150 522 1
4152 2748 1
4152 3329 1
4152 2153 1
4152 4028 1
4153 3102 1
4155 2981 1
4155 337 1
4156 1523 1
4156 3023 1
4156 1034 1
4156 56 1
4157 1540 1
4159 2336 1
4161 2151 1
4161 1324 1
4161 3154 1
4161 295 1
4163 2846 1
4163 2382 1
4164 3267 1
4164 535 1
4164 2118 1
4164 475 1
4164 3671 1
4164 4408 1
4164 3808 1
4164 4073 1
4164 183 1
4164 1601 1
4164 3353 1
4164 2809 1
4164 3014 1
4164 1596 1
4164 3197 1
4164 2117 1
4164 1285 1
4165 2577 1
4165 3546 1
4169 3664 1
4172 2612 1
4172 4306 1
4172 2223 1
4172 3687 1
4172 838 1
4172 3373 1
4172 3246 1
4172 4405 1
4172 522 1
4172 3795 1
4178 2092 1
4178 3450 1
4178 3999 1
4178 1540 1
4178 930 1
4178 4394 1
4178 3811 1
4178 1610 1
4178 4422 1
4183 1610 1
4183 1139 1
4183 3011 1
4184 1252 1
4184 1196 1
4188 2092 1
4190 535 1
4195 3196 1
4197 3837 1
4197 350 1
4197 1703 1
4198 4529 1
4198 4346 1
4201 997 1
4202 3795 1
4202 3447 1
4202 421 1
4202 4744 1
4202 3864 1
4202 4756 1
4202 4554 1
4202 247 1
4203 1505 1
4203 2051 1
4211 1502 1
4213 2881 1
4213 3074 1
4213 4339 1
4213 2940 1
4213 3329 1
4213 3272 1
4213 3053 1
4213 147 1
4213 3759 1
4213 475 1
4215 2573 1
4217 1348 1
4220 782 1
4221 4140 1
4229 1954 1
4230 1646 1
4238 4562 1
4238 997 1
4238 4670 1
4238 3999 1
4238 282 1
4238 2340 1
4238 4306 1
4238 3075 1
4238 3291 1
4238 1594 1
4238 436 1
4238 378 1
4238 1759 1
4238 3615 1
4238 535 1
4238 4380 1
4238 1588 1
4239 4122 1
4245 378 1
4246 1540 1
4247 1077 1
4247 3378 1
4247 2251 1
4247 1699 1
4247 1067 1
4247 2173 1
4248 2585 1
4248 2577 1
4248 24 1
4248 3618 1
4248 4072 1
4248 3267 1
4248 4021 1
4248 3309 1
4248 358 1
4248 1892 1
4248 4744 1
4249 3511 1
4250 1116 1
4251 2577 1
4251 1540 1
4251 4072 1
4251 3866 1
4253 421 1
4254 2881 1
4254 4542 1
4256 4670 1
4256 4000 1
4256 24 1
4256 3534 1
4256 1555 1
4256 988 1
4256 3135 1
4256 2382 1
4256 3153 1
4257 3180 1
4257 1122 1
4257 3291 1
4257 4306 1
4257 1902 1
4257 3534 1
4258 2484 1
4262 4213 1
4262 1121 1
4262 123 1
4265 1811 1
4285 4401 1
4289 1803 1
4289 1952 1
4289 3631 1
4289 4242 1
4289 399 1
4289 838 1
4289 282 1
4289 27 1
4289 591 1
4289 588 1
4289 1582 1
4289 375 1
4289 1297 1
4289 3829 1
4289 3667 1
4289 423 1
4289 970 1
4289 1154 1
4289 1613 1
4289 275 1
4290 1122 1
4292 1610 1
4295 3943 1
4298 522 1
4298 4422 1
4298 2577 1
4298 4212 1
4298 861 1
4298 4744 1
4298 1702 1
4298 535 1
4299 3787 1
4299 138 1
4299 2770 1
4300 4401 1
4300 4467 1
4301 3912 1
4305 1077 1
4307 3534 1
4308 4460 1
4308 2039 1
4308 4401 1
4309 3519 1
4313 337 1
4314 3967 1
4314 247 1
4314 1105 1
4314 1699 1
4314 2020 1
4314 3439 1
4314 3378 1
4314 4511 1
4314 2553 1
4314 1691 1
4318 3489 1
4320 931 1
4320 1505 1
4320 2118 1
4320 3813 1
4320 857 1
4320 2994 1
4322 4423 1
4322 4401 1
4325 1348 1
4325 68 1
4325 2612 1
4325 1122 1
4330 522 1
4330 3197 1
4330 4203 1
4330 4744 1
4330 2131 1
4330 337 1
4330 3269 1
4330 1540 1
4330 774 1
4330 1505 1
4335 3064 1
4335 2529 1
4335 4023 1
4335 2118 1
4335 311 1
4335 2358 1
4335 1105 1
4335 3254 1
4335 1572 1
4335 3562 1
4335 1621 1
4335 348 1
4335 2577 1
4335 2393 1
4335 2618 1
4335 3102 1
4335 4460 1
4335 4359 1
4335 291 1
4337 1954 1
4338 3447 1
4338 3110 1
4338 2473 1
4339 2881 1
4339 1624 1
4339 1954 1
4339 2763 1
4340 759 1
4343 1122 1
4346 3837 1
4346 4021 1
4346 1555 1
4350 3897 1
4350 3213 1
4350 1073 1
4350 3567 1
4350 3562 1
4354 3450 1
4354 1961 1
4355 3040 1
4358 27 1
4361 2484 1
4363 291 1
4364 2846 1
4364 2092 1
4364 33 1
4364 3866 1
4364 1505 1
4365 3246 1
4367 3232 1
4370 1540 1
4371 3197 1
4374 1203 1
4377 1196 1
4382 843 1
4382 1041 1
4384 127 1
4384 2577 1
4387 2219 1
4390 838 1
4397 4149 1
4397 1002 1
4397 2994 1
4397 1254 1
4397 1141 1
4397 221 1
4397 2132 1
4397 1996 1
4403 251 1
4404 3693 1
4404 2340 1
4406 546 1
4411 1077 1
4411 2382 1
4411 3245 1
4411 1179 1
4415 2920 1
4415 3197 1
4415 2299 1
4419 4401 1
4420 1236 1
4421 3871 1
4423 2159 1
4426 4213 1
4427 4422 1
4433 4744 1
4435 4422 1
4438 4040 1
4438 3151 1
4440 2219 1
4440 1808 1
4440 765 1
4440 940 1
4445 2 1
4446 546 1
4446 604 1
4446 221 1
4446 2517 1
4451 2132 1
4452 1954 1
4452 3205 1
4461 1540 1
4461 4401 1
4461 3740 1
4461 3216 1
4463 522 1
4464 282 1
4465 1540 1
4471 2092 1
4471 4422 1
4471 3871 1
4472 2105 1
4472 378 1
4473 3740 1
4481 2987 1
4482 1139 1
4483 1835 1
4484 3892 1
4484 4231 1
4484 4345 1
4484 169 1
4484 2681 1
4484 3034 1
4484 1839 1
4484 3366 1
4484 616 1
4484 1553 1
4484 930 1
4484 1012 1
4486 4467 1
4487 282 1
4490 4000 1
4491 4467 1
4492 2092 1
4493 1953 1
4493 4423 1
4493 1566 1
4493 2881 1
4493 947 1
4493 2566 1
4494 2987 1
4494 2223 1
4494 3385 1
4494 595 1
4494 1584 1
4494 2334 1
4494 676 1
4498 3837 1
4508 3197 1
4511 1135 1
4511 3323 1
4511 1752 1
4511 2218 1
4511 2748 1
4511 2920 1
4512 4475 1
4512 649 1
4512 4584 1
4520 3507 1
4523 1754 1
4523 1102 1
4523 2632 1
4523 3281 1
4528 3664 1
4529 3693 1
4529 2956 1
4529 3385 1
4529 1524 1
4529 2777 1
4529 3507 1
4529 4359 1
4529 4590 1
4529 243 1
4529 4324 1
4529 358 1
4529 163 1
4529 838 1
4529 3496 1
4529 4482 1
4529 250 1
4530 765 1
4530 3871 1
4530 2469 1
4535 4422 1
4537 2131 1
4539 4449 1
4539 2059 1
4539 1566 1
4539 189 1
4539 2382 1
4539 4467 1
4539 1202 1
4539 1355 1
4539 1999 1
4539 2920 1
4539 3999 1
4547 2105 1
4548 2092 1
4549 2777 1
4549 1596 1
4550 3534 1
4552 1499 1
4552 3615 1
4553 3569 1
4555 378 1
4561 3246 1
4561 4512 1
4561 2067 1
4561 2512 1
4561 2770 1
4561 2451 1
4563 4036 1
4566 1496 1
4566 3664 1
4567 132 1
4569 1531 1
4569 3145 1
4571 3012 1
4572 997 1
4577 1566 1
4583 546 1
4584 1348 1
4584 2730 1
4586 3197 1
4590 2340 1
4592 1199 1
4592 591 1
4592 930 1
4592 4324 1
4592 3605 1
4592 833 1
4592 1506 1
4594 4524 1
4594 2041 1
4599 3992 1
4599 3569 1
4599 322 1
4599 4213 1
4599 3382 1
4599 2573 1
4599 535 1
4599 2970 1
4599 4335 1
4599 1348 1
4599 1392 1
4599 4422 1
4600 3246 1
4600 4065 1
4600 3921 1
4600 1236 1
4600 2965 1
4600 24 1
4601 997 1
4602 1862 1
4607 522 1
4608 3800 1
4612 1179 1
4612 857 1
4612 358 1
4612 1382 1
4612 2340 1
4612 2584 1
4612 1842 1
4612 1827 1
4612 4705 1
4612 464 1
4618 47 1
4618 4720 1
4618 1499 1
4619 4422 1
4632 3507 1
4632 1610 1
4634 2974 1
4636 1954 1
4636 1880 1
4636 2304 1
4636 1077 1
4636 1389 1
4636 2738 1
4636 3714 1
4636 3065 1
4641 3197 1
4642 1355 1
4643 123 1
4643 1799 1
4643 1744 1
4643 3704 1
4643 77 1
4643 29 1
4643 1139 1
4644 2484 1
4645 977 1
4645 931 1
4645 208 1
4648 2484 1
4648 2922 1
4649 726 1
4649 2731 1
4649 3979 1
4649 1621 1
4649 223 1
4649 1619 1
4649 1222 1
4649 3241 1
4649 3197 1
4649 1889 1
4649 3740 1
4649 4152 1
4649 3202 1
4649 429 1
4649 1233 1
4649 4000 1
4649 3667 1
4649 2358 1
4652 3866 1
4652 1238 1
4652 4339 1
4653 375 1
4653 4422 1
4653 399 1
4653 1547 1
4653 3145 1
4653 2873 1
4658 1122 1
4658 3871 1
4659 4345 1
4662 3546 1
4666 2105 1
4666 2605 1
4666 1813 1
4666 3446 1
4669 4021 1
4669 67 1
4670 1729 1
4671 1013 1
4672 1610 1
4672 861 1
4672 3291 1
4672 2223 1
4673 2288 1
4681 838 1
4682 3522 1
4684 2484 1
4689 1879 1
4691 4511 1
4696 2153 1
4696 4553 1
4696 3856 1
4696 4029 1
4696 2320 1
4696 4324 1
4700 3360 1
4700 1791 1
4700 1375 1
4700 3073 1
4700 4493 1
4700 4029 1
4700 2598 1
4700 258 1
4700 2674 1
4700 794 1
4700 595 1
4700 1165 1
4700 4703 1
4700 1283 1
4700 782 1
4700 4584 1
4700 3955 1
4700 1702 1
4703 4422 1
4709 3197 1
4709 1179 1
4709 826 1
4709 3817 1
4709 4669 1
4709 399 1
4709 658 1
4709 3145 1
4709 2305 1
4709 4430 1
4709 3196 1
4710 950 1
4711 4345 1
4712 3257 1
4717 238 1
4719 1540 1
4721 1969 1
4721 1129 1
4721 3615 1
4721 714 1
4721 3180 1
4721 700 1
4724 1540 1
4724 667 1
4724 4467 1
4724 2364 1
4725 4103 1
4725 45 1
4725 562 1
4725 3565 1
4726 4216 1
4726 1702 1
4726 542 1
4726 2543 1
4728 4460 1
4728 4670 1
4728 4000 1
4728 4422 1
4730 3378 1
4730 2881 1
4730 189 1
4730 3011 1
4731 3268 1
4731 4145 1
4731 3714 1
4732 1578 1
4732 1954 1
4732 3011 1
4732 2219 1
4732 2578 1
4732 1576 1
4733 4442 1
4743 3718 1
4750 3459 1
4750 1699 1
4750 3543 1
4750 3293 1
4750 3628 1
4750 3343 1
4754 989 1
4757 24 1
4757 3518 1
4758 893 1
4760 3831 1
4762 2881 1
4762 3164 1
4762 2362 1
4762 3866 1
4762 2131 1
4762 2219 1
4762 1891 1
4762 4548 1
4762 3871 1
4762 1252 1
4762 4401 1
4762 1566 1
4763 3534 1
4763 783 1
4763 720 1
4763 269 1
4765 816 1
4767 3960 1
4767 208 1
4767 3562 1
4767 3652 1
4767 1297 1
4767 898 1
4767 539 1
4767 475 1
4767 3926 1
4767 1771 1
4767 782 1
4767 1644 1
4767 701 1
4767 375 1
4767 605 1
4767 3507 1
4767 3569 1
4767 4553 1
4767 2681 1
4767 3105 1
4772 1578 1
4773 3197 1
4773 2748 1
4776 1867 1
4776 959 1
4776 1548 1
4777 2740 1
4777 436 1
4777 1476 1
4777 4511 1
4777 3562 1
4777 1858 1
4777 4674 1
4777 2197 1
4777 1214 1
4777 1945 1
4777 4614 1
4777 2727 1
4777 4486 1
4777 4423 1
4777 1139 1
4777 3197 1
4777 4449 1
4777 4553 1
4777 3186 1
4779 2577 1
4781 2180 1
4786 4182 1
4794 3912 1
4795 4122 1
4807 4206 1
4809 1181 1
4809 4158 1
4809 3603 1
4809 3450 1
4810 367 1
4810 3063 1
4810 3660 1
4810 77 1
4810 1007 1
4810 3992 1
4810 4380 1
4810 543 1
4810 3456 1
4810 3382 1
4810 1102 1
4815 2362 1
4819 3866 1
4819 2911 1
4822 1610 1
4825 4001 1
4828 1879 1
4828 3615 1
4828 362 1
4828 3507 1
4828 1105 1
4828 1891 1
4828 4423 1
4830 3241 1
4834 3075 1
4836 821 1
4842 4303 1
4842 247 1
4843 2265 1
4844 280 1
4844 2657 1
4844 2921 1
4844 3154 1
4851 378 1
4851 402 1
4851 3606 1
4851 1096 1
4854 1835 1
4856 997 1
4858 1357 1
4859 4335 1
4860 4422 1
4863 2866 1
4863 9 1
4863 546 1
4863 833 1
4865 1540 1
4865 580 1
4868 4422 1
4868 522 1
4868 3434 1
4868 3559 1
4868 4401 1
4868 1196 1
4868 1835 1
4868 9 1
4869 628 1
4869 3291 1
4869 4422 1
4869 2978 1
4869 2740 1
4869 3586 1
4869 256 1
4870 3839 1
4871 2516 1
4871 4751 1
4874 1540 1
4874 997 1
4874 417 1
4874 2251 1
4875 3464 1
4875 3021 1
4875 2784 1
4875 169 1
4875 1540 1
4875 3396 1
4875 77 1
4875 1578 1
4876 3180 1
4877 4339 1
4878 3857 1
4878 311 1
4878 1252 1
4878 1012 1
4878 4744 1
4878 1373 1
4879 3281 1
4883 1775 1
4888 2105 1
4888 4589 1
4889 3795 1
4892 2866 1
4892 833 1
4892 155 1
4892 3488 1
4892 27 1
4892 782 1
4895 628 1
4896 1643 1
4896 411 1
4896 2272 1
4896 2637 1
4899 2920 1
4902 2981 1
4902 2540 1
4902 3864 1
4902 1348 1
4902 282 1
4902 4268 1
4909 27 1
4909 679 1
4909 9 1
4911 3489 1
4911 4460 1
4911 1699 1
4911 4548 1
4911 1286 1
4911 4542 1
4911 3459 1
4911 4286 1
4914 1006 1
4914 707 1
4914 1064 1
4914 689 1
4915 1763 1
4921 3534 1
4921 1954 1
4924 1578 1
4926 2092 1
4926 378 1
4926 282 1
4926 4744 1
4926 2382 1
4926 1835 1
4929 4401 1
4930 483 1
4930 3450 1
4937 2334 1
4939 1203 1
4941 1002 1
4941 931 1
4941 4159 1
4941 3247 1
4941 2987 1
4941 4444 1
4941 3919 1
4941 3904 1
4941 2092 1
4941 4545 1
4941 3385 1
4947 3018 1
4948 1902 1
4948 4584 1
4948 2740 1
4950 4379 1
4950 2586 1
4950 4017 1
4950 1474 1
4950 2296 1
4950 622 1
4950 1196 1
4950 3631 1
4950 840 1
4950 2751 1
4951 1499 1
4951 2448 1
4951 2577 1
4951 2913 1
4951 3426 1
4951 1179 1
4951 3787 1
4951 2748 1
4951 223 1
4951 4395 1
4956 402 1
4962 3787 1
4965 222 1
4965 4036 1
4965 1327 1
4966 3534 1
4969 456 1
4969 2573 1
4971 247 1
4971 4744 1
4973 2573 1
4978 1954 1
4982 2092 1
4987 3714 1
4989 3154 1
4990 4213 1
4992 3507 1
4992 4000 1
4992 4179 1
4992 522 1
4993 3241 1
4995 3153 1
4998 4449 1
4998 3044 1
5000 2105 1
5001 3241 1
5002 2785 1
5002 421 1
5008 3874 1
5008 3458 1
5008 4756 1
5008 1651 1
5008 4703 1
5008 146 1
5008 2333 1
5008 142 1
5008 1750 1
5009 1763 1
5009 3241 1
5009 2340 1
5010 1196 1
5015 4548 1
5030 4123 1
5030 1578 1
5030 556 1
5030 2448 1
5030 2304 1
5031 1931 1
5039 3580 1
5042 816 1
5043 1041 1
5043 2780 1
5043 1166 1
5044 775 1
5044 930 1
5044 1224 1
5044 3534 1
5044 4159 1
5044 665 1
5046 2219 1
5049 1236 1
5050 3613 1
5050 842 1
5051 247 1
5051 1139 1
5051 4367 1
5053 3291 1
5053 4104 1
5055 4422 1
5061 3534 1
5062 3197 1
5066 2358 1
5067 3891 1
5067 4159 1
5067 223 1
5067 2092 1
5067 486 1
5067 2025 1
5072 4424 1
5075 2273 1
5081 2382 1
5081 2219 1
5082 4423 1
5082 3667 1
5082 4485 1
5082 1578 1
5082 3714 1
5082 3241 1
5082 27 1
5082 838 1
5082 3102 1
5082 1502 1
5082 4467 1
5082 4216 1
5085 1596 1
5085 3606 1
5085 4401 1
5085 1600 1
5085 4459 1
5085 3267 1
5085 1879 1
5087 3154 1
5087 378 1
5090 256 1
5092 997 1
5092 1540 1
5092 1139 1
5096 2956 1
5096 4001 1
5096 1702 1
5096 3831 1
5099 4303 1
5105 3223 1
5107 3172 1
5109 4146 1
5111 3562 1
5111 337 1
5113 2996 1
5114 782 1
5114 3126 1
5114 3866 1
5114 27 1
5118 2907 1
5118 3567 1
5118 46 1
5118 4021 1
5118 3281 1
5118 4299 1
5118 358 1
5118 1362 1
5118 3932 1
5126 3546 1
5127 3197 1
5127 24 1
5127 4017 1
5127 3281 1
5128 3669 1
5128 4670 1
5128 3329 1
5128 95 1
5128 3698 1
5128 326 1
5128 1578 1
5128 2023 1
5128 1902 1
5128 3561 1
5128 2784 1
5128 475 1
5128 2954 1
5128 258 1
5129 2748 1
5133 282 1
5133 898 1
5134 3089 1
5137 3489 1
5138 4064 1
5138 1826 1
5138 4540 1
5138 989 1
5138 3401 1
5138 3126 1
5138 2704 1
5138 149 1
5138 1256 1
5138 996 1
5139 3241 1
5140 1169 1
5141 3795 1
5146 1902 1
5147 3049 1
5147 3507 1
5152 4401 1
5152 3483 1
5152 2987 1
5152 3378 1
5154 1324 1
5155 3534 1
5157 4266 1
5159 4339 1
5159 1236 1
5159 2577 1
5159 1169 1
5159 878 1
5160 535 1
5160 775 1
5160 1621 1
5161 4380 1
5163 2362 1
5164 653 1
5164 3385 1
5164 671 1
5164 2618 1
5164 3282 1
5164 3378 1
5164 2731 1
5164 152 1
5164 4670 1
5164 3274 1
5164 53 1
5164 4018 1
5164 3562 1
5164 3780 1
5164 765 1
5164 4036 1
5164 1945 1
5164 2092 1
5164 4173 1
5164 2039 1
5169 4097 1
5169 874 1
5169 2763 1
5169 878 1
5169 4043 1
5169 3385 1
5170 2577 1
5170 1105 1
5171 3507 1
5176 1540 1
5176 2577 1
5176 2311 1
5177 2265 1
5177 2536 1
5178 4401 1
5179 330 1
5181 2092 1
5185 3012 1
5185 4345 1
5185 3562 1
5185 456 1
5185 3095 1
5185 3426 1
5190 2173 1
5190 4511 1
5190 1857 1
5190 427 1
5190 1879 1
5190 3272 1
5190 2391 1
5190 947 1
5190 4436 1
5190 2998 1
5191 4333 1
5191 1071 1
5191 4000 1
5191 3999 1
5191 1077 1
5191 3401 1
5205 4001 1
5205 1578 1
5209 67 1
5210 2039 1
5211 419 1
5211 2768 1
5211 521 1
5211 2069 1
5211 3712 1
5211 4361 1
5211 546 1
5211 4565 1
5211 907 1
5211 2908 1
5211 3427 1
5211 4702 1
5211 4385 1
5211 3416 1
5211 2085 1
5211 3214 1
5211 825 1
5211 423 1
5212 3399 1
5214 3197 1
5214 12 1
5214 2748 1
5214 404 1
5214 3406 1
5214 3469 1
5214 3837 1
5214 628 1
5214 1387 1
5214 535 1
5214 4475 1
5214 304 1
5214 2295 1
5214 4484 1
5214 1594 1
5214 1192 1
5214 1972 1
5214 2092 1
5214 4670 1
5214 3026 1
5216 3522 1
5218 4475 1
5220 2777 1
5220 2136 1
5220 2273 1
5220 3135 1
5220 522 1
5220 2092 1
5220 3012 1
5220 1105 1
5220 3489 1
5220 1763 1
5220 3837 1
5220 2484 1
5220 1759 1
5220 4061 1
5220 3522 1
5220 2816 1
5220 1954 1
5220 3565 1
5220 1118 1
5220 1236 1
5221 2474 1
5221 2578 1
5221 4422 1
5221 1309 1
5221 3740 1
5221 1203 1
5221 242 1
5221 1646 1
5221 4523 1
5221 1345 1
5221 2464 1
5221 4206 1
5221 2740 1
5221 421 1
5221 1012 1
5221 1896 1
5221 4367 1
5221 3378 1
5221 4064 1
5222 2002 1
5222 3638 1
5222 3489 1
5223 3196 1
5223 3246 1
5224 2577 1
5224 378 1
5225 1096 1
5225 4548 1
5230 1646 1
5235 1122 1
5239 2475 1
5246 4072 1
5248 24 1
5250 2305 1
5250 4422 1
5251 3188 1
5251 3293 1
5251 2318 1
5253 3197 1
5256 1790 1
5256 3967 1
5258 411 1
5259 1506 1
5264 4714 1
5265 1348 1
5265 4444 1
5267 4422 1
5268 3999 1
5268 816 1
5268 2021 1
5268 1354 1
5270 3967 1
5271 376 1
5278 459 1
5278 2092 1
5278 90 1
5278 263 1
5281 4562 1
5287 2577 1
5290 3799 1
5290 1499 1
5290 24 1
5290 2850 1
5290 239 1
5291 1196 1
5292 1610 1
5294 930 1
5294 2924 1
5294 2920 1
5294 2092 1
5294 1406 1
5294 2329 1
5294 2860 1
5294 2299 1
5294 1896 1
5294 4102 1
5294 3401 1
5294 3870 1
5294 1354 1
5294 33 1
5297 1203 1
5297 2092 1
5297 3569 1
5297 1759 1
5300 2850 1
5300 3075 1
5305 4339 1
5305 2474 1
5305 3241 1
5305 647 1
5305 3562 1
5305 1077 1
5305 3534 1
5305 1826 1
5305 1759 1
5305 1647 1
5305 1902 1
5305 1505 1
5305 1355 1
5305 247 1
5305 2358 1
5305 1763 1
5305 3866 1
5305 2131 1
5306 952 1
5307 2234 1
5308 1122 1
5313 997 1
5319 2590 1
5320 3197 1
5321 1540 1
5322 1578 1
5322 2092 1
5324 4548 1
5328 4659 1
5336 3811 1
5336 1966 1
5338 917 1
5339 358 1
5339 562 1
5339 27 1
5343 2920 1
5347 3196 1
5353 1879 1
5353 3871 1
5354 1505 1
5354 1135 1
5354 1224 1
5357 3714 1
5357 720 1
5357 1540 1
5357 4663 1
5357 359 1
5357 700 1
5359 3444 1
5363 1578 1
5363 2577 1
5363 4159 1
5363 1646 1
5368 256 1
5368 4422 1
5370 4422 1
5371 2239 1
5375 4022 1
5375 3411 1
5375 421 1
5375 790 1
5379 952 1
5382 1540 1
5387 3559 1
5387 1139 1
5387 764 1
5390 1348 1
5390 1428 1
5390 2105 1
5390 4339 1
5390 1156 1
5390 3921 1
5390 3450 1
5390 2728 1
5390 930 1
5390 3259 1
5391 1238 1
5391 1118 1
5391 1646 1
5391 633 1
5392 3605 1
5392 1214 1
5392 2407 1
5392 3109 1
5401 1197 1
5401 1561 1
5401 4757 1
5405 1077 1
5405 1594 1
5406 4159 1
5411 1077 1
5412 3787 1
5413 2920 1
5421 3010 1
5424 3866 1
5425 3018 1
5429 4367 1
5429 1952 1
5429 2813 1
5429 1153 1
5429 2358 1
5429 564 1
5429 4192 1
5430 2131 1
5430 3561 1
5432 989 1
5438 4159 1
5442 3704 1
5442 1996 1
5442 2050 1
5442 1348 1
5444 4324 1
5444 1644 1
5444 932 1
5444 2732 1
5444 4029 1
5444 4444 1
5446 3075 1
5447 1139 1
5452 3285 1
5454 3562 1
5456 1198 1
5461 1544 1
5462 801 1
5464 2506 1
5465 307 1
5465 2219 1
5465 691 1
5465 1117 1
5465 4560 1
5465 4744 1
5465 3829 1
5465 4661 1
5465 4438 1
5465 14 1
5465 3154 1
5465 3254 1
5465 1679 1
5467 2092 1
5471 27 1
5474 3300 1
5475 1886 1
5475 3306 1
5477 645 1
5477 1540 1
5479 3507 1
5485 36 1
5488 417 1
5488 3561 1
5488 4148 1
5489 1202 1
5489 4744 1
5489 4124 1
5489 4122 1
5491 1012 1
5495 2239 1
5496 3049 1
5500 358 1
5500 1094 1
5500 2477 1
5500 223 1
5500 256 1
5500 4467 1
5501 4072 1
5501 3197 1
5501 3026 1
5501 436 1
5507 240 1
5508 619 1
5510 1179 1
5516 337 1
5516 4584 1
5521 2148 1
5521 3972 1
5521 3329 1
5523 720 1
5524 2748 1
5525 3999 1
5525 4054 1
5525 1511 1
5525 4519 1
5525 247 1
5525 1578 1
5525 2092 1
5525 2484 1
5525 3507 1
5525 2305 1
5525 3308 1
5526 1474 1
5527 1348 1
5528 2873 1
5529 3567 1
5529 3233 1
5529 2763 1
5529 1712 1
5529 4405 1
5529 1999 1
5529 3246 1
5529 3930 1
5529 3686 1
5529 989 1
5531 1594 1
5536 4380 1
5536 4659 1
5536 4009 1
5536 371 1
5536 3866 1
5536 765 1
5536 1324 1
5536 3293 1
5536 1696 1
5536 3246 1
5536 4674 1
5537 3241 1
5537 1110 1
5537 2683 1
5537 4548 1
5538 1833 1
5538 3241 1
5538 152 1
5545 295 1
5545 46 1
5545 1139 1
5545 378 1
5545 1506 1
5545 2577 1
5545 1236 1
5545 3656 1
5545 989 1
5545 1996 1
5545 3233 1
5545 1610 1
5545 3543 1
5545 653 1
5545 2124 1
5545 931 1
5545 1621 1
5545 4744 1
5548 1077 1
5549 2131 1
5550 2044 1
5550 429 1
5550 847 1
5550 878 1
5550 2313 1
5550 3718 1
5550 2577 1
5550 3537 1
5550 4449 1
5550 1252 1
5550 3197 1
5550 399 1
5550 1476 1
5555 3241 1
5563 221 1
5565 362 1
5565 1499 1
5569 782 1
5569 2170 1
5569 1968 1
5569 1119 1
5570 3241 1
5576 27 1
5578 4696 1
5580 2307 1
5591 1977 1
5592 3912 1
5593 1703 1
5593 1840 1
5593 4345 1
5597 4424 1
5602 4572 1
5604 1203 1
5611 1835 1
5611 2195 1
5611 107 1
5611 516 1
5611 326 1
5611 1499 1
5611 4422 1
5611 3562 1
5614 3450 1
5614 3196 1
5614 2763 1
5614 3034 1
5614 4001 1
5614 1570 1
5614 2131 1
5614 1071 1
5615 2234 1
5616 4661 1
5616 2148 1
5616 1703 1
5616 861 1
5616 2956 1
5616 223 1
5616 2925 1
5616 3305 1
5619 1222 1
5619 3859 1
5620 2092 1
5623 45 1
5623 375 1
5623 27 1
5628 3150 1
5635 2971 1
5635 3878 1
5635 399 1
5635 2028 1
5637 1121 1
5637 4755 1
5637 4072 1
5637 4389 1
5637 318 1
5637 1505 1
5637 821 1
5637 1170 1
5637 2763 1
5637 1566 1
5637 3566 1
5642 4584 1
5646 1892 1
5649 330 1
5649 3452 1
5649 3972 1
5649 4548 1
5649 893 1
5649 1588 1
5653 4670 1
5653 2148 1
5653 436 1
5653 632 1
5654 4303 1
5657 2018 1
5658 1954 1
5658 3534 1
5658 2753 1
5658 3382 1
5662 801 1
5662 3638 1
5662 358 1
5662 2614 1
5662 4523 1
5663 1198 1
5665 223 1
5667 3498 1
5669 3540 1
5669 2710 1
5669 4040 1
5670 633 1
5672 3824 1
5672 3731 1
5672 2956 1
5673 1721 1
5673 3385 1
5673 109 1
5673 755 1
5673 45 1
5673 2807 1
5673 595 1
5673 4029 1
5673 2908 1
5673 794 1
5673 4444 1
5673 3452 1
5673 1883 1
5673 1115 1
5673 9 1
5673 419 1
5673 4478 1
5673 1952 1
5673 1996 1
5673 2354 1
5678 2542 1
5681 3241 1
5682 2577 1
5692 4670 1
5696 2092 1
5697 1954 1
5700 3399 1
5700 199 1
5700 4181 1
5700 436 1
5700 1433 1
5700 1217 1
5700 1677 1
5704 2092 1
5705 4467 1
5707 3669 1
5707 1505 1
5707 3534 1
5707 2092 1
5707 1540 1
5707 330 1
5709 1218 1
5709 865 1
5709 4422 1
5715 3011 1
5715 3274 1
5715 350 1
5717 1644 1
5717 443 1
5717 208 1
5717 2740 1
5717 4179 1
5717 3103 1
5717 1072 1
5717 146 1
5717 199 1
5717 1700 1
5717 2305 1
5717 2013 1
5718 1540 1
5724 3197 1
5725 4467 1
5725 3566 1
5725 3534 1
5725 924 1
5725 4605 1
5725 330 1
5725 247 1
5725 3301 1
5725 3999 1
5725 1621 1
5725 3507 1
5725 4036 1
5725 402 1
5725 4369 1
5725 4072 1
5725 3241 1
5725 1578 1
5725 4206 1
5727 1596 1
5737 4080 1
5737 790 1
5744 3329 1
5744 1610 1
5744 1578 1
5744 2351 1
5744 3196 1
5744 2335 1
5748 2987 1
5748 4159 1
5748 3972 1
5748 1619 1
5748 3386 1
5748 2362 1
5750 3871 1
5750 1566 1
5750 3450 1
5750 3866 1
5750 2577 1
5750 1699 1
5750 3241 1
5750 1624 1
5753 3824 1
5757 4548 1
5761 4422 1
5763 1122 1
5764 4122 1
5764 4659 1
5764 1745 1
5764 2540 1
5766 3866 1
5770 4467 1
5770 1118 1
5773 4512 1
5773 1566 1
5780 1135 1
5781 350 1
5782 3385 1
5782 4352 1
5782 223 1
5782 1683 1
5782 4306 1
5782 146 1
5782 1968 1
5782 1295 1
5782 1011 1
5782 1763 1
5782 2807 1
5782 1952 1
5783 1468 1
5783 3871 1
5783 3561 1
5783 3562 1
5784 3687 1
5784 3530 1
5784 983 1
5784 3197 1
5790 2039 1
5792 3690 1
5792 3165 1
5792 2751 1
5792 4678 1
5792 1297 1
5792 3418 1
5792 574 1
5792 50 1
5792 1681 1
5792 1369 1
5792 4027 1
5792 2464 1
5792 3318 1
5792 2159 1
5795 3871 1
5795 3636 1
5795 187 1
5795 1825 1
5795 1954 1
5795 3135 1
5795 2881 1
5795 569 1
5795 1945 1
5795 393 1
5795 1857 1
5796 2996 1
5798 2577 1
5800 1540 1
5801 930 1
5801 2092 1
5801 3077 1
5801 4298 1
5813 1540 1
5816 1224 1
5817 3102 1
5821 326 1
5821 1578 1
5826 375 1
5827 3537 1
5827 1207 1
5827 2595 1
5827 1199 1
5827 2386 1
5827 443 1
5829 3999 1
5829 4401 1
5829 1958 1
5829 1624 1
5829 3272 1
5829 3698 1
5833 137 1
5836 2987 1
5837 3561 1
5837 930 1
5838 1803 1
5838 3267 1
5838 3787 1
5840 1610 1
5840 1769 1
5844 2092 1
5845 67 1
5847 475 1
5848 2275 1
5848 3714 1
5854 350 1
5860 1889 1
5860 4330 1
5860 1105 1
5860 2568 1
5860 463 1
5860 2352 1
5860 898 1
5860 989 1
5860 4491 1
5860 3098 1
5863 3473 1
5866 3904 1
5869 3897 1
5870 3240 1
5870 4467 1
5870 1594 1
5870 4422 1
5870 421 1
5872 1575 1
5873 2983 1
5873 1540 1
5875 362 1
5878 1582 1
5879 1373 1
5879 2544 1
5879 1805 1
5879 1601 1
5879 73 1
5886 3520 1
5887 4159 1
5888 2340 1
5889 3837 1
5889 1179 1
5889 3866 1
5889 4122 1
5889 1077 1
5889 1073 1
5889 1902 1
5889 3489 1
5895 2655 1
5896 1243 1
5896 2866 1
5896 293 1
5896 4043 1
5897 291 1
5899 985 1
5899 4167 1
5899 3076 1
5899 4201 1
5901 3534 1
5902 4744 1
5903 2577 1
5903 161 1
5905 1773 1
5906 3507 1
5906 2748 1
5907 1553 1
5907 4401 1
5907 2382 1
5907 2577 1
5913 2105 1
5913 4242 1
5913 3667 1
5913 1961 1
5914 1896 1
5914 4111 1
5914 3739 1
5920 2342 1
5921 2275 1
5923 372 1
5923 1297 1
5924 2094 1
5934 3815 1
5942 1238 1
5942 2376 1
5942 2092 1
5942 2475 1
5942 4752 1
5942 3447 1
5942 3197 1
5943 375 1
5944 1757 1
5946 4449 1
5947 1013 1
5951 223 1
5951 1835 1
5951 2577 1
5951 3154 1
5954 2730 1
5954 3520 1
5960 1505 1
5964 4524 1
5965 4072 1
5969 3291 1
5973 3469 1
5973 183 1
5973 2970 1
5973 2740 1
5973 4497 1
5973 1835 1
5973 169 1
5973 3329 1
5973 3197 1
5974 1540 1
5975 1578 1
5975 1566 1
5981 3453 1
5983 4024 1
5987 3884 1
5987 3196 1
5987 2705 1
5987 1096 1
5987 997 1
5987 3569 1
5987 1600 1
5987 24 1
5987 2159 1
5987 4744 1
5988 2251 1
5990 9 1
5990 375 1
5990 95 1
5992 4422 1
5996 1822 1
5996 558 1
5996 36 1
5996 3452 1
5996 1472 1
5997 46 1
5997 1238 1
5997 2070 1
5997 1505 1
5997 3534 1
5997 2850 1
5998 1610 1
6001 4072 1
6003 3866 1
6004 2920 1
6004 2850 1
6004 224 1
6004 1224 1
6008 2773 1
6011 4422 1
6012 4401 1
6015 3234 1
6015 2681 1
6015 3154 1
6015 95 1
6016 616 1
6016 3871 1
6016 362 1
6016 4740 1
6016 2071 1
6016 3521 1
6016 2759 1
6016 3277 1
6016 475 1
6016 2881 1
6016 1077 1
6016 2113 1
6016 359 1
6016 2382 1
6016 4021 1
6016 4401 1
6016 2345 1
6016 2079 1
6016 4212 1
6019 1077 1
6021 3197 1
6021 3154 1
6026 3378 1
6026 893 1
6026 1833 1
6026 3241 1
6027 782 1
6030 1964 1
6030 3272 1
6031 375 1
6031 247 1
6031 3487 1
6031 4250 1
6031 1203 1
6031 339 1
6031 2981 1
6031 4113 1
6031 1917 1
6031 1118 1
6031 2101 1
6033 3291 1
6036 169 1
6036 1759 1
6036 2577 1
6036 2039 1
6036 1610 1
6039 676 1
6039 4115 1
6039 2188 1
6039 2082 1
6039 4394 1
6039 1763 1
6039 3837 1
6039 4756 1
6039 2273 1
6039 1610 1
6039 3267 1
6039 861 1
6039 3954 1
6039 1605 1
6039 330 1
6039 1972 1
6039 3522 1
6039 1575 1
6039 2305 1
6043 2092 1
6044 375 1
6044 1610 1
6044 1540 1
6050 720 1
6050 3698 1
6050 868 1
6050 2530 1
6051 3291 1
6051 2092 1
6055 3791 1
6055 371 1
6055 432 1
6055 1354 1
6055 3291 1
6055 4389 1
6055 40 1
6055 4040 1
6055 3562 1
6055 4548 1
6055 4273 1
6055 3375 1
6055 3569 1
6055 3210 1
6055 4024 1
6055 2822 1
6055 3698 1
6055 3382 1
6057 3752 1
6057 1540 1
6057 2260 1
6061 2577 1
6065 4444 1
6066 2328 1
6067 3200 1
6067 2577 1
6067 221 1
6067 3450 1
6067 2908 1
6071 2079 1
6071 1699 1
6071 765 1
6074 3267 1
6074 3399 1
6074 1619 1
6075 3241 1
6075 1954 1
6075 883 1
6075 1886 1
6075 4744 1
6075 1879 1
6075 1492 1
6075 1835 1
6075 2131 1
6079 4401 1
6081 3401 1
6082 1954 1
6083 161 1
6084 1396 1
6089 2070 1
6090 3205 1
6093 4744 1
6095 1110 1
6100 1196 1
6100 248 1
6100 745 1
6100 4684 1
6100 1761 1
6100 399 1
6100 4432 1
6100 2296 1
6100 4143 1
6100 1116 1
6100 2118 1
6100 970 1
6100 1582 1
6100 1243 1
6103 378 1
6103 2715 1
6103 2430 1
6103 4018 1
6103 765 1
6103 3489 1
6104 1610 1
6109 997 1
6110 1727 1
6111 4422 1
6113 4339 1
6113 376 1
6113 4430 1
6113 1169 1
6113 117 1
6113 2061 1
6113 3196 1
6113 4212 1
6113 720 1
6113 1324 1
6117 4024 1
6120 4364 1
6120 2969 1
6121 3638 1
6121 3012 1
6121 816 1
6121 1086 1
6121 3009 1
6121 3498 1
6121 3109 1
6121 4003 1
6121 4162 1
6123 2299 1
6125 1390 1
6125 375 1
6126 2748 1
6133 3628 1
6133 2878 1
6133 187 1
6133 790 1
6133 2219 1
6133 3456 1
6133 3164 1
6133 4436 1
6133 3866 1
6133 2920 1
6133 3967 1
6133 3489 1
6133 4423 1
6133 4009 1
6133 1945 1
6133 2475 1
6133 1224 1
6133 1857 1
6135 3106 1
6138 555 1
6138 653 1
6141 3507 1
6141 475 1
6151 4475 1
6152 1644 1
6152 2816 1
6152 3930 1
6154 3241 1
6159 3385 1
6160 282 1
6160 2681 1
6161 837 1
6165 2092 1
6167 1945 1
6168 3154 1
6168 3197 1
6168 2577 1
6170 2299 1
6170 4467 1
6170 893 1
6175 3534 1
6178 3368 1
6179 1348 1
6179 4744 1
6180 898 1
6185 3196 1
6185 1105 1
6187 2039 1
6188 3450 1
6190 2092 1
6191 2573 1
6200 3011 1
6201 3653 1
6201 3936 1
6201 1105 1
6201 4242 1
6205 3281 1
6205 4606 1
6205 1012 1
6208 3035 1
6208 1915 1
6208 3526 1
6208 2704 1
6208 1644 1
6208 546 1
6208 4640 1
6208 4498 1
6210 2907 1
6210 535 1
6210 3713 1
6210 3044 1
6214 878 1
6214 27 1
6214 760 1
6214 1978 1
6214 2577 1
6214 4553 1
6214 3693 1
6214 4113 1
6214 4083 1
6214 1761 1
6214 4579 1
6214 419 1
6214 1902 1
6214 546 1
6214 595 1
6214 4631 1
6215 3274 1
6215 1105 1
6218 2382 1
6218 4346 1
6218 4422 1
6218 77 1
6218 1610 1
6218 4670 1
6218 1285 1
6218 3291 1
6219 4422 1
6222 3853 1
6222 1824 1
6222 2163 1
6222 2943 1
6222 3805 1
6222 2023 1
6224 378 1
6225 1359 1
6225 2044 1
6225 3897 1
6227 604 1
6230 2382 1
6235 4266 1
6235 1763 1
6235 1203 1
6235 893 1
6235 3450 1
6240 4133 1
6241 378 1
6243 3196 1
6243 3562 1
6243 3669 1
6243 353 1
6246 3857 1
6247 4358 1
6247 4423 1
6247 2358 1
6247 1594 1
6254 3687 1
6254 631 1
6254 2921 1
6254 4627 1
6254 1983 1
6254 844 1
6254 4542 1
6254 2853 1
6254 3787 1
6254 1071 1
6254 242 1
6254 222 1
6254 4482 1
6254 2360 1
6254 3615 1
6254 3811 1
6254 4557 1
6254 4491 1
6254 421 1
6255 2032 1
6255 1742 1
6255 2571 1
6255 3817 1
6259 132 1
6259 3972 1
6259 4727 1
6259 1711 1
6259 3175 1
6259 478 1
6259 2136 1
6259 143 1
6259 2518 1
6263 1373 1
6264 3864 1
6273 358 1
6273 3197 1
6273 4237 1
6273 3026 1
6273 2451 1
6273 4647 1
6273 330 1
6278 3740 1
6278 951 1
6278 2577 1
6278 522 1
6278 2131 1
6278 1540 1
6281 1699 1
6282 1540 1
6282 375 1
6282 2313 1
6283 2956 1
6284 3852 1
6289 1072 1
6298 3489 1
6298 2402 1
6298 790 1
6298 187 1
6299 3377 1
6300 3212 1
6300 3787 1
6300 3847 1
6300 2731 1
6300 3329 1
6300 4000 1
6300 3561 1
6300 555 1
6300 2577 1
6302 3567 1
6305 1578 1
6307 3714 1
6310 60 1
6312 3197 1
6312 4359 1
6315 2173 1
6315 375 1
6315 2443 1
6315 4021 1
6319 3450 1
6322 2075 1
6322 2578 1
6322 2406 1
6322 2898 1
6323 3241 1
6324 3348 1
6324 1135 1
6326 3562 1
6327 1122 1
6327 3837 1
6327 4422 1
6327 4670 1
6327 1902 1
6334 1540 1
6335 4339 1
6340 907 1
6341 1236 1
6341 4401 1
6341 3562 1
6341 3837 1
6341 3972 1
6346 782 1
6347 4553 1
6347 4467 1
6347 535 1
6347 4422 1
6350 714 1
6350 1236 1
6350 2382 1
6350 375 1
6351 4422 1
6351 2748 1
6351 2250 1
6359 4744 1
6370 2749 1
6370 4176 1
6370 4422 1
6370 997 1
6370 863 1
6372 3714 1
6372 3011 1
6373 4141 1
6373 833 1
6375 4401 1
6376 2112 1
6376 605 1
6376 1706 1
6376 4670 1
6376 18 1
6376 4647 1
6376 1013 1
6376 1505 1
6376 888 1
6376 3164 1
6376 2859 1
6376 2606 1
6378 24 1
6380 1892 1
6382 3871 1
6384 997 1
6388 2094 1
6388 4244 1
6388 1285 1
6388 3241 1
6388 4401 1
6388 3188 1
6388 2250 1
6397 161 1
6401 3972 1
6404 628 1
6409 4147 1
6416 535 1
6416 838 1
6416 1931 1
6416 102 1
6416 4589 1
6416 1116 1
6416 3736 1
6416 1300 1
6416 4086 1
6416 4467 1
6418 3197 1
6421 2956 1
6421 1902 1
6421 1759 1
6421 1763 1
6421 2577 1
6421 1578 1
6421 4422 1
6421 2697 1
6421 2730 1
6421 1007 1
6422 3126 1
6422 1759 1
6422 3686 1
6422 4401 1
6422 4475 1
6422 816 1
6422 893 1
6422 116 1
6427 1502 1
6427 930 1
6427 2705 1
6427 4696 1
6427 658 1
6427 3009 1
6430 1902 1
6430 720 1
6430 3999 1
6430 2577 1
6430 2273 1
6434 3154 1
6434 4548 1
6434 4401 1
6436 3507 1
6437 4696 1
6443 3972 1
6448 1122 1
6448 3489 1
6448 2484 1
6448 4460 1
6448 4009 1
6448 1096 1
6448 1971 1
6448 3378 1
6448 1071 1
6448 2342 1
6449 4024 1
6451 1540 1
6451 3972 1
6451 1835 1
6451 2092 1
6453 1553 1
6453 3534 1
6453 1236 1
6453 3972 1
6458 2748 1
6458 838 1
6458 1733 1
6458 1931 1
6458 2956 1
6458 4171 1
6460 765 1
6460 2173 1
6460 362 1
6460 2881 1
6460 940 1
6460 220 1
6460 2131 1
6460 4127 1
6460 4009 1
6460 3011 1
6460 2219 1
6460 2988 1
6460 1891 1
6462 816 1
6462 4519 1
6462 2044 1
6462 1600 1
6462 2092 1
6462 4401 1
6462 3669 1
6462 3972 1
6463 1115 1
6464 326 1
6464 2577 1
6464 1891 1
6464 893 1
6464 1610 1
6464 3615 1
6464 2219 1
6469 1769 1
6469 4213 1
6469 2069 1
6469 282 1
6471 4356 1
6471 4615 1
6472 1763 1
6472 1756 1
6472 2092 1
6472 2414 1
6472 931 1
6473 2875 1
6473 3664 1
6473 4000 1
6473 1763 1
6474 689 1
6475 4542 1
6475 4422 1
6478 291 1
6478 2522 1
6478 711 1
6478 3464 1
6478 3441 1
6478 3254 1
6480 2577 1
6483 256 1
6484 3945 1
6487 3373 1
6489 2530 1
6494 4422 1
6496 4380 1
6496 4286 1
6496 2159 1
6496 3866 1
6496 3534 1
6498 375 1
6501 3197 1
6501 2061 1
6501 1127 1
6501 1892 1
6501 2180 1
6502 3967 1
6502 714 1
6502 1118 1
6502 3489 1
6503 2921 1
6505 378 1
6510 2092 1
6515 2159 1
6521 375 1
6521 1594 1
6525 4562 1
6527 542 1
6532 3441 1
6534 3241 1
6534 1214 1
6534 2009 1
6534 2873 1
6534 417 1
6534 358 1
6534 2577 1
6534 1616 1
6534 3713 1
6534 1686 1
6535 1203 1
6535 535 1
6536 2525 1
6536 4266 1
6537 2956 1
6539 2770 1
6539 3197 1
6543 1548 1
6543 113 1
6543 4422 1
6543 1236 1
6543 3537 1
6543 2658 1
6549 378 1
6551 3352 1
6555 2067 1
6556 3254 1
6558 2966 1
6563 1286 1
6563 3680 1
6563 3824 1
6566 2474 1
6566 1646 1
6566 3300 1
6567 2639 1
6568 4744 1
6568 3667 1
6568 3196 1
6575 1531 1
6575 821 1
6575 1192 1
6575 456 1
6575 4306 1
6575 2295 1
6576 3498 1
6576 2996 1
6576 2039 1
6576 1324 1
6578 4465 1
6581 2577 1
6581 3866 1
6581 3713 1
6581 3562 1
6581 714 1
6586 3274 1
6586 3740 1
6589 3559 1
6589 3196 1
6589 2677 1
6589 2105 1
6589 4467 1
6589 4521 1
6589 24 1
6589 3450 1
6589 1373 1
6589 1076 1
6590 1350 1
6590 2748 1
6590 2305 1
6590 1199 1
6590 3205 1
6591 2217 1
6593 1118 1
6597 1540 1
6601 1835 1
6604 1540 1
6605 4603 1
6605 3810 1
6605 4664 1
6605 4000 1
6605 4751 1
6608 2484 1
6610 3871 1
6613 4298 1
6620 2357 1
6620 295 1
6620 1958 1
6620 2362 1
6620 671 1
6625 2393 1
6627 4467 1
6627 2577 1
6631 2496 1
6633 3452 1
6633 1621 1
6633 4000 1
6633 4422 1
6642 493 1
6642 4744 1
6642 3787 1
6642 2484 1
6642 2853 1
6642 1540 1
6643 2594 1
6643 4000 1
6643 3456 1
6654 2785 1
6654 893 1
6654 3866 1
6654 1122 1
6656 1953 1
6656 1105 1
6656 2578 1
6656 3967 1
6656 893 1
6656 714 1
6656 4009 1
6656 3857 1
6656 3378 1
6656 446 1
6656 4187 1
6656 3714 1
6656 906 1
6656 1624 1
6656 3831 1
6656 2219 1
6656 372 1
6656 1077 1
6656 3459 1
6657 3196 1
6665 2092 1
6666 55 1
6671 591 1
6671 2938 1
6671 208 1
6671 4086 1
6675 337 1
6675 1077 1
6678 1954 1
6679 378 1
6680 1512 1
6680 2612 1
6680 1540 1
6686 4553 1
6690 1033 1
6694 939 1
6698 2578 1
6706 1849 1
6707 3638 1
6707 3857 1
6707 2748 1
6707 1724 1
6707 1857 1
6712 3841 1
6712 838 1
6712 3399 1
6712 522 1
6714 3399 1
6714 4036 1
6714 1750 1
6714 628 1
6714 2763 1
6714 3979 1
6714 2773 1
6715 1224 1
6715 4434 1
6715 633 1
6719 3233 1
6720 2159 1
6722 2275 1
6723 4339 1
6728 637 1
6728 4114 1
6732 2105 1
6732 1116 1
6732 2595 1
6733 4308 1
6742 714 1
6742 1522 1
6743 1640 1
6744 143 1
6749 968 1
6750 32 1
6754 4622 1
6755 3603 1
6756 1531 1
6757 1540 1
6758 583 1
6760 2402 1
6760 1077 1
6762 1540 1
6762 2028 1
6762 4422 1
6762 225 1
6762 27 1
6764 3346 1
6765 2965 1
6768 3854 1
6768 3864 1
6768 744 1
6768 1324 1
6768 3787 1
6768 4371 1
6770 1540 1
6773 2578 1
6773 774 1
6774 2219 1
6776 314 1
6779 2586 1
6779 3378 1
6779 189 1
6780 2039 1
6781 2786 1
6784 4302 1
6784 1401 1
6784 3507 1
6788 3795 1
6794 2612 1
6794 4159 1
6794 4102 1
6794 1601 1
6794 522 1
6794 2987 1
6794 3999 1
6794 57 1
6794 2393 1
6794 4021 1
6794 2382 1
6794 989 1
6794 4498 1
6794 1218 1
6794 454 1
6794 3522 1
6794 1863 1
6794 1540 1
6794 790 1
6796 1739 1
6798 2851 1
6798 645 1
6798 730 1
6798 3534 1
6798 247 1
6798 4422 1
6798 1835 1
6798 2987 1
6798 4438 1
6803 436 1
6804 985 1
6804 4339 1
6804 3010 1
6804 2730 1
6804 3831 1
6804 1135 1
6804 1759 1
6804 1326 1
6804 926 1
6804 2707 1
6804 1775 1
6804 2822 1
6804 1125 1
6804 4237 1
6804 1626 1
6806 1122 1
6809 2275 1
6809 3714 1
6814 1069 1
6814 4469 1
6814 4498 1
6814 3280 1
6815 380 1
6815 3154 1
6815 2295 1
6815 1594 1
6815 1357 1
6815 2181 1
6819 1667 1
6819 1203 1
6823 3450 1
6824 4496 1
6824 417 1
6824 3440 1
6825 628 1
6825 893 1
6825 161 1
6825 3507 1
6825 3281 1
6825 4478 1
6825 814 1
6825 3972 1
6825 4346 1
6826 3197 1
6831 3241 1
6832 4511 1
6832 3164 1
6832 1355 1
6832 940 1
6832 4380 1
6832 3378 1
6832 3628 1
6832 3638 1
6836 2969 1
6836 337 1
6839 2920 1
6845 4178 1
6845 1077 1
6845 2131 1
6845 540 1
6845 2469 1
6845 2299 1
6845 4723 1
6845 2612 1
6845 2152 1
6845 1540 1
6845 1 1
6845 1194 1
6846 2473 1
6846 267 1
6846 4159 1
6846 328 1
6848 3072 1
6848 3925 1
6848 1295 1
6848 378 1
6848 748 1
6848 221 1
6848 3998 1
6848 2333 1
6850 3281 1
6854 3291 1
6854 3267 1
6861 337 1
6862 436 1
6862 522 1
6862 4467 1
6862 3516 1
6862 671 1
6862 3175 1
6863 1540 1
6864 419 1
6864 1780 1
6864 2105 1
6864 3663 1
6864 378 1
6864 464 1
6864 1616 1
6865 1575 1
6869 1118 1
6871 2777 1
6880 3241 1
6881 720 1
6881 1540 1
6881 4670 1
6881 2966 1
6881 2023 1
6881 4422 1
6881 3452 1
6883 4491 1
6883 24 1
6883 3277 1
6883 3546 1
6889 4755 1
6889 2681 1
6889 1105 1
6889 947 1
6889 1540 1
6889 1588 1
6892 116 1
6893 1153 1
6893 3464 1
6897 3866 1
6898 1041 1
6898 1170 1
6898 4072 1
6898 304 1
6898 1594 1
6898 3569 1
6898 4138 1
6898 769 1
6898 535 1
6898 1596 1
6898 2763 1
6898 2536 1
6898 3567 1
6906 1646 1
6906 4462 1
6908 1236 1
6908 3520 1
6909 4550 1
6909 3109 1
6909 2577 1
6909 1309 1
6909 2251 1
6909 3382 1
6909 1763 1
6909 4755 1
6909 3469 1
6909 3070 1
6909 1439 1
6909 420 1
6909 2956 1
6909 4449 1
6909 3667 1
6909 3246 1
6909 223 1
6910 282 1
6914 4459 1
6915 893 1
6916 842 1
6916 4097 1
6918 3196 1
6920 423 1
6920 1933 1
6920 4021 1
6920 419 1
6920 3537 1
6920 3904 1
6920 708 1
6920 4173 1
6920 2866 1
6922 1122 1
6922 162 1
6922 2824 1
6922 2595 1
6922 4072 1
6922 2382 1
6922 1610 1
6922 60 1
6922 653 1
6922 420 1
6929 436 1
6929 3507 1
6929 535 1
6930 3824 1
6933 132 1
6933 2308 1
6933 27 1
6934 1952 1
6936 1117 1
6936 4436 1
6940 838 1
6941 2577 1
6942 3197 1
6944 2606 1
6946 419 1
6951 3963 1
6954 3214 1
6954 4684 1
6954 4268 1
6954 3094 1
6955 419 1
6959 1594 1
6967 4001 1
6967 2873 1
6972 3066 1
6972 3787 1
6972 2540 1
6972 2118 1
6972 399 1
6972 3370 1
6972 205 1
6972 221 1
6972 3399 1
6972 2660 1
6972 436 1
6972 1540 1
6979 4380 1
6980 1954 1
6982 1759 1
6982 2978 1
6984 821 1
6984 2251 1
6989 3035 1
6989 3613 1
6989 311 1
6989 4332 1
6989 4478 1
6989 949 1
6989 2542 1
6989 1116 1
6989 4235 1
6992 4401 1
6994 3909 1
6994 3382 1
6994 4080 1
6997 3274 1
6998 3075 1
7000 2740 1
7002 2783 1
7002 4423 1
7007 3795 1
7008 3453 1
7010 3164 1
7010 2092 1
7010 2763 1
7013 4700 1
7013 1621 1
7013 1348 1
7013 2920 1
7014 1566 1
7014 2577 1
7014 765 1
7014 3241 1
7015 3491 1
7015 501 1
7015 2681 1
7015 2382 1
7017 4039 1
7017 3196 1
7017 3246 1
7017 229 1
7018 362 1
7023 4401 1
7023 3595 1
7023 3241 1
7025 405 1
7025 275 1
7025 375 1
7025 27 1
7033 4086 1
7033 1181 1
7033 419 1
7033 2059 1
7034 4264 1
7034 3092 1
7036 3205 1
7037 893 1
7038 1503 1
7041 3669 1
7041 893 1
7041 1243 1
7041 714 1
7041 4542 1
7041 27 1
7041 1734 1
7041 1835 1
7041 4548 1
7041 189 1
7041 3507 1
7041 2577 1
7043 4233 1
7043 3360 1
7043 132 1
7043 4309 1
7043 1540 1
7043 4303 1
7043 4091 1
7045 2577 1
7050 2655 1
7053 2577 1
7056 3467 1
7057 3281 1
7062 1757 1
7064 3547 1
7064 1847 1
7065 421 1
7066 27 1
7066 208 1
7066 1494 1
7068 1309 1
7068 1348 1
7068 3450 1
7068 4086 1
7068 3092 1
7068 4744 1
7068 2804 1
7068 542 1
7068 3569 1
7068 959 1
7068 1902 1
7068 2577 1
7068 399 1
7068 27 1
7068 2305 1
7068 760 1
7068 1139 1
7068 2883 1
7068 604 1
7078 421 1
7078 3507 1
7078 3300 1
7082 4216 1
7084 1600 1
7084 4519 1
7084 46 1
7084 4122 1
7085 2147 1
7088 844 1
7088 350 1
7088 24 1
7088 157 1
7088 4122 1
7088 3267 1
7088 3714 1
7088 671 1
7088 2612 1
7088 1521 1
7088 2299 1
7088 4548 1
7088 2881 1
7088 1958 1
7092 4036 1
7092 762 1
7092 1306 1
7092 2219 1
7092 1773 1
7092 2092 1
7092 291 1
7092 4000 1
7092 3696 1
7092 920 1
7092 2615 1
7092 1646 1
7092 4401 1
7098 1540 1
7098 1238 1
7099 1568 1
7099 3829 1
7099 2822 1
7099 3882 1
7099 4363 1
7099 3367 1
7099 4024 1
7099 4367 1
7099 1163 1
7099 3687 1
7099 2419 1
7099 3467 1
7099 1203 1
7099 4489 1
7101 337 1
7103 3714 1
7104 3660 1
7104 1224 1
7108 4422 1
7118 4366 1
7118 4642 1
7118 3154 1
7118 3615 1
7118 222 1
7118 3450 1
7118 1790 1
7120 3967 1
7126 48 1
7126 2305 1
7126 686 1
7126 1540 1
7126 1348 1
7127 1540 1
7132 2639 1
7132 3866 1
7132 1077 1
7134 4122 1
7134 1203 1
7134 2789 1
7134 3972 1
7134 628 1
7134 3246 1
7134 2736 1
7134 2159 1
7135 2748 1
7135 3197 1
7136 275 1
7136 3767 1
7141 1122 1
7142 4627 1
7142 3464 1
7142 2159 1
7142 1408 1
7142 2357 1
7142 1873 1
7142 1544 1
7142 2881 1
7146 378 1
7147 2358 1
7147 2763 1
7148 4738 1
7149 1115 1
7149 4659 1
7149 3450 1
7149 3537 1
7149 4045 1
7149 3800 1
7151 1540 1
7151 3534 1
7152 1935 1
7153 4123 1
7153 1759 1
7161 3564 1
7161 208 1
7161 977 1
7166 838 1
7167 2929 1
7167 2577 1
7167 2023 1
7167 3859 1
7170 2153 1
7170 2131 1
7170 3837 1
7170 3450 1
7170 3300 1
7170 4159 1
7170 1067 1
7170 1902 1
7170 1835 1
7170 906 1
7170 3197 1
7170 3714 1
7170 2382 1
7170 4519 1
7170 3135 1
7170 2850 1
7170 2159 1
7170 4444 1
7170 24 1
7170 2105 1
7172 4171 1
7172 1726 1
7172 3116 1
7172 4589 1
7172 815 1
7172 2354 1
7172 1108 1
7172 632 1
7172 3298 1
7172 4189 1
7172 4659 1
7172 1006 1
7172 330 1
7178 3569 1
7180 2362 1
7180 3999 1
7182 893 1
7184 757 1
7185 2234 1
7186 1105 1
7189 4408 1
7189 423 1
7189 404 1
7189 307 1
7189 2484 1
7189 3452 1
7189 760 1
7189 1952 1
7189 4664 1
7190 2536 1
7192 4465 1
7192 2092 1
7195 1499 1
7195 1139 1
7195 1283 1
7195 1686 1
7195 2517 1
7195 4744 1
7199 4542 1
7199 24 1
7202 3866 1
7202 359 1
7202 3556 1
7202 3241 1
7202 40 1
7202 1540 1
7203 1862 1
7203 217 1
7203 2655 1
7203 2612 1
7205 3534 1
7208 1122 1
7208 2092 1
7209 2026 1
7212 1945 1
7212 1954 1
7212 1502 1
7212 3401 1
7215 3978 1
7216 1578 1
7220 4302 1
7220 4072 1
7222 2251 1
7224 4475 1
7224 2763 1
7227 4159 1
7227 2293 1
7229 247 1
7240 1544 1
7240 959 1
7240 1892 1
7240 3246 1
7240 816 1
7240 3418 1
7240 2789 1
7240 3447 1
7240 359 1
7240 4511 1
7240 2041 1
7240 4430 1
7240 838 1
7243 4584 1
7243 1835 1
7243 456 1
7243 2219 1
7243 2342 1
7243 239 1
7243 4738 1
7243 2173 1
7243 2382 1
7243 24 1
7243 1699 1
7243 242 1
7243 2187 1
7243 3713 1
7243 2921 1
7243 3866 1
7243 2092 1
7243 1077 1
7243 2577 1
7243 522 1
7245 2577 1
7245 4029 1
7245 1540 1
7245 522 1
7247 378 1
7248 4028 1
7248 1505 1
7248 2748 1
7248 3762 1
7248 535 1
7248 1886 1
7248 4422 1
7248 2059 1
7248 3569 1
7248 2647 1
7248 2956 1
7248 800 1
7249 4422 1
7256 451 1
7256 1773 1
7256 4308 1
7256 1285 1
7256 3197 1
7256 2522 1
7256 3308 1
7256 3593 1
7256 4405 1
7256 933 1
7256 78 1
7256 1309 1
7256 3018 1
7256 1502 1
7256 103 1
7256 3456 1
7256 2164 1
7256 4678 1
7256 3152 1
7256 1760 1
7258 1773 1
7260 4546 1
7260 742 1
7260 2131 1
7260 985 1
7260 1589 1
7260 1945 1
7260 3999 1
7261 3824 1
7263 4055 1
7265 997 1
7265 1596 1
7266 2092 1
7271 2251 1
7271 3912 1
7275 616 1
7277 1122 1
7277 3429 1
7277 421 1
7277 258 1
7277 27 1
7277 1996 1
7277 1763 1
7277 3385 1
7277 3291 1
7281 421 1
7281 1540 1
7281 3254 1
7285 2705 1
7285 2131 1
7285 671 1
7285 4023 1
7285 4104 1
7285 2275 1
7285 4562 1
7285 3718 1
7285 1348 1
7285 1578 1
7285 3713 1
7285 118 1
7285 3241 1
7285 24 1
7285 3507 1
7285 1954 1
7285 2362 1
7285 1824 1
7285 2039 1
7285 1224 1
7286 4122 1
7286 1542 1
7286 1540 1
7286 2660 1
7286 893 1
7286 4579 1
7290 2092 1
7291 4379 1
7293 893 1
7293 1619 1
7293 3411 1
7293 1850 1
7297 790 1
7298 4000 1
7299 1540 1
7301 4423 1
7301 4523 1
7301 3293 1
7301 1404 1
7301 4178 1
7301 1464 1
7301 2580 1
7301 3011 1
7301 3866 1
7301 842 1
7304 4422 1
7308 1029 1
7309 3694 1
7309 1118 1
7309 1746 1
7309 3120 1
7309 1775 1
7312 3753 1
7313 2039 1
7314 3196 1
7314 3866 1
7316 2365 1
7316 3154 1
7316 816 1
7316 161 1
7317 4738 1
7317 3520 1
7318 734 1
7319 3401 1
7319 4696 1
7319 3456 1
7319 2474 1
7319 1857 1
7319 1619 1
7319 1722 1
7319 330 1
7319 3656 1
7319 3373 1
7319 2321 1
7319 2311 1
7319 33 1
7319 3320 1
7319 3009 1
7324 2393 1
7326 4422 1
7335 971 1
7335 4521 1
7336 2782 1
7336 1578 1
7336 1610 1
7336 2577 1
7336 4422 1
7336 3378 1
7336 3866 1
7336 2358 1
7336 4670 1
7336 4548 1
7340 2474 1
7345 1540 1
7345 398 1
7345 2484 1
7346 2748 1
7350 4465 1
7350 189 1
7351 1578 1
7353 4548 1
7353 429 1
7354 2577 1
7355 4485 1
7357 1507 1
7357 2159 1
7357 1853 1
7357 3450 1
7357 4092 1
7357 2310 1
7357 421 1
7357 3841 1
7357 2307 1
7357 3713 1
7357 1635 1
7357 4024 1
7357 1880 1
7357 1902 1
7357 4558 1
7357 3829 1
7357 12 1
7357 2180 1
7357 3571 1
7357 78 1
7360 1499 1
7360 3562 1
7360 4367 1
7360 3196 1
7360 1476 1
7360 2577 1
7360 3569 1
7360 2159 1
7361 146 1
7361 997 1
7363 2039 1
7367 2908 1
7368 3173 1
7368 3011 1
7369 1348 1
7369 2822 1
7380 405 1
7380 3897 1
7381 3631 1
7381 2498 1
7381 109 1
7381 542 1
7383 242 1
7383 4542 1
7383 4068 1
7384 2577 1
7385 4072 1
7385 2092 1
7385 3740 1
7386 330 1
7388 1950 1
7390 1179 1
7398 595 1
7400 1800 1
7400 24 1
7400 3534 1
7400 4548 1
7400 3378 1
7401 1578 1
7403 790 1
7403 2131 1
7403 2205 1
7403 4040 1
7403 3740 1
7403 4009 1
7404 1601 1
7406 4553 1
7406 282 1
7406 2577 1
7406 768 1
7411 914 1
7411 2174 1
7411 4301 1
7411 322 1
7412 402 1
7412 2159 1
7412 893 1
7412 2695 1
7413 1596 1
7413 2484 1
7413 1703 1
7413 2763 1
7413 4467 1
7415 422 1
7415 2484 1
7415 1841 1
7415 1763 1
7415 475 1
7415 945 1
7415 1492 1
7415 2531 1
7415 977 1
7415 2382 1
7415 4744 1
7423 4589 1
7426 893 1
7431 1135 1
7435 3972 1
7435 4113 1
7435 893 1
7435 2484 1
7436 3972 1
7436 3567 1
7436 3562 1
7438 4380 1
7442 1105 1
7442 757 1
7442 3382 1
7442 3374 1
7442 3615 1
7442 4426 1
7442 46 1
7442 3024 1
7442 1624 1
7442 2624 1
7442 2270 1
7442 569 1
7442 3241 1
7442 3936 1
7442 3216 1
7442 3534 1
7442 1419 1
7442 224 1
7443 1373 1
7445 4022 1
7448 2092 1
7448 2484 1
7448 3507 1
7449 4589 1
7449 113 1
7449 3693 1
7449 4553 1
7449 4735 1
7449 27 1
7451 2041 1
7452 4744 1
7453 1578 1
7454 3562 1
7454 3279 1
7454 4001 1
7454 2644 1
7454 2578 1
7454 3911 1
7454 1224 1
7454 4748 1
7454 3373 1
7454 4543 1
7454 4113 1
7456 3534 1
7463 765 1
7465 3866 1
7468 3241 1
7471 2352 1
7471 4407 1
7471 3505 1
7471 1860 1
7471 4266 1
7471 2678 1
7471 3001 1
7471 3196 1
7472 2039 1
7472 1077 1
7472 4422 1
7472 3507 1
7473 2974 1
7474 1610 1
7474 2299 1
7474 2342 1
7474 37 1
7474 720 1
7477 4054 1
7477 2748 1
7477 1835 1
7477 2251 1
7477 4467 1
7477 1135 1
7478 2494 1
7479 3452 1
7483 1806 1
7490 2474 1
7490 3378 1
7490 2469 1
7491 3046 1
7491 4589 1
7491 3433 1
7491 833 1
7491 350 1
7491 4735 1
7493 3866 1
7493 4000 1
7493 3871 1
7494 1077 1
7494 1945 1
7494 1566 1
7494 3401 1
7494 1857 1
7494 4632 1
7494 2395 1
7494 3871 1
7494 2578 1
7494 4636 1
7494 3114 1
7495 1169 1
7499 3106 1
7503 3399 1
7506 1610 1
7508 2251 1
7512 1503 1
7512 1355 1
7518 3233 1
7518 3787 1
7520 2770 1
7520 3967 1
7520 4068 1
7520 2920 1
7520 1540 1
7520 274 1
7520 3698 1
7520 4380 1
7520 1505 1
7520 1969 1
7520 2173 1
7520 2966 1
7520 4670 1
7520 3638 1
7520 2073 1
7520 3714 1
7521 2730 1
7521 2474 1
7526 3373 1
7526 522 1
7530 3385 1
7530 3544 1
7530 2153 1
7530 2484 1
7530 3461 1
7530 2577 1
7531 2092 1
7532 1466 1
7532 3419 1
7532 1759 1
7532 1283 1
7539 4523 1
7539 3638 1
7539 4423 1
7539 1945 1
7544 1540 1
7546 378 1
7547 3274 1
7547 3241 1
7547 1105 1
7547 3615 1
7547 1355 1
7547 2131 1
7547 4009 1
7547 3871 1
7547 1566 1
7547 2998 1
7547 1 1
7547 2770 1
7547 4562 1
7547 3638 1
7547 3963 1
7549 4416 1
7552 1646 1
7552 3175 1
7552 1139 1
7552 1739 1
7552 4449 1
7552 2883 1
7554 350 1
7561 375 1
7561 1122 1
7562 2996 1
7564 838 1
7564 378 1
7564 1072 1
7564 225 1
7566 4114 1
7572 4744 1
7573 3507 1
7574 24 1
7574 3373 1
7574 2850 1
7576 1540 1
7578 27 1
7578 1780 1
7580 3241 1
7582 4467 1
7582 3233 1
7582 417 1
7582 628 1
7582 2148 1
7582 3795 1
7584 3615 1
7586 2578 1
7586 2402 1
7586 1077 1
7590 4250 1
7590 63 1
7590 4557 1
7590 3246 1
7590 3145 1
7590 3159 1
7593 3507 1
7595 1505 1
7595 1621 1
7595 417 1
7595 3569 1
7597 3401 1
7599 3714 1
7599 4346 1
7599 2029 1
7599 4548 1
7599 1077 1
7599 4401 1
7599 2430 1
7599 576 1
7599 3972 1
7599 2180 1
7599 2981 1
7599 1203 1
7604 3399 1
7607 326 1
7611 1236 1
7619 1883 1
7621 546 1
7623 1566 1
7623 417 1
7623 290 1
7623 1270 1
7623 2148 1
7623 2018 1
7623 1179 1
7623 256 1
7631 3999 1
7633 658 1
7633 4422 1
7636 2382 1
7638 3567 1
7639 4182 1
7639 4273 1
7639 1014 1
7639 2577 1
7640 2748 1
7642 557 1
7642 3667 1
7642 1540 1
7642 3450 1
7642 358 1
7642 3821 1
7642 247 1
7642 1954 1
7644 3197 1
7644 2039 1
7644 3300 1
7644 3018 1
7644 1540 1
7644 753 1
7644 3281 1
7644 1610 1
7644 2730 1
7644 3972 1
7644 4519 1
7644 4401 1
7644 2131 1
7649 436 1
7650 3154 1
7650 2577 1
7650 3534 1
7650 4706 1
7651 2092 1
7651 3539 1
7651 1936 1
7651 1748 1
7651 3667 1
7651 838 1
7651 4141 1
7651 3811 1
7652 1870 1
7652 468 1
7652 1095 1
7652 4306 1
7652 4491 1
7652 1374 1
7652 1286 1
7652 1646 1
7652 3353 1
7652 4465 1
7652 3983 1
7652 1598 1
7652 4467 1
7652 4748 1
7653 330 1
7654 2763 1
7654 1945 1
7654 2474 1
7655 3831 1
7656 3154 1
7656 671 1
7656 1324 1
7670 1451 1
7671 1610 1
7672 3291 1
7674 4401 1
7680 3053 1
7685 3533 1
7687 4511 1
7687 1945 1
7691 1077 1
7691 2747 1
7691 4148 1
7691 67 1
7695 3399 1
7699 802 1
7701 1540 1
7704 633 1
7706 2117 1
7707 3669 1
7707 3154 1
7707 4670 1
7707 1588 1
7707 616 1
7707 1540 1
7707 2816 1
7707 4519 1
7707 2577 1
7707 1273 1
7707 3999 1
7707 4246 1
7707 1600 1
7707 1624 1
7708 1805 1
7709 4401 1
7710 3667 1
7712 378 1
7712 3291 1
7712 861 1
7712 4001 1
7716 2382 1
7716 3983 1
7716 842 1
7718 295 1
7719 4751 1
7719 3507 1
7719 3291 1
7722 2382 1
7722 821 1
7724 4039 1
7732 2956 1
7732 997 1
7732 1835 1
7732 2573 1
7734 1835 1
7735 4021 1
7735 2136 1
7735 4528 1
7735 3135 1
7735 2565 1
7735 350 1
7735 2239 1
7735 2835 1
7735 1105 1
7737 1578 1
7737 2577 1
7738 1540 1
7740 1945 1
7741 2536 1
7741 1007 1
7741 821 1
7741 1835 1
7741 4370 1
7741 2643 1
7741 3135 1
7741 4751 1
7741 3561 1
7741 2101 1
7741 4059 1
7741 3866 1
7741 3197 1
7741 3669 1
7741 3329 1
7741 1179 1
7742 2251 1
7746 378 1
7746 874 1
7746 2791 1
7746 1117 1
7753 4223 1
7754 4122 1
7756 4523 1
7756 3660 1
7756 2223 1
7756 1575 1
7756 375 1
7756 989 1
7756 3667 1
7756 1732 1
7756 291 1
7756 4423 1
7756 3534 1
7756 1127 1
7758 4763 1
7758 1179 1
7766 2148 1
7768 4422 1
7769 295 1
7774 4306 1
7774 930 1
7778 1968 1
7778 1540 1
7780 350 1
7781 2044 1
7782 161 1
7785 3241 1
7785 4422 1
7785 4401 1
7785 4548 1
7786 1773 1
7786 1610 1
7786 487 1
7786 4422 1
7786 1686 1
7790 3795 1
7793 375 1
7795 1241 1
7796 4670 1
7798 3267 1
7798 838 1
7807 893 1
7808 2340 1
7810 568 1
7810 1855 1
7815 1754 1
7815 893 1
7818 4475 1
7819 842 1
7819 1077 1
7819 4422 1
7819 857 1
7820 4020 1
7822 3274 1
7822 4068 1
7822 4523 1
7822 4004 1
7822 3241 1
7822 4206 1
7822 4401 1
7822 2530 1
7825 242 1
7825 1891 1
7825 1879 1
7825 3866 1
7825 4480 1
7830 1773 1
7832 1505 1
7834 2853 1
7834 807 1
7834 3329 1
7843 1857 1
7843 1293 1
7843 1355 1
7843 3233 1
7844 3967 1
7845 3268 1
7845 3824 1
7845 3339 1
7845 1624 1
7845 930 1
7845 3411 1
7845 4744 1
7845 3378 1
7845 788 1
7845 2993 1
7845 1983 1
7851 1540 1
7851 43 1
7851 146 1
7851 1104 1
7851 3948 1
7851 2518 1
7854 4548 1
7855 1763 1
7856 2305 1
7857 3241 1
7857 1954 1
7857 3566 1
7858 4054 1
7858 3197 1
7858 2313 1
7858 1249 1
7858 3489 1
7858 3154 1
7858 4339 1
7858 375 1
7858 1122 1
7858 2730 1
7858 2173 1
7858 1105 1
7859 3507 1
7865 539 1
7866 1954 1
7867 4422 1
7868 3653 1
7870 2960 1
7870 57 1
7870 3352 1
7870 4000 1
7871 3901 1
7871 1835 1
7871 2730 1
7871 3443 1
7871 3489 1
7871 3567 1
7871 4523 1
7871 2612 1
7871 8 1
7871 3450 1
7871 4160 1
7871 2382 1
7871 4080 1
7871 2577 1
7871 2948 1
7871 2586 1
7871 1566 1
7871 4135 1
7872 3711 1
7872 4122 1
7872 1721 1
7874 2153 1
7875 3795 1
7875 4744 1
7875 2311 1
7878 2118 1
7878 2677 1
7879 1499 1
7879 350 1
7879 2159 1
7879 3011 1
7879 947 1
7879 1139 1
7881 24 1
7881 3562 1
7882 2059 1
7882 1203 1
7883 2126 1
7884 3210 1
7884 3009 1
7884 1892 1
7884 4496 1
7884 997 1
7884 3544 1
7884 4335 1
7884 1635 1
7884 1872 1
7884 4072 1
7884 4339 1
7884 3934 1
7884 952 1
7884 3411 1
7884 3944 1
7884 1285 1
7884 362 1
7884 3196 1
7884 3871 1
7884 3667 1
7892 421 1
7893 3921 1
7896 1566 1
7896 4422 1
7896 3534 1
7896 869 1
7896 1118 1
7896 1945 1
7897 1324 1
7897 2735 1
7900 4107 1
7900 4542 1
7900 4009 1
7900 2079 1
7900 3241 1
7900 2842 1
7900 947 1
7902 3197 1
7904 3482 1
7904 3011 1
7904 865 1
7904 649 1
7904 2149 1
7904 1902 1
7904 2881 1
7904 4511 1
7904 352 1
7904 4308 1
7904 3999 1
7904 1071 1
7904 893 1
7904 4273 1
7904 3534 1
7904 1752 1
7905 2058 1
7907 4423 1
7908 4031 1
7914 2273 1
7918 1566 1
7918 417 1
7918 3824 1
7918 2987 1
7923 402 1
7925 3376 1
7925 359 1
7925 759 1
7925 95 1
7926 24 1
7926 4744 1
7926 4422 1
7926 2846 1
7928 3900 1
7928 2730 1
7928 1018 1
7928 985 1
7928 4021 1
7934 1236 1
7935 1610 1
7935 4594 1
7935 2577 1
7935 816 1
7935 1902 1
7935 790 1
7937 2564 1
7937 4306 1
7937 4114 1
7937 1309 1
7937 1550 1
7937 2059 1
7937 4449 1
7937 3197 1
7937 732 1
7937 816 1
7937 2136 1
7938 1013 1
7938 152 1
7938 3522 1
7938 223 1
7938 2697 1
7938 2920 1
7938 1610 1
7938 3235 1
7939 4115 1
7940 1505 1
7941 4213 1
7943 2847 1
7944 3197 1
7952 838 1
7953 3077 1
7963 1889 1
7963 1096 1
7963 1984 1
7966 24 1
7966 4659 1
7971 3155 1
7973 1139 1
7973 4751 1
7973 3135 1
7973 3543 1
7973 4024 1
7973 1835 1
7973 2151 1
7973 2987 1
7973 3866 1
7973 2105 1
7973 4345 1
7973 1902 1
7973 2305 1
7973 247 1
7973 2153 1
7973 3267 1
7973 857 1
7973 378 1
7973 790 1
7975 1605 1
7975 3450 1
7975 132 1
7975 2693 1
7975 2382 1
7975 535 1
7978 3569 1
7978 3739 1
7978 2577 1
7979 1118 1
7979 324 1
7979 3452 1
7979 2362 1
7979 950 1
7979 2956 1
7982 893 1
7984 4406 1
7985 324 1
7988 4548 1
7988 3566 1
7988 3401 1
7989 3238 1
7989 760 1
7989 2132 1
7989 1540 1
7989 208 1
7989 4309 1
7991 1271 1
7992 3921 1
7992 2577 1
7992 1540 1
7996 1763 1
8000 1610 1
8000 1835 1
8000 2092 1
8002 2579 1
8002 3197 1
8002 2117 1
8004 3871 1
8006 1594 1
8009 1196 1
8011 2577 1
8018 3438 1
8021 4306 1
8021 1824 1
8021 1348 1
8021 1139 1
8021 2251 1
8021 3613 1
8021 1610 1
8022 3464 1
8022 1113 1
8022 3841 1
8024 930 1
8024 1224 1
8024 24 1
8024 421 1
8024 790 1
8024 3740 1
8024 893 1
8024 1071 1
8024 4401 1
8024 2148 1
8026 322 1
8027 1744 1
8027 2920 1
8027 3410 1
8027 540 1
8032 2777 1
8032 1168 1
8032 95 1
8032 783 1
8032 417 1
8035 1759 1
8035 4320 1
8035 4116 1
8035 1203 1
8035 1835 1
8035 3198 1
8035 790 1
8035 3800 1
8036 1540 1
8036 3401 1
8036 3669 1
8036 274 1
8036 1953 1
8036 1071 1
8036 2299 1
8036 4548 1
